{"type": "FeatureCollection", "features": [
{"id":"8c0b0c25-c182-4f8c-8161-006663dacbbf","type":"Feature","geometry":{"type":"LineString","coordinates":[[126.8726811,37.4101737],[126.8777293,37.410741],[126.8789524,37.4113589],[126.8794888,37.4118276],[126.8803793,37.413027],[126.8825984,37.4170329],[126.8838186,37.4192676],[126.8846788,37.421076],[126.8850836,37.4222307],[126.8854293,37.423776],[126.8862839,37.4250767],[126.8877207,37.4259381],[126.889111,37.4264421],[126.8902877,37.4267017],[126.8923363,37.4269548],[126.8945284,37.4268207],[126.8968685,37.4258843],[126.8995282,37.4241855],[126.9011996,37.4226469],[126.9021966,37.4214489],[126.9032291,37.4202576],[126.9040451,37.4193981],[126.9048682,37.4186481],[126.90608,37.4174856],[126.9070033,37.4163032],[126.9087876,37.4141401],[126.9128031,37.4094201],[126.9155505,37.4060231],[126.9213935,37.3989718],[126.9223929,37.3976199],[126.9237077,37.3966828],[126.9249093,37.3960606],[126.9258393,37.3958169],[126.9270242,37.3957911],[126.9278287,37.3958128],[126.9285678,37.3959353],[126.9331168,37.398478],[126.9344097,37.3989323],[126.935802,37.3989817],[126.9437709,37.3990212],[126.9483831,37.4012236],[126.9502354,37.4018951],[126.9595593,37.4036332],[126.9668941,37.4047887],[126.9705864,37.4049467],[126.9722647,37.4048381],[126.9723483,37.4047931],[126.9749997,37.4033666],[126.9773393,37.4016275],[126.9803848,37.398705],[126.986004,37.3944088],[126.9877337,37.3926715],[126.9893481,37.3916234],[126.9932616,37.3899241],[127.0010809,37.3883357],[127.0057661,37.3878471],[127.010265,37.3876629],[127.017864,37.3878647],[127.0217993,37.3882319],[127.0288458,37.3883903],[127.0358941,37.3887365],[127.042413,37.3887727],[127.0499704,37.3893985],[127.054794,37.3900378],[127.0638277,37.3913335],[127.0676043,37.3916199],[127.0754492,37.3918381],[127.0803587,37.3915926],[127.0823488,37.3913872],[127.0842415,37.391642],[127.0856051,37.3922558],[127.0935666,37.3948801],[127.0960442,37.3952204],[127.0993874,37.3950482],[127.1031001,37.3946619],[127.1046586,37.3947021],[127.1054583,37.3947684]]},"properties":{"names":{"primary":"경강선","common":[["zh-Hans","京江线"],["zh-Hant","京江線"],["ko","경강선"],["ja","京江線"],["en","Gyeonggang Line"],["ko-Hani","京江線"],["zh","京江線"]],"rules":[{"variant":"common","language":null,"perspectives":null,"value":"경강선","between":null,"side":null}]},"subtype":"rail","class":"unknown","connectors":[{"connector_id":"719fef15-90dc-4a7a-aa6d-84e9cbad1f97","at":0.0},{"connector_id":"c3d23d12-6583-4fd3-b0a5-9c4018bc6668","at":0.485065359},{"connector_id":"03366699-94b2-45ca-bb76-e7c1438e4258","at":1.0}],"rail_flags":[{"values":["is_tunnel","is_under_construction"],"between":null}],"level_rules":[{"value":-1,"between":null}],"sources":[{"property":"","dataset":"OpenStreetMap","license":"ODbL-1.0","record_id":"w906063250@14","update_time":"2026-07-14T19:51:08Z","confidence":null,"between":null,"provider":"osm","resource":"planet","version":"2026-08-05"}],"version":4}},
{"id":"635e4296-41ff-4f0a-a155-21abdb32a6ec","type":"Feature","geometry":{"type":"LineString","coordinates":[[127.1054948,37.394685],[127.1046833,37.3946251],[127.1031212,37.3945912],[127.0994449,37.3949209],[127.0960259,37.3951127],[127.0936203,37.3948034],[127.0856462,37.3921319],[127.0842605,37.3914991],[127.0824194,37.3912084],[127.0805861,37.3912852],[127.0757703,37.391612],[127.0728363,37.3915678],[127.0657245,37.3913543],[127.0602741,37.3906206],[127.0574896,37.3901726],[127.0546776,37.3898683],[127.0499852,37.3892453],[127.0425718,37.3886401],[127.0358937,37.3884822],[127.0288602,37.3881482],[127.0217921,37.3879443],[127.017937,37.38762],[127.0103292,37.3874675],[127.0058277,37.3877171],[127.0025128,37.3880243],[127.0005999,37.3883242],[126.995991,37.3892465],[126.9932048,37.3898365],[126.9890667,37.391575],[126.9880951,37.3920545],[126.9872473,37.3927965],[126.9857975,37.3940648],[126.9837209,37.3959664],[126.9800372,37.3986247],[126.9778034,37.4008921],[126.9769343,37.401754],[126.9754605,37.4029013],[126.9734606,37.4039172],[126.9721811,37.4045299],[126.9714759,37.4046652],[126.9701469,37.4046527],[126.9651358,37.4042815],[126.9602345,37.4033567],[126.9504944,37.4016968],[126.9503124,37.4016658],[126.9487847,37.4011203],[126.9456523,37.3994275],[126.9438751,37.3987202],[126.9405277,37.3987884],[126.9356011,37.3987338],[126.9344407,37.3987246],[126.9332584,37.3981376],[126.9332047,37.3981109],[126.9295311,37.3962016],[126.9286685,37.3957976],[126.9278221,37.3956579],[126.9269948,37.3956203],[126.9258179,37.3956911],[126.9247847,37.3959399],[126.9235863,37.3965937],[126.9221873,37.3975748],[126.9206734,37.3995973],[126.9188195,37.401752],[126.9136868,37.4077928],[126.9107514,37.4113243],[126.9068847,37.416133],[126.9059139,37.4174346],[126.9047238,37.418483],[126.9038779,37.419259],[126.9030081,37.4201267],[126.9019338,37.4213939],[126.9010307,37.4224813],[126.8992532,37.4240547],[126.8967783,37.425687],[126.8944352,37.426423],[126.8923373,37.4266685],[126.8903106,37.4263371],[126.8892254,37.4261536],[126.8879576,37.4256075],[126.8870913,37.4248621],[126.8859099,37.4226224],[126.8850813,37.4209487],[126.8841079,37.4191553],[126.8828416,37.4169341],[126.8807548,37.4128715],[126.8800434,37.4116679],[126.8797266,37.4112292],[126.8792053,37.4105075],[126.8782072,37.4100212],[126.8776405,37.4099551],[126.8728994,37.4098913]]},"properties":{"names":{"primary":"경강선","common":[["zh-Hans","京江线"],["zh-Hant","京江線"],["ko","경강선"],["ja","京江線"],["en","Gyeonggang Line"],["ko-Hani","京江線"],["zh","京江線"]],"rules":[{"variant":"common","language":null,"perspectives":null,"value":"경강선","between":null,"side":null}]},"subtype":"rail","class":"unknown","connectors":[{"connector_id":"4aa6b9d9-bec5-4c78-aacb-de485f82c3dd","at":0.0},{"connector_id":"0a4d6d8e-3ef2-46d5-8fb6-5f21a96bc7f0","at":0.595799656},{"connector_id":"b12aba52-cc57-4708-9d60-66a21c05f06c","at":1.0}],"rail_flags":[{"values":["is_tunnel","is_under_construction"],"between":null}],"level_rules":[{"value":-1,"between":null}],"sources":[{"property":"","dataset":"OpenStreetMap","license":"ODbL-1.0","record_id":"w906063249@15","update_time":"2026-07-14T19:51:08Z","confidence":null,"between":null,"provider":"osm","resource":"planet","version":"2026-08-05"}],"version":4}},
{"id":"57341ef4-9189-4b99-9920-babe70d02310","type":"Feature","geometry":{"type":"LineString","coordinates":[[127.0897631,37.4042473],[127.0890434,37.4039387],[127.0884592,37.4036678],[127.0877507,37.4033349],[127.0869369,37.4029304],[127.0860297,37.4024558],[127.0850742,37.4018947],[127.0843577,37.4014449],[127.0835788,37.4008976],[127.0823541,37.3999705],[127.0793031,37.3977429],[127.078529,37.3973753],[127.0777124,37.3970488],[127.0769722,37.3967675],[127.0762286,37.3965059],[127.075467,37.3962549],[127.0749205,37.3961124],[127.0743663,37.3959901],[127.0738181,37.3958759],[127.0734273,37.3958072],[127.0730028,37.3957407],[127.0724756,37.3956832],[127.0720763,37.3956398],[127.0718112,37.3956093],[127.0711798,37.3955522],[127.0710097,37.3955335],[127.0706747,37.3955134],[127.0701653,37.395502],[127.0697958,37.3954788],[127.0694782,37.3954894],[127.0681148,37.3954157],[127.0669737,37.395397],[127.0658111,37.3953783],[127.0649489,37.3953531],[127.0639472,37.3953451],[127.0631946,37.3953535],[127.0610281,37.3954829],[127.0594751,37.3956448],[127.0566749,37.3960966],[127.0555269,37.3962585],[127.0544755,37.3963693],[127.0536601,37.396412],[127.0527803,37.396429],[127.0515787,37.3963864],[127.0505916,37.3963097],[127.0497762,37.3961904],[127.0489501,37.3960199],[127.0479309,37.3958238],[127.0470082,37.3956789],[127.0455491,37.3954914],[127.0444333,37.3953465],[127.0427596,37.3951419],[127.041794,37.3950226],[127.0405923,37.3948521],[127.0356249,37.3943493],[127.0346378,37.3942257],[127.033801,37.3941021],[127.032433,37.3938292],[127.0313172,37.3936035],[127.0302068,37.3933903],[127.0293324,37.3932454],[127.0283776,37.3931048],[127.0275407,37.393011]]},"properties":{"names":{"primary":"수도권제1순환고속도로","common":[["zh-Hans","首都圈一环高速公路"],["zh-Hant","首都圈一環高速公路"],["ko","수도권제1순환고속도로"],["el","Αυτοκινητόδρομος Σούντοκουον Τζε 1(ιλ) Σούνχουαν"],["en","Sudogwon Je1sunhwan Expressway"],["ko-Latn","Sudogwonjeilsunhwangosokdoro"],["ko-Hani","首都圈第一循環高速道路"],["zh","首都圈一環高速公路"]],"rules":[{"variant":"common","language":null,"perspectives":null,"value":"수도권제1순환고속도로","between":null,"side":null},{"variant":"alternate","language":"en","perspectives":null,"value":"The 1st Capital Region Ring Expressway","between":[0.0,0.283385595],"side":null}]},"subtype":"road","class":"motorway","connectors":[{"connector_id":"d430af05-3fd1-401d-ac5e-36fe7585a500","at":0.0},{"connector_id":"0aa6b17b-83b7-44f9-b429-4267a24af2ba","at":1.0}],"road_surface":[{"value":"paved","between":null}],"road_flags":[{"values":["is_bridge"],"between":[0.283385595,0.358146461]},{"values":["is_tunnel"],"between":[0.799316526,0.875040638]}],"level_rules":[{"value":1,"between":[0.283385595,0.358146461]},{"value":-1,"between":[0.799316526,1.0]}],"access_restrictions":[{"access_type":"denied","when":{"during":null,"heading":"backward","using":null,"recognized":null,"mode":null,"vehicle":null},"between":null}],"speed_limits":[{"min_speed":{"value":50,"unit":"km/h"},"max_speed":{"value":100,"unit":"km/h"},"is_max_speed_variable":null,"when":null,"between":null},{"min_speed":null,"max_speed":{"value":80,"unit":"km/h"},"is_max_speed_variable":null,"when":{"during":null,"heading":null,"using":null,"recognized":null,"mode":["hgv"],"vehicle":null},"between":[0.875040638,1.0]}],"routes":[{"name":"고속국도 수도권제1순환선","network":"KR:expressway","ref":"100","symbol":null,"wikidata":"Q482928","between":null}],"sources":[{"property":"/routes","dataset":"OpenStreetMap","license":"ODbL-1.0","record_id":"r4424719@87","update_time":null,"confidence":null,"between":null,"provider":"osm","resource":"planet","version":"2026-08-05"},{"property":"","dataset":"OpenStreetMap","license":"ODbL-1.0","record_id":"w59242897@22","update_time":"2026-07-09T00:35:54Z","confidence":null,"between":[0.0,0.283385595],"provider":"osm","resource":"planet","version":"2026-08-05"},{"property":"","dataset":"OpenStreetMap","license":"ODbL-1.0","record_id":"w59055714@22","update_time":"2026-07-09T00:35:49Z","confidence":null,"between":[0.283385595,0.358146461],"provider":"osm","resource":"planet","version":"2026-08-05"},{"property":"","dataset":"OpenStreetMap","license":"ODbL-1.0","record_id":"w59055769@20","update_time":"2026-07-09T00:35:37Z","confidence":null,"between":[0.358146461,0.799316526],"provider":"osm","resource":"planet","version":"2026-08-05"},{"property":"","dataset":"OpenStreetMap","license":"ODbL-1.0","record_id":"w59055756@18","update_time":"2026-07-09T00:35:35Z","confidence":null,"between":[0.799316526,0.875040638],"provider":"osm","resource":"planet","version":"2026-08-05"},{"property":"","dataset":"OpenStreetMap","license":"ODbL-1.0","record_id":"w59055750@20","update_time":"2026-07-09T00:35:28Z","confidence":null,"between":[0.875040638,1.0],"provider":"osm","resource":"planet","version":"2026-08-05"}],"version":7}},
{"id":"ab6fb68e-3c72-403a-8163-f676d4396da9","type":"Feature","geometry":{"type":"LineString","coordinates":[[127.0275416,37.3928624],[127.0278841,37.3928873],[127.0288658,37.3929982],[127.0297723,37.393155899999996],[127.0310276,37.3934073],[127.0326959,37.3936674],[127.034611,37.3938634],[127.0379101,37.3942129],[127.0405923,37.3945453],[127.0418584,37.3947072],[127.043693,37.3949118],[127.0447122,37.3950908],[127.0464074,37.3954062],[127.048006,37.3956875],[127.049154,37.3959176],[127.0500766,37.3960795],[127.0509671,37.3961818],[127.0517289,37.3962415],[127.0526945,37.3962756],[127.0535528,37.3962671],[127.0544111,37.3962244],[127.0554625,37.3961222],[127.0566427,37.3959432],[127.0594536,37.3955085],[127.0605909,37.395338],[127.0616021,37.3952592],[127.0632061,37.3951725],[127.0639384,37.3951804],[127.0646993,37.3951807],[127.0656211,37.3951918],[127.0667541,37.3952181],[127.0676252,37.395258],[127.068705,37.3952933],[127.0694595,37.3953103],[127.0699007,37.3953313],[127.0702483,37.3953436],[127.0706046,37.3953583],[127.0711271,37.3953773],[127.0714504,37.395385],[127.0717711,37.3953875],[127.0721871,37.3954198],[127.072628,37.3954609],[127.0731108,37.3955202],[127.073556,37.3955794],[127.0739895,37.3956534],[127.0744766,37.3957445],[127.0747724,37.3958158],[127.0751541,37.3959297],[127.0756813,37.3960979],[127.076476,37.3963569],[127.0771542,37.3965988],[127.0776428,37.3967919],[127.0783246,37.3970618],[127.0786744,37.3972055],[127.0790242,37.3973832],[127.0794019,37.3975853],[127.0824757,37.3998541],[127.0837259,37.4007844],[127.0844942,37.401339],[127.0851814,37.4017619],[127.0860949,37.4023101],[127.0870602,37.4028105],[127.0878395,37.4031877],[127.0885946,37.4035496]]},"properties":{"names":{"primary":"수도권제1순환고속도로","common":[["zh-Hans","首都圈一环高速公路"],["zh-Hant","首都圈一環高速公路"],["ko","수도권제1순환고속도로"],["el","Αυτοκινητόδρομος Σούντοκουον Τζε 1(ιλ) Σούνχουαν"],["en","Sudogwon Je1sunhwan Expressway"],["ko-Latn","Sudogwonjeilsunhwangosokdoro"],["ko-Hani","首都圈第一循環高速道路"],["zh","首都圈一環高速公路"]],"rules":[{"variant":"common","language":null,"perspectives":null,"value":"수도권제1순환고속도로","between":null,"side":null},{"variant":"alternate","language":"en","perspectives":null,"value":"The 1st Capital Region Ring Expressway","between":[0.732492052,1.0],"side":null}]},"subtype":"road","class":"motorway","connectors":[{"connector_id":"45c49018-ccfc-4b7a-9aab-8b0af2b28ba4","at":0.0},{"connector_id":"54309277-c31d-4e5f-9666-f6611f4be7c8","at":1.0}],"road_surface":[{"value":"paved","between":null}],"road_flags":[{"values":["is_tunnel"],"between":[0.110882711,0.204092407]},{"values":["is_bridge"],"between":[0.654450315,0.732492052]}],"level_rules":[{"value":-1,"between":[0.0,0.204092407]},{"value":1,"between":[0.654450315,0.732492052]}],"access_restrictions":[{"access_type":"denied","when":{"during":null,"heading":"backward","using":null,"recognized":null,"mode":null,"vehicle":null},"between":null}],"speed_limits":[{"min_speed":{"value":50,"unit":"km/h"},"max_speed":{"value":100,"unit":"km/h"},"is_max_speed_variable":null,"when":null,"between":null},{"min_speed":null,"max_speed":{"value":80,"unit":"km/h"},"is_max_speed_variable":null,"when":{"during":null,"heading":null,"using":null,"recognized":null,"mode":["hgv"],"vehicle":null},"between":[0.0,0.110882711]}],"routes":[{"name":"고속국도 수도권제1순환선","network":"KR:expressway","ref":"100","symbol":null,"wikidata":"Q482928","between":null}],"destinations":[{"labels":[{"value":"대전","type":"unknown"},{"value":"부산","type":"unknown"},{"value":"판교","type":"unknown"}],"symbols":null,"from_connector_id":"54309277-c31d-4e5f-9666-f6611f4be7c8","to_segment_id":"069c618f-36d7-49e8-9a48-cd3521840bfa","to_connector_id":"54309277-c31d-4e5f-9666-f6611f4be7c8","when":{"heading":"forward"},"final_heading":"forward"}],"sources":[{"property":"/routes","dataset":"OpenStreetMap","license":"ODbL-1.0","record_id":"r4424719@87","update_time":null,"confidence":null,"between":null,"provider":"osm","resource":"planet","version":"2026-08-05"},{"property":"","dataset":"OpenStreetMap","license":"ODbL-1.0","record_id":"w58858242@19","update_time":"2026-07-09T00:35:26Z","confidence":null,"between":[0.0,0.110882711],"provider":"osm","resource":"planet","version":"2026-08-05"},{"property":"","dataset":"OpenStreetMap","license":"ODbL-1.0","record_id":"w59055742@15","update_time":"2026-07-09T00:35:33Z","confidence":null,"between":[0.110882711,0.204092407],"provider":"osm","resource":"planet","version":"2026-08-05"},{"property":"","dataset":"OpenStreetMap","license":"ODbL-1.0","record_id":"w59055737@19","update_time":"2026-07-09T00:35:36Z","confidence":null,"between":[0.204092407,0.654450315],"provider":"osm","resource":"planet","version":"2026-08-05"},{"property":"","dataset":"OpenStreetMap","license":"ODbL-1.0","record_id":"w59055724@18","update_time":"2026-07-09T00:35:47Z","confidence":null,"between":[0.654450315,0.732492052],"provider":"osm","resource":"planet","version":"2026-08-05"},{"property":"","dataset":"OpenStreetMap","license":"ODbL-1.0","record_id":"w59055722@20","update_time":"2026-07-09T00:35:52Z","confidence":null,"between":[0.732492052,1.0],"provider":"osm","resource":"planet","version":"2026-08-05"}],"version":7}},
{"id":"570cb9fa-616f-4f82-849f-1fff6b201307","type":"Feature","geometry":{"type":"LineString","coordinates":[[127.0010777,37.3999128],[127.0019049,37.3996494],[127.0023334,37.399514],[127.0032338,37.3992684],[127.0039015,37.3991225],[127.0052471,37.3988477],[127.0076376,37.3984528],[127.0085932,37.3983612],[127.0102945,37.3981686],[127.0110104,37.398121],[127.0115717,37.3981125],[127.0118451,37.3981148],[127.0122626,37.3981284],[127.0140117,37.3982096],[127.0160761,37.3983871],[127.0179668,37.39865],[127.0226445,37.3993282],[127.024096,37.3994517],[127.0253376,37.3995123],[127.0271472,37.3995447],[127.028532,37.3995319],[127.0301327,37.3994348],[127.032056,37.3992536],[127.0343186,37.3989214],[127.0388851,37.3981006],[127.0437348,37.3974622],[127.0464467,37.3971974],[127.0484863,37.3970074],[127.0512646,37.3968741],[127.0536922,37.3966929],[127.0550651,37.3965148],[127.0588876,37.3960527],[127.0598484,37.3959807],[127.0604629,37.3959841],[127.0612855,37.3960155],[127.0617423,37.396047],[127.0622152,37.3960999],[127.0630827,37.3962633],[127.0640138,37.396468],[127.0651138,37.3968242],[127.0661205,37.3972454],[127.0689064,37.3985009],[127.069404,37.3987394],[127.0703655,37.3991169],[127.0717874,37.3995864],[127.0723362,37.3997246],[127.073056,37.3998728],[127.0738459,37.3999839],[127.0744247,37.4000483],[127.0752168,37.4001219],[127.0782307,37.400393],[127.0787298,37.4004339]]},"properties":{"names":{"primary":"제2경인고속도로","common":[["zh-Hant","第二京仁高速公路"],["ko","제2경인고속도로"],["el","Αυτοκινητόδρομος Τζε 2(ι) Γκιόνγιν"],["en","Je2gyeongin Expressway"],["ko-Hani","第二京仁高速道路"],["zh","第二京仁高速公路"]],"rules":[{"variant":"common","language":null,"perspectives":null,"value":"제2경인고속도로","between":null,"side":null},{"variant":"alternate","language":null,"perspectives":null,"value":"안양성남고속도로","between":null,"side":null},{"variant":"alternate","language":"en","perspectives":null,"value":"Anyang-Seongnam Expressway","between":null,"side":null},{"variant":"alternate","language":"ko","perspectives":null,"value":"안양성남고속도로","between":null,"side":null}]},"subtype":"road","class":"motorway","connectors":[{"connector_id":"d4cb1148-eab6-4042-8889-addf84d63f2d","at":0.0},{"connector_id":"9535cb01-74a9-4985-8f7b-bc9bc328a3f6","at":1.0}],"road_flags":[{"values":["is_bridge"],"between":[0.016993888,0.085824319]},{"values":["is_tunnel"],"between":[0.097926092,0.166347545]},{"values":["is_tunnel"],"between":[0.216586517,0.604835873]},{"values":["is_tunnel"],"between":[0.766813885,0.892162804]}],"level_rules":[{"value":2,"between":[0.016993888,0.085824319]},{"value":-1,"between":[0.097926092,0.166347545]},{"value":-1,"between":[0.216586517,0.604835873]},{"value":1,"between":[0.604835873,0.766813885]},{"value":-1,"between":[0.766813885,0.892162804]}],"access_restrictions":[{"access_type":"denied","when":{"during":null,"heading":"backward","using":null,"recognized":null,"mode":null,"vehicle":null},"between":null}],"speed_limits":[{"min_speed":{"value":50,"unit":"km/h"},"max_speed":{"value":100,"unit":"km/h"},"is_max_speed_variable":null,"when":null,"between":[0.0,0.892162804]},{"min_speed":{"value":30,"unit":"km/h"},"max_speed":{"value":50,"unit":"km/h"},"is_max_speed_variable":null,"when":null,"between":[0.892162804,1.0]},{"min_speed":null,"max_speed":{"value":80,"unit":"km/h"},"is_max_speed_variable":null,"when":{"during":null,"heading":null,"using":null,"recognized":null,"mode":["hgv"],"vehicle":null},"between":null}],"routes":[{"name":"고속국도 제2경인선","network":"KR:expressway","ref":"110","symbol":null,"wikidata":"Q482896","between":null}],"sources":[{"property":"/routes","dataset":"OpenStreetMap","license":"ODbL-1.0","record_id":"r6955530@54","update_time":null,"confidence":null,"between":null,"provider":"osm","resource":"planet","version":"2026-08-05"},{"property":"","dataset":"OpenStreetMap","license":"ODbL-1.0","record_id":"w511731817@15","update_time":"2026-02-15T06:40:47Z","confidence":null,"between":[0.0,0.016993888],"provider":"osm","resource":"planet","version":"2026-08-05"},{"property":"","dataset":"OpenStreetMap","license":"ODbL-1.0","record_id":"w524642784@11","update_time":"2025-12-20T08:16:39Z","confidence":null,"between":[0.016993888,0.085824319],"provider":"osm","resource":"planet","version":"2026-08-05"},{"property":"","dataset":"OpenStreetMap","license":"ODbL-1.0","record_id":"w511731819@11","update_time":"2025-12-20T08:16:39Z","confidence":null,"between":[0.085824319,0.097926092],"provider":"osm","resource":"planet","version":"2026-08-05"},{"property":"","dataset":"OpenStreetMap","license":"ODbL-1.0","record_id":"w511731767@17","update_time":"2025-12-20T08:16:39Z","confidence":null,"between":[0.097926092,0.166347545],"provider":"osm","resource":"planet","version":"2026-08-05"},{"property":"","dataset":"OpenStreetMap","license":"ODbL-1.0","record_id":"w511731812@15","update_time":"2025-12-20T08:16:39Z","confidence":null,"between":[0.166347545,0.216586517],"provider":"osm","resource":"planet","version":"2026-08-05"},{"property":"","dataset":"OpenStreetMap","license":"ODbL-1.0","record_id":"w511731808@15","update_time":"2025-12-20T08:16:39Z","confidence":null,"between":[0.216586517,0.604835873],"provider":"osm","resource":"planet","version":"2026-08-05"},{"property":"","dataset":"OpenStreetMap","license":"ODbL-1.0","record_id":"w511731807@13","update_time":"2025-12-20T08:16:39Z","confidence":null,"between":[0.604835873,0.766813885],"provider":"osm","resource":"planet","version":"2026-08-05"},{"property":"","dataset":"OpenStreetMap","license":"ODbL-1.0","record_id":"w511731798@19","update_time":"2026-07-01T09:51:13Z","confidence":null,"between":[0.766813885,0.892162804],"provider":"osm","resource":"planet","version":"2026-08-05"},{"property":"","dataset":"OpenStreetMap","license":"ODbL-1.0","record_id":"w511731790@21","update_time":"2026-07-01T09:51:13Z","confidence":null,"between":[0.892162804,1.0],"provider":"osm","resource":"planet","version":"2026-08-05"}],"version":5}},
{"id":"ceb475f1-232e-4b71-a937-860d628b84c0","type":"Feature","geometry":{"type":"LineString","coordinates":[[126.9781278,37.4093969],[126.9764557,37.4046251],[126.9763943,37.4040409],[126.9767377,37.4017754],[126.9769259,37.3996816],[126.9770127,37.3986558],[126.9770362,37.3983295],[126.9770347,37.3981085],[126.9770009,37.3978788],[126.9769521,37.3976741],[126.9765647,37.3966097],[126.9734474,37.3894112],[126.9731985,37.3887761],[126.9730474,37.3883513],[126.972961,37.3879991],[126.9729082,37.3876446],[126.972629,37.3859026],[126.9725672,37.3853097],[126.9723035,37.3824394],[126.9722611,37.3821542],[126.9721702,37.3817506],[126.9720448,37.3813878],[126.9717974,37.3808842],[126.971179,37.3798741],[126.9700201,37.3781113],[126.96725,37.3745146],[126.966705,37.3738487],[126.9660848,37.3732602],[126.9653067,37.3728339],[126.9610809,37.371181],[126.9604258,37.370847500000004],[126.9598825,37.3704809],[126.9593483,37.3699781],[126.9588573,37.3693804],[126.9584914,37.3688063],[126.9582334,37.3680035],[126.9581142,37.3673106],[126.958075,37.366713],[126.9580877,37.3662021],[126.9581299,37.3657871],[126.9582674,37.3653609],[126.9585164,37.3649386],[126.9588743,37.3645304],[126.9599736,37.3635632],[126.96728,37.3570562],[126.9677956,37.3565841],[126.9685283,37.3557913],[126.9709981,37.3531005],[126.9714261,37.3525501],[126.9717886,37.3520402],[126.9721091,37.3515283],[126.9740714,37.3479321],[126.9756844,37.3452264],[126.9778655,37.3422017],[126.9787413,37.3411114],[126.9791807,37.340453],[126.9795379,37.3398059],[126.9797571,37.3391923],[126.9799165,37.3386152],[126.9808433,37.3354887],[126.9809643,37.3351662],[126.981095,37.3348601],[126.9812517,37.3345643],[126.9836345,37.3303596],[126.9839744,37.3297738],[126.9846606,37.328645],[126.984917,37.3281994],[126.9854317,37.3273268],[126.9860065,37.3262448],[126.9862901,37.3256452],[126.9865506,37.3250386],[126.9868758,37.3242101],[126.9872118,37.3232463],[126.9874929,37.3221813],[126.9879231,37.3203898],[126.9881326,37.3191834],[126.9882131,37.3180939],[126.9883807,37.3147187],[126.9884467,37.3142803],[126.9886057,37.313773],[126.9888848,37.3131121],[126.9892839,37.3125059],[126.9898106,37.3118769],[126.9907603,37.3110391],[126.9916289,37.3105186],[126.9944844,37.3092435],[127.0018176,37.3060925],[127.0025489,37.30567],[127.0040361,37.3047382],[127.0052912,37.3039114],[127.0063333,37.303265],[127.0094952,37.3014762],[127.0101931,37.3010101],[127.0106327,37.3006642],[127.0112677,37.3001131],[127.0162978,37.2951361],[127.0166925,37.2948709],[127.0172129,37.2946801],[127.0177572,37.2945392],[127.0184417,37.294445],[127.0193507,37.2944612],[127.0210835,37.2946242],[127.022233,37.2946941],[127.022911,37.2946756],[127.0234849,37.2945882],[127.0238995,37.2944738],[127.0243764,37.2942747],[127.0283524,37.2921232],[127.028766,37.2918999],[127.0291692,37.291559],[127.0317563,37.2891034],[127.0330997,37.2877608],[127.0347941,37.2860556],[127.0358644,37.2847998],[127.0363214,37.2841831],[127.0366666,37.283581],[127.0369671,37.2828809],[127.0371022,37.2823478],[127.037147,37.281807],[127.0371828,37.2808935],[127.0372385,37.2804307],[127.0373781,37.2800217],[127.0379348,37.2785673],[127.0381427,37.2780619],[127.038382,37.2775384],[127.0386952,37.2770572],[127.0390867,37.2766138],[127.0396664,37.2762884],[127.0404536,37.2759332],[127.0428761,37.2751066],[127.044068,37.2747233],[127.0478959,37.2736032],[127.0485876,37.2734966],[127.050821,37.273484],[127.0512034,37.2734563],[127.0517396,37.2733809],[127.0521572,37.2733064],[127.052959,37.2731427],[127.0537237,37.2729264],[127.0541274,37.2727886],[127.058585,37.2710812],[127.059577,37.2706816],[127.0603548,37.2704165],[127.0609536,37.2702714],[127.0612768,37.270242],[127.0616,37.2702622],[127.0621301,37.2703599],[127.062789,37.2705693],[127.0633119,37.2708264],[127.0640517,37.2714618],[127.0643351,37.2718423],[127.0657695,37.2746707],[127.0659473,37.2749856],[127.0662174,37.2752967],[127.0665927,37.2756248],[127.0670009,37.2758627],[127.0674133,37.2760009],[127.0679641,37.2761425],[127.0686036,37.2761899],[127.0724495,37.2761559],[127.0744264,37.2761414],[127.0749793,37.2761127],[127.0755557,37.2759667],[127.0761236,37.2757143],[127.0767341,37.2753097],[127.0771949,37.2747798],[127.077535,37.274091],[127.0776561,37.2733887],[127.0776139,37.2728625],[127.0774888,37.2723196],[127.0771587,37.2717064],[127.0768204,37.2712547],[127.0763372,37.2708244],[127.0750948,37.2700231],[127.0743319,37.2694995],[127.073812,37.2690624],[127.0734385,37.2685021],[127.0731008,37.2676393],[127.0698214,37.2547751],[127.0696678,37.2541147],[127.0695957,37.2536948],[127.0695811,37.2533162],[127.0696327,37.2529732],[127.0697904,37.2525792],[127.0700201,37.2522978],[127.0703831,37.252007],[127.0746808,37.2493988],[127.0749847,37.2491686],[127.075228,37.2489198],[127.0755242,37.2485556],[127.0757899,37.248051],[127.0759298,37.2475818],[127.0759633,37.2471208],[127.075922,37.2464576],[127.0754592,37.2423224],[127.0753891,37.2416924],[127.0752761,37.2411542],[127.0751334,37.2404643],[127.0748671,37.2399611],[127.0743669,37.2393731],[127.072386,37.2372873],[127.0716778,37.2365185],[127.0710877,37.2357773],[127.0708538,37.2353699],[127.0705612,37.2346792],[127.0701848,37.2332821],[127.0699897,37.2327377],[127.0698288,37.2323267],[127.0693425,37.2311919],[127.0673917,37.2280992],[127.0668381,37.2275635],[127.0659199,37.2271247],[127.0650155,37.22695],[127.061524,37.2267498],[127.0607661,37.2266589],[127.0603883,37.2265259],[127.0599903,37.2262958],[127.0596734,37.2260284],[127.0591829,37.2250864],[127.0585084,37.2235535],[127.0578341,37.2221869],[127.0576345,37.2217894],[127.0574565,37.2215277],[127.0570989,37.2211393],[127.0566566,37.2206721],[127.0561476,37.2202584],[127.0553917,37.2195895],[127.0547357,37.2191692],[127.0539752,37.2187069],[127.0533504,37.2184264],[127.0523772,37.2180906],[127.0518604,37.2178624],[127.0514722,37.2175663],[127.0512963,37.2173232],[127.0511391,37.2169651],[127.0510783,37.216684],[127.0510451,37.216356],[127.0510429,37.2158586],[127.0511206,37.2153516],[127.0514486,37.2147683],[127.0524911,37.2134203],[127.052916,37.2129687],[127.0534408,37.2126411],[127.0563172,37.2114675],[127.057542,37.2109081],[127.0650085,37.2072662],[127.0663095,37.2068586],[127.0684272,37.2062227],[127.0706979,37.2055396],[127.0741148,37.2045834],[127.0773281,37.2038592],[127.083313,37.2024575],[127.0866834,37.201926],[127.088368,37.2015417],[127.0932368,37.2014799],[127.0958763,37.2014602],[127.0985945,37.2014245]]},"properties":{"names":{"primary":"동탄인덕원선","common":[["zh-Hans","东滩仁德院线"],["zh-Hant","東灘仁德院線"],["ko","동탄인덕원선"],["ja","東灘仁徳院線"],["en","Dongtan-Indeogwon Line"],["ko-Hani","東灘仁德院線"],["zh","東灘仁德院線"]],"rules":[{"variant":"common","language":null,"perspectives":null,"value":"동탄인덕원선","between":null,"side":null},{"variant":"alternate","language":null,"perspectives":null,"value":"인덕원동탄선","between":null,"side":null},{"variant":"alternate","language":"en","perspectives":null,"value":"Indeogwon-Dongtan Line","between":null,"side":null}]},"subtype":"rail","class":"unknown","connectors":[{"connector_id":"f430d3c2-69b2-4b19-aaae-8722599aec13","at":0.0},{"connector_id":"31fb3615-e777-474c-be00-930cec43950c","at":1.0}],"rail_flags":[{"values":["is_tunnel","is_under_construction"],"between":null}],"level_rules":[{"value":-3,"between":[0.0,0.390764453]},{"value":-1,"between":[0.390764453,1.0]}],"sources":[{"property":"","dataset":"OpenStreetMap","license":"ODbL-1.0","record_id":"w957436657@16","update_time":"2026-02-01T12:17:18Z","confidence":null,"between":[0.0,0.390764453],"provider":"osm","resource":"planet","version":"2026-08-05"},{"property":"","dataset":"OpenStreetMap","license":"ODbL-1.0","record_id":"w953210117@19","update_time":"2026-07-18T19:43:04Z","confidence":null,"between":[0.390764453,1.0],"provider":"osm","resource":"planet","version":"2026-08-05"}],"version":3}},
{"id":"ed541c16-5b70-43ec-8cf5-43bf9e176cc9","type":"Feature","geometry":{"type":"LineString","coordinates":[[127.0986052,37.2013818],[127.0958766,37.2014194],[127.0932385,37.2014191],[127.0883715,37.2014514],[127.0866441,37.2017873],[127.083225,37.2023522],[127.0772453,37.2037408],[127.0740469,37.2045002],[127.0706912,37.2055034],[127.066205,37.2067877],[127.0649864,37.2071839],[127.0575435,37.2108532],[127.0562809,37.2114329],[127.0533874,37.2125582],[127.0528503,37.2128752],[127.0523397,37.2133865],[127.0513345,37.214694],[127.0510213,37.2152284],[127.0508961,37.2157826],[127.0508778,37.2163467],[127.0508966,37.2166332],[127.0509641,37.2169474],[127.0511302,37.2173317],[127.0513915,37.2176578],[127.0517057,37.2179438],[127.0523155,37.2182191],[127.0532631,37.2185285],[127.0538862,37.2187875],[127.0546484,37.2192672],[127.0553442,37.2197103],[127.0560324,37.2203017],[127.0566013,37.2208397],[127.0571345,37.2213595],[127.0575136,37.2218289],[127.0577172,37.2222628],[127.0584363,37.2235809],[127.0591115,37.2251034],[127.0596035,37.226043],[127.0599313,37.2263379],[127.060349,37.226581],[127.0607444,37.226722],[127.0615536,37.2268812],[127.0649736,37.2270957],[127.0659023,37.2272529],[127.0667399,37.2276787],[127.0672954,37.2281584],[127.0692104,37.2312274],[127.0697076,37.2323177],[127.0698964,37.2327881],[127.070088,37.2332658],[127.0704526,37.2346909],[127.0707454,37.2354667],[127.0711323,37.2360568],[127.0716004,37.2366372],[127.0723153,37.2374067],[127.0747594,37.2400216],[127.0750294,37.2405086],[127.075199,37.2411535],[127.0753018,37.2417172],[127.0753522,37.2423257],[127.0758051,37.2465017],[127.0758376,37.2471018],[127.0757743,37.2475741],[127.0756216,37.2480993],[127.075377,37.2485332],[127.0751413,37.2488663],[127.0746801,37.2492948],[127.0701305,37.2520086],[127.0697257,37.2523737],[127.069485,37.2528434],[127.0694028,37.2533364],[127.069407,37.2537028],[127.0694764,37.2541721],[127.0728675,37.2676826],[127.0731192,37.2683539],[127.0734382,37.2689227],[127.073758,37.2692984],[127.0741602,37.2696351],[127.0745519,37.2699143],[127.0762824,37.2708781],[127.0767231,37.2712501],[127.0770891,37.2717411],[127.0774038,37.2723319],[127.077527,37.2728495],[127.077563,37.2733996],[127.0774773,37.2740794],[127.0771348,37.2747585],[127.076673,37.2752664],[127.0760746,37.2756594],[127.0755295,37.2759164],[127.0749727,37.276068],[127.0744129,37.2761026],[127.0724815,37.2761207],[127.0686173,37.2761229],[127.0679881,37.2760973],[127.0674278,37.275947],[127.0670199,37.2758027],[127.0666241,37.2755714],[127.0662784,37.2752454],[127.0660261,37.2749543],[127.0658338,37.2746458],[127.064481,37.2717499],[127.0642292,37.2714053],[127.0637112,37.270971],[127.0633559,37.2707557],[127.0628299,37.270512],[127.0621523,37.2702957],[127.0616072,37.2701997],[127.0612785,37.2701765],[127.0609383,37.2702082],[127.0603221,37.2703623],[127.0595689,37.2706235],[127.0585778,37.271039],[127.0536965,37.2728491],[127.0529191,37.2730775],[127.0521633,37.27322],[127.0516578,37.273315],[127.0511911,37.2733729],[127.0508117,37.2734101],[127.0485149,37.2734398],[127.0478782,37.2735434],[127.0440454,37.2746801],[127.0428539,37.2750656],[127.0403867,37.2758796],[127.0396525,37.2761896],[127.0389958,37.2765434],[127.038536,37.2769926],[127.0382361,37.2774996],[127.0378444,37.2785398],[127.037183,37.2802775],[127.0371199,37.2805974],[127.0370211,37.2821855],[127.0368483,37.2828944],[127.0366008,37.2835426],[127.0362804,37.2841332],[127.0358129,37.2847603],[127.0347551,37.2860283],[127.0330628,37.2877396],[127.0317135,37.2890748],[127.0291034,37.2915218],[127.028718,37.2918428],[127.0283118,37.2920671],[127.0243457,37.2942198],[127.0238533,37.2944235],[127.023406,37.2945302],[127.0228638,37.2945926],[127.0221828,37.2946065],[127.0211335,37.2945323],[127.0190612,37.2943518],[127.0183114,37.2943704],[127.0178811,37.2944097],[127.0172603,37.2945558],[127.0166006,37.2948181],[127.0162213,37.2951],[127.0110808,37.3000424],[127.0104946,37.3005761],[127.0097831,37.3010998],[127.0088587,37.3017312],[127.0063063,37.3032331],[127.0052701,37.30388],[127.0039718,37.304696],[127.0024138,37.3056836],[127.0017677,37.3060396],[126.9922658,37.3101697],[126.9915593,37.3104756],[126.990705,37.3109971],[126.989711,37.3118556],[126.9892071,37.3124895],[126.9888251,37.313116],[126.9885638,37.3137297],[126.9883868,37.3142799],[126.9883348,37.314713],[126.9881389,37.3181245],[126.9880523,37.3191655],[126.987841,37.3203791],[126.9874274,37.3221694],[126.9871394,37.3232325],[126.9868269,37.3241922],[126.9865139,37.3250093],[126.9862274,37.3256506],[126.9859321,37.3262593],[126.9853584,37.3273165],[126.984889,37.3281274],[126.9846023,37.3286119],[126.9840617,37.329437],[126.9836752,37.3301008],[126.98173,37.3335478],[126.9811892,37.3344886],[126.9807355,37.3354635],[126.9796429,37.3391954],[126.979455,37.3397687],[126.9791216,37.3404155],[126.9786349,37.3410647],[126.9778525,37.3420878],[126.9760018,37.3447004],[126.97561,37.34521],[126.9731871,37.3494276],[126.9726304,37.3504344],[126.9719437,37.3516612],[126.9715806,37.3522025],[126.9711997,37.3527488],[126.970962,37.3530312],[126.9677017,37.356558],[126.9670487,37.3571751],[126.9654777,37.3585601],[126.9587947,37.3644897],[126.9584214,37.3649084],[126.9581756,37.365338],[126.9580411,37.3657814],[126.9580079,37.3662207],[126.9579755,37.3667049],[126.9580203,37.3673783],[126.95816,37.3680496],[126.9584205,37.3688435],[126.9588276,37.3694966],[126.9592523,37.3700159],[126.9597912,37.3704954],[126.9603547,37.3708797],[126.9610645,37.3712431],[126.9647922,37.3727148],[126.9652029,37.3728568],[126.9658678,37.3732017],[126.966156,37.3734209],[126.9666406,37.3738779],[126.966848,37.3741426],[126.9671998,37.3745437],[126.9702481,37.3786934],[126.9713141,37.3802496],[126.9717771,37.3810193],[126.9719888,37.3814306],[126.972095,37.3817599],[126.9721568,37.3820731],[126.9722343,37.3824361],[126.9724767,37.3853261],[126.9727076,37.3870812],[126.9728191,37.3877943],[126.9729071,37.3882152],[126.9730501,37.388634],[126.9732913,37.3892263],[126.976421,37.3965768],[126.9767005,37.3973249],[126.9768591,37.3977194],[126.9769246,37.398036],[126.9769309,37.3983439],[126.9766659,37.4017628],[126.976195,37.4031654],[126.9760953,37.4041084],[126.9762185,37.4051265],[126.9779193,37.4094633]]},"properties":{"names":{"primary":"동탄인덕원선","common":[["zh-Hans","东滩仁德院线"],["zh-Hant","東灘仁德院線"],["ko","동탄인덕원선"],["ja","東灘仁徳院線"],["en","Dongtan-Indeogwon Line"],["ko-Hani","東灘仁德院線"],["zh","東灘仁德院線"]],"rules":[{"variant":"common","language":null,"perspectives":null,"value":"동탄인덕원선","between":null,"side":null},{"variant":"alternate","language":null,"perspectives":null,"value":"인덕원동탄선","between":null,"side":null},{"variant":"alternate","language":"en","perspectives":null,"value":"Indeogwon-Dongtan Line","between":null,"side":null}]},"subtype":"rail","class":"unknown","connectors":[{"connector_id":"deab812e-1382-4e7d-a758-99287c85dd41","at":0.0},{"connector_id":"e44e456f-c6ab-4458-bc75-669194684006","at":1.0}],"rail_flags":[{"values":["is_tunnel","is_under_construction"],"between":null}],"level_rules":[{"value":-3,"between":null}],"sources":[{"property":"","dataset":"OpenStreetMap","license":"ODbL-1.0","record_id":"w953210118@21","update_time":"2026-07-18T19:43:04Z","confidence":null,"between":null,"provider":"osm","resource":"planet","version":"2026-08-05"}],"version":3}},
{"id":"5d62f218-e22e-4438-825f-6a17b60764fe","type":"Feature","geometry":{"type":"LineString","coordinates":[[127.0821172,37.4016236],[127.0820595,37.4017436],[127.0820258,37.4019062],[127.0820314,37.4020079],[127.0820481,37.4021038],[127.0820779,37.4022085],[127.0821299,37.4023403]]},"properties":{"subtype":"road","class":"service","connectors":[{"connector_id":"4d7ddd8e-9812-4503-b450-f21cd0a16dc8","at":0.0},{"connector_id":"a461da91-64b0-4963-a139-e5c90aa2d1f5","at":1.0}],"access_restrictions":[{"access_type":"denied","when":null,"between":[0.0,0.174219625]}],"sources":[{"property":"","dataset":"OpenStreetMap","license":"ODbL-1.0","record_id":"w1261925528@1","update_time":"2024-03-12T17:53:04Z","confidence":null,"between":[0.0,0.174219625],"provider":"osm","resource":"planet","version":"2026-08-05"},{"property":"","dataset":"OpenStreetMap","license":"ODbL-1.0","record_id":"w1007926307@2","update_time":"2024-03-12T17:53:04Z","confidence":null,"between":[0.174219625,1.0],"provider":"osm","resource":"planet","version":"2026-08-05"}],"version":1}},
{"id":"dee37826-2dd8-4c7d-b907-9bd9b1907a88","type":"Feature","geometry":{"type":"LineString","coordinates":[[127.085974,37.4049937],[127.0858557,37.4047785],[127.0855502,37.4042795],[127.0837999,37.4049229],[127.0833259,37.4042181],[127.0833059,37.4041809],[127.0832657,37.4041061],[127.0831344,37.4038619],[127.0822261,37.4044518],[127.0815139,37.4049563],[127.0809535,37.4053792],[127.08072,37.405663],[127.0805847,37.4057584]]},"properties":{"subtype":"road","class":"residential","connectors":[{"connector_id":"2563a8b1-e48a-4b1d-86d1-846facaecfc1","at":0.0},{"connector_id":"6443fdb6-2263-43b7-95e4-2af7b07e7fd9","at":1.0}],"road_flags":[{"values":["is_bridge"],"between":[0.502201772,0.5151139]}],"level_rules":[{"value":1,"between":[0.502201772,0.5151139]}],"sources":[{"property":"","dataset":"OpenStreetMap","license":"ODbL-1.0","record_id":"w1208640689@5","update_time":"2026-06-20T00:16:43Z","confidence":null,"between":[0.0,0.502201772],"provider":"osm","resource":"planet","version":"2026-08-05"},{"property":"","dataset":"OpenStreetMap","license":"ODbL-1.0","record_id":"w1530938839@1","update_time":"2026-06-20T00:16:43Z","confidence":null,"between":[0.502201772,0.5151139],"provider":"osm","resource":"planet","version":"2026-08-05"},{"property":"","dataset":"OpenStreetMap","license":"ODbL-1.0","record_id":"w1530938838@1","update_time":"2026-06-20T00:16:43Z","confidence":null,"between":[0.5151139,1.0],"provider":"osm","resource":"planet","version":"2026-08-05"}],"version":1}},
{"id":"2a7d1367-0def-4d76-a685-06b44511b399","type":"Feature","geometry":{"type":"LineString","coordinates":[[127.0821299,37.4023403],[127.0823811,37.402642],[127.0825866,37.4027636],[127.082736,37.4029476],[127.0830125,37.4031406],[127.0832479,37.403188],[127.0834155,37.4032095],[127.0835228,37.4032368],[127.0836043,37.4033766],[127.0836901,37.4035198]]},"properties":{"subtype":"road","class":"track","connectors":[{"connector_id":"a461da91-64b0-4963-a139-e5c90aa2d1f5","at":0.0},{"connector_id":"e8c4672d-5990-40ac-9412-0570d539fef2","at":1.0}],"sources":[{"property":"","dataset":"OpenStreetMap","license":"ODbL-1.0","record_id":"w1261925527@2","update_time":"2026-06-20T00:16:43Z","confidence":null,"between":null,"provider":"osm","resource":"planet","version":"2026-08-05"}],"version":1}},
{"id":"64728aef-0ed7-4865-be8e-8570d1e0836c","type":"Feature","geometry":{"type":"LineString","coordinates":[[127.082463,37.4008951],[127.0825503,37.4007899],[127.082569,37.4007009],[127.0825615,37.4006119],[127.0825538,37.4006001],[127.0825018,37.4005199],[127.0823785,37.400413],[127.0820011,37.4001459],[127.0818255,37.3999975],[127.0816873,37.399864],[127.0816612,37.3998224],[127.0817695,37.3996948]]},"properties":{"subtype":"road","class":"service","connectors":[{"connector_id":"0ec1889d-7c1d-455e-9ad8-6f9dd6bf3a0a","at":0.0},{"connector_id":"43c28b6b-54ee-45e9-bc70-3f86ce0bb687","at":1.0}],"access_restrictions":[{"access_type":"denied","when":null,"between":null}],"sources":[{"property":"","dataset":"OpenStreetMap","license":"ODbL-1.0","record_id":"w1261925529@1","update_time":"2024-03-12T17:53:04Z","confidence":null,"between":[0.0,0.082188231],"provider":"osm","resource":"planet","version":"2026-08-05"},{"property":"","dataset":"OpenStreetMap","license":"ODbL-1.0","record_id":"w1007926308@2","update_time":"2024-03-12T17:53:04Z","confidence":null,"between":[0.082188231,1.0],"provider":"osm","resource":"planet","version":"2026-08-05"}],"version":1}},
{"id":"82d4fbf4-9281-4d12-ad4d-7faef3bab86d","type":"Feature","geometry":{"type":"LineString","coordinates":[[127.0858988,37.4062959],[127.0859701,37.4056335],[127.086022,37.4051505],[127.085974,37.4049937]]},"properties":{"subtype":"road","class":"residential","connectors":[{"connector_id":"f78a812b-2d2e-47eb-9c91-be47a40731e3","at":0.0},{"connector_id":"d6b322d8-f0ef-495e-b5b7-e53583e176dc","at":0.507116046},{"connector_id":"2563a8b1-e48a-4b1d-86d1-846facaecfc1","at":1.0}],"sources":[{"property":"","dataset":"OpenStreetMap","license":"ODbL-1.0","record_id":"w1208640687@4","update_time":"2026-06-20T00:16:43Z","confidence":null,"between":null,"provider":"osm","resource":"planet","version":"2026-08-05"}],"version":1}},
{"id":"ad3933c0-20c7-4473-9590-c8a3e2883095","type":"Feature","geometry":{"type":"LineString","coordinates":[[127.085974,37.4049937],[127.0852801,37.4050042],[127.0847477,37.4049894],[127.0846146,37.4049912],[127.0840863,37.4051817]]},"properties":{"names":{"primary":"금토로","common":[["ko","금토로"],["en","Geumto-ro"]],"rules":[{"variant":"common","language":null,"perspectives":null,"value":"금토로","between":null,"side":null}]},"subtype":"road","class":"residential","connectors":[{"connector_id":"2563a8b1-e48a-4b1d-86d1-846facaecfc1","at":0.0},{"connector_id":"a6aa5e09-abad-44a3-bf38-07af6b517a0c","at":1.0}],"sources":[{"property":"","dataset":"OpenStreetMap","license":"ODbL-1.0","record_id":"w784632685@8","update_time":"2026-05-06T12:12:03Z","confidence":null,"between":null,"provider":"osm","resource":"planet","version":"2026-08-05"}],"version":1}},
{"id":"bb800ba4-5dca-4fd6-b93f-ecdab5d798ce","type":"Feature","geometry":{"type":"LineString","coordinates":[[127.0840863,37.4051817],[127.0843949,37.405678],[127.084636,37.406553099999996],[127.0847303,37.4067416],[127.0848296,37.4068267],[127.0849513,37.4069123],[127.0857964,37.4071618]]},"properties":{"subtype":"road","class":"residential","connectors":[{"connector_id":"a6aa5e09-abad-44a3-bf38-07af6b517a0c","at":0.0},{"connector_id":"c45f9208-bd95-4734-94f5-c2c0e739c66f","at":1.0}],"sources":[{"property":"","dataset":"OpenStreetMap","license":"ODbL-1.0","record_id":"w1509756611@2","update_time":"2026-06-19T23:56:46Z","confidence":null,"between":null,"provider":"osm","resource":"planet","version":"2026-08-05"}],"version":3}},
{"id":"398611d2-d65e-4098-a1da-779f5f569e48","type":"Feature","geometry":{"type":"LineString","coordinates":[[127.0857964,37.4071618],[127.0858988,37.4062959]]},"properties":{"subtype":"road","class":"residential","connectors":[{"connector_id":"c45f9208-bd95-4734-94f5-c2c0e739c66f","at":0.0},{"connector_id":"f78a812b-2d2e-47eb-9c91-be47a40731e3","at":1.0}],"sources":[{"property":"","dataset":"OpenStreetMap","license":"ODbL-1.0","record_id":"w1010963588@5","update_time":"2026-06-19T23:56:46Z","confidence":null,"between":null,"provider":"osm","resource":"planet","version":"2026-08-05"}],"version":3}},
{"id":"fdae007e-ca0d-4511-8285-a9f1167e6dbf","type":"Feature","geometry":{"type":"LineString","coordinates":[[127.0840863,37.4051817],[127.083725,37.4053121],[127.0831132,37.4056052],[127.0822819,37.406106],[127.0819083,37.4062581],[127.080986,37.406451],[127.0808613,37.4064346]]},"properties":{"names":{"primary":"금토로","common":[["ko","금토로"],["en","Geumto-ro"]],"rules":[{"variant":"common","language":null,"perspectives":null,"value":"금토로","between":null,"side":null}]},"subtype":"road","class":"residential","connectors":[{"connector_id":"a6aa5e09-abad-44a3-bf38-07af6b517a0c","at":0.0},{"connector_id":"1f160e09-0339-4328-b392-14cb592a0e53","at":1.0}],"sources":[{"property":"","dataset":"OpenStreetMap","license":"ODbL-1.0","record_id":"w784632685@8","update_time":"2026-05-06T12:12:03Z","confidence":null,"between":null,"provider":"osm","resource":"planet","version":"2026-08-05"}],"version":1}},
{"id":"032f5791-c469-45b2-8c89-09339856c13c","type":"Feature","geometry":{"type":"LineString","coordinates":[[127.0808613,37.4064346],[127.0807919,37.4064338]]},"properties":{"names":{"primary":"금토로","common":[["ko","금토로"],["en","Geumto-ro"]],"rules":[{"variant":"common","language":null,"perspectives":null,"value":"금토로","between":null,"side":null}]},"subtype":"road","class":"residential","connectors":[{"connector_id":"1f160e09-0339-4328-b392-14cb592a0e53","at":0.0},{"connector_id":"93e63521-3277-4218-826c-348b8f13ae17","at":1.0}],"sources":[{"property":"","dataset":"OpenStreetMap","license":"ODbL-1.0","record_id":"w784632685@8","update_time":"2026-05-06T12:12:03Z","confidence":null,"between":null,"provider":"osm","resource":"planet","version":"2026-08-05"}],"version":1}},
{"id":"de6f76b5-31c7-4c75-931a-c465ead25897","type":"Feature","geometry":{"type":"LineString","coordinates":[[127.0809037,37.4096237],[127.0815176,37.4101554],[127.0817866,37.4104277],[127.0818469,37.4104979],[127.0819072,37.4105681],[127.0820288,37.4107381]]},"properties":{"subtype":"road","class":"motorway","subclass":"link","subclass_rules":[{"value":"link","between":null}],"connectors":[{"connector_id":"4e926672-dd73-4c4a-8466-d0a5b271c01f","at":0.0},{"connector_id":"3137d626-059f-4228-b769-b0a50fdf6ac8","at":0.503567735},{"connector_id":"b30ea1f3-0f5f-474b-95bb-092b3748b0e3","at":1.0}],"road_flags":[{"values":["is_link"],"between":null}],"access_restrictions":[{"access_type":"denied","when":{"during":null,"heading":"backward","using":null,"recognized":null,"mode":null,"vehicle":null},"between":null}],"speed_limits":[{"min_speed":null,"max_speed":{"value":40,"unit":"km/h"},"is_max_speed_variable":null,"when":null,"between":null}],"destinations":[{"labels":[{"value":"양재","type":"unknown"},{"value":"한남대교","type":"unknown"}],"symbols":null,"from_connector_id":"3137d626-059f-4228-b769-b0a50fdf6ac8","to_segment_id":"de6f76b5-31c7-4c75-931a-c465ead25897","to_connector_id":"3137d626-059f-4228-b769-b0a50fdf6ac8","when":{"heading":"forward"},"final_heading":"forward"},{"labels":[{"value":"양재","type":"unknown"},{"value":"한남대교","type":"unknown"},{"value":"1","type":"route_ref"}],"symbols":null,"from_connector_id":"b30ea1f3-0f5f-474b-95bb-092b3748b0e3","to_segment_id":"317eb9e4-00e2-4129-84c6-29ed2aa4d601","to_connector_id":"b30ea1f3-0f5f-474b-95bb-092b3748b0e3","when":{"heading":"forward"},"final_heading":"forward"},{"labels":[{"value":"금토","type":"unknown"},{"value":"판교","type":"unknown"}],"symbols":null,"from_connector_id":"b30ea1f3-0f5f-474b-95bb-092b3748b0e3","to_segment_id":"727edf86-72a4-4ec9-a1c9-60c6de5f57a2","to_connector_id":"b30ea1f3-0f5f-474b-95bb-092b3748b0e3","when":{"heading":"forward"},"final_heading":"forward"},{"labels":[{"value":"양재","type":"unknown"},{"value":"한남대교","type":"unknown"}],"symbols":null,"from_connector_id":"b30ea1f3-0f5f-474b-95bb-092b3748b0e3","to_segment_id":"de6f76b5-31c7-4c75-931a-c465ead25897","to_connector_id":"b30ea1f3-0f5f-474b-95bb-092b3748b0e3","when":{"heading":"forward"},"final_heading":"forward"}],"sources":[{"property":"","dataset":"OpenStreetMap","license":"ODbL-1.0","record_id":"w1110773682@4","update_time":"2026-02-07T19:50:00Z","confidence":null,"between":null,"provider":"osm","resource":"planet","version":"2026-08-05"}],"version":2}},
{"id":"bfd60895-6fa3-4f7b-b083-d6e4821f157f","type":"Feature","geometry":{"type":"LineString","coordinates":[[127.080877,37.410467],[127.0802442,37.4100379],[127.0800094,37.4096842],[127.0794437,37.4089323],[127.0793375,37.4087728],[127.0793177,37.4087056],[127.079315,37.4086393],[127.0793618,37.4085693],[127.0794604,37.4085074],[127.07966330000001,37.4084083],[127.0800133,37.4082107],[127.0800853,37.4082125],[127.0801455,37.408227],[127.08019,37.4082534],[127.0802357,37.4082998],[127.0803113,37.4083935],[127.080447,37.4085777],[127.080608,37.4087702],[127.0808713,37.409052],[127.08107270000001,37.4092669],[127.0813958,37.4097655],[127.0815176,37.4101554]]},"properties":{"subtype":"road","class":"service","connectors":[{"connector_id":"53e4c8dd-1daa-45ea-8327-e82884cf5a8e","at":0.0},{"connector_id":"691c1463-e8ba-457b-affa-71e9b7ec4b43","at":0.49365723},{"connector_id":"3137d626-059f-4228-b769-b0a50fdf6ac8","at":1.0}],"access_restrictions":[{"access_type":"denied","when":{"during":null,"heading":"backward","using":null,"recognized":null,"mode":null,"vehicle":null},"between":null}],"destinations":[{"labels":[{"value":"양재","type":"unknown"},{"value":"한남대교","type":"unknown"}],"symbols":null,"from_connector_id":"3137d626-059f-4228-b769-b0a50fdf6ac8","to_segment_id":"de6f76b5-31c7-4c75-931a-c465ead25897","to_connector_id":"3137d626-059f-4228-b769-b0a50fdf6ac8","when":{"heading":"forward"},"final_heading":"forward"}],"sources":[{"property":"","dataset":"OpenStreetMap","license":"ODbL-1.0","record_id":"w920656150@5","update_time":"2025-12-30T10:09:26Z","confidence":null,"between":null,"provider":"osm","resource":"planet","version":"2026-08-05"}],"version":2}},
{"id":"8465ab9b-edc8-4086-9458-ebe02dd1ddf8","type":"Feature","geometry":{"type":"LineString","coordinates":[[127.0807511,37.4100744],[127.0805841,37.4096497],[127.0805061,37.4094908],[127.0804085,37.4093384],[127.0802312,37.4090968],[127.0800621,37.4088656],[127.0799044,37.4086835],[127.07966330000001,37.4084083]]},"properties":{"subtype":"road","class":"service","connectors":[{"connector_id":"a78e1c73-3f55-4efa-a520-ba5e895abbb2","at":0.0},{"connector_id":"691c1463-e8ba-457b-affa-71e9b7ec4b43","at":1.0}],"access_restrictions":[{"access_type":"denied","when":{"during":null,"heading":"backward","using":null,"recognized":null,"mode":null,"vehicle":null},"between":null}],"sources":[{"property":"","dataset":"OpenStreetMap","license":"ODbL-1.0","record_id":"w1007388598@4","update_time":"2025-12-30T10:09:26Z","confidence":null,"between":null,"provider":"osm","resource":"planet","version":"2026-08-05"}],"version":2}},
{"id":"8591331b-60b6-4740-ab1f-57e38d9893d7","type":"Feature","geometry":{"type":"LineString","coordinates":[[127.0793006,37.4096313],[127.0794996,37.4094166],[127.0795121,37.4093659],[127.0795071,37.4093112],[127.0794708,37.4092505],[127.0792718,37.409006],[127.0791404,37.4088449],[127.079079,37.4087475],[127.0790553,37.4086053],[127.079084,37.4085069],[127.0792029,37.4083657],[127.0796135,37.4081281],[127.0797759,37.4080279],[127.0798364,37.4079969],[127.0799831,37.4079373],[127.0801547,37.407906],[127.0802763,37.4078321],[127.0803693,37.4077384],[127.080473,37.4076361],[127.0806268,37.4075083],[127.0807305,37.4074117],[127.0808271,37.4073123],[127.0808628,37.4072356],[127.0808557,37.4070566],[127.0808271,37.4068634],[127.0808449,37.4066561],[127.0808613,37.4064346]]},"properties":{"subtype":"road","class":"unclassified","connectors":[{"connector_id":"e467f713-4af5-484a-84ab-0b89df27e67b","at":0.0},{"connector_id":"1f160e09-0339-4328-b392-14cb592a0e53","at":1.0}],"sources":[{"property":"","dataset":"OpenStreetMap","license":"ODbL-1.0","record_id":"w1390621123@2","update_time":"2025-07-20T12:49:37Z","confidence":null,"between":null,"provider":"osm","resource":"planet","version":"2026-08-05"}],"version":1}},
{"id":"131961bb-c8ce-4339-b9b1-9edafebe749b","type":"Feature","geometry":{"type":"LineString","coordinates":[[127.0807919,37.4064338],[127.0806212,37.4061646],[127.0805751,37.4060918],[127.0805193,37.4060038],[127.0806094,37.4058913],[127.0805847,37.4057584]]},"properties":{"subtype":"road","class":"residential","connectors":[{"connector_id":"93e63521-3277-4218-826c-348b8f13ae17","at":0.0},{"connector_id":"6443fdb6-2263-43b7-95e4-2af7b07e7fd9","at":1.0}],"road_flags":[{"values":["is_bridge"],"between":[0.40236954,0.511134305]}],"level_rules":[{"value":1,"between":[0.40236954,0.511134305]}],"sources":[{"property":"","dataset":"OpenStreetMap","license":"ODbL-1.0","record_id":"w1386136651@2","update_time":"2025-10-19T14:41:43Z","confidence":null,"between":[0.0,0.40236954],"provider":"osm","resource":"planet","version":"2026-08-05"},{"property":"","dataset":"OpenStreetMap","license":"ODbL-1.0","record_id":"w1443234743@1","update_time":"2025-10-19T14:41:43Z","confidence":null,"between":[0.40236954,0.511134305],"provider":"osm","resource":"planet","version":"2026-08-05"},{"property":"","dataset":"OpenStreetMap","license":"ODbL-1.0","record_id":"w1443234742@1","update_time":"2026-06-20T00:16:43Z","confidence":null,"between":[0.511134305,1.0],"provider":"osm","resource":"planet","version":"2026-08-05"}],"version":1}},
{"id":"953f5dd5-1223-4d1b-8527-b25d58b8be9f","type":"Feature","geometry":{"type":"LineString","coordinates":[[127.0787298,37.4004339],[127.0789647,37.4003782],[127.0791642,37.4003454],[127.0794607,37.4003043],[127.0800209,37.4003512],[127.0819929,37.4007916],[127.0823163,37.400858],[127.082463,37.4008951],[127.0823998,37.4010329],[127.0821666,37.4015232],[127.0821172,37.4016236],[127.0813289,37.4013734],[127.0808771,37.4012172],[127.0805515,37.4011355],[127.0801333,37.4010305],[127.0792611,37.4008366],[127.0781313,37.4006351],[127.0758276,37.4003549]]},"properties":{"subtype":"road","class":"motorway","subclass":"link","subclass_rules":[{"value":"link","between":null}],"connectors":[{"connector_id":"9535cb01-74a9-4985-8f7b-bc9bc328a3f6","at":0.0},{"connector_id":"0ec1889d-7c1d-455e-9ad8-6f9dd6bf3a0a","at":0.339412918},{"connector_id":"4d7ddd8e-9812-4503-b450-f21cd0a16dc8","at":0.425527383},{"connector_id":"431936a9-0b18-4ba8-8371-4ceea7d75239","at":1.0}],"road_flags":[{"values":["is_link"],"between":[0.0,0.355632483]},{"values":["is_link","is_tunnel"],"between":[0.355632483,0.413601425]},{"values":["is_link"],"between":[0.413601425,1.0]}],"level_rules":[{"value":-1,"between":[0.355632483,0.413601425]}],"access_restrictions":[{"access_type":"denied","when":null,"between":null},{"access_type":"denied","when":{"during":null,"heading":"backward","using":null,"recognized":null,"mode":null,"vehicle":null},"between":[0.0,0.339417116]},{"access_type":"denied","when":{"during":null,"heading":"backward","using":null,"recognized":null,"mode":null,"vehicle":null},"between":[0.425523903,1.0]}],"sources":[{"property":"","dataset":"OpenStreetMap","license":"ODbL-1.0","record_id":"w528129638@6","update_time":"2026-07-01T09:51:13Z","confidence":null,"between":[0.0,0.339417116],"provider":"osm","resource":"planet","version":"2026-08-05"},{"property":"","dataset":"OpenStreetMap","license":"ODbL-1.0","record_id":"w910327397@3","update_time":"2024-03-12T17:53:04Z","confidence":null,"between":[0.339417116,0.355632483],"provider":"osm","resource":"planet","version":"2026-08-05"},{"property":"","dataset":"OpenStreetMap","license":"ODbL-1.0","record_id":"w910327399@3","update_time":"2024-03-12T17:53:04Z","confidence":null,"between":[0.355632483,0.413601425],"provider":"osm","resource":"planet","version":"2026-08-05"},{"property":"","dataset":"OpenStreetMap","license":"ODbL-1.0","record_id":"w910327398@3","update_time":"2024-03-12T17:53:04Z","confidence":null,"between":[0.413601425,0.425523903],"provider":"osm","resource":"planet","version":"2026-08-05"},{"property":"","dataset":"OpenStreetMap","license":"ODbL-1.0","record_id":"w528129637@5","update_time":"2026-07-01T09:51:13Z","confidence":null,"between":[0.425523903,1.0],"provider":"osm","resource":"planet","version":"2026-08-05"}],"version":2}},
{"id":"0be7ce82-e1c4-47a6-bfe6-071103925d89","type":"Feature","geometry":{"type":"LineString","coordinates":[[127.0805847,37.4057584],[127.0794721,37.4052955],[127.0794035,37.4052717],[127.0788027,37.405149],[127.0786782,37.4050808],[127.0781117,37.4047399],[127.0779916,37.4046853],[127.0778843,37.4046546],[127.0777212,37.4046206],[127.0776311,37.4045933],[127.0775367,37.4045319],[127.0767556,37.4036149],[127.0766655,37.4035433],[127.0765196,37.4034956],[127.0756312,37.4034206],[127.075554,37.4034137],[127.0754038,37.4033558],[127.0753051,37.4032808],[127.0751806,37.4032058],[127.0750647,37.4031069],[127.0749446,37.4030524],[127.0747987,37.4030285],[127.0746527,37.402991],[127.0744854,37.4029126]]},"properties":{"subtype":"road","class":"residential","connectors":[{"connector_id":"6443fdb6-2263-43b7-95e4-2af7b07e7fd9","at":0.0},{"connector_id":"8fee5b89-40e4-47d5-ae49-26dca8a16fc2","at":1.0}],"sources":[{"property":"","dataset":"OpenStreetMap","license":"ODbL-1.0","record_id":"w1386136652@1","update_time":"2026-06-20T00:16:43Z","confidence":null,"between":null,"provider":"osm","resource":"planet","version":"2026-08-05"}],"version":1}},
{"id":"6e2da661-2c17-4a75-8ece-2f110942360b","type":"Feature","geometry":{"type":"LineString","coordinates":[[127.0705746,37.3913082],[127.0707494,37.3922931],[127.0709126,37.3932128],[127.0710306,37.3938777],[127.0712023,37.3944999],[127.0713207,37.3951197],[127.0714874,37.3955671],[127.0716063,37.3958731],[127.0720153,37.3965732],[127.0726233,37.3976328],[127.0732553,37.3987139],[127.0739595,37.3999233],[127.0744994,37.4008169],[127.0750716,37.4017562],[127.0758126,37.4028066],[127.0761595,37.4032619],[127.0763931,37.4035839],[127.0782479,37.4060723],[127.0797159,37.4080646],[127.0800431,37.4085194],[127.0809037,37.4096237]]},"properties":{"names":{"primary":"용인서울고속도로","common":[["zh-Hans","龙仁首尔高速公路"],["zh-Hant","龍仁首爾高速公路"],["ko","용인서울고속도로"],["el","Αυτοκινητόδρομος Γιόνγιν-Σεούλ"],["ko-Latn","Yonginseoulgosokdoro"],["zh","龍仁首爾高速公路"]],"rules":[{"variant":"common","language":null,"perspectives":null,"value":"용인서울고속도로","between":null,"side":null},{"variant":"common","language":"en","perspectives":null,"value":"Yongin - Seoul Expressway","between":[0.127915811,0.213227067],"side":null},{"variant":"common","language":"en","perspectives":null,"value":"Yongin - Seoul Expressway","between":[0.549435758,1.0],"side":null}]},"subtype":"road","class":"motorway","connectors":[{"connector_id":"7717d920-ff53-4fd4-81b8-adf535739f77","at":0.0},{"connector_id":"4e926672-dd73-4c4a-8466-d0a5b271c01f","at":1.0}],"road_flags":[{"values":["is_bridge","is_covered"],"between":[0.0,0.127915811]},{"values":["is_covered"],"between":[0.127915811,0.213227067]},{"values":["is_tunnel"],"between":[0.213227067,0.549435758]},{"values":["is_bridge"],"between":[0.635111193,0.653448961]},{"values":["is_bridge"],"between":[0.796149569,0.935905653]}],"level_rules":[{"value":2,"between":[0.0,0.127915811]},{"value":-1,"between":[0.213227067,0.549435758]},{"value":1,"between":[0.635111193,0.653448961]},{"value":1,"between":[0.796149569,0.935905653]}],"access_restrictions":[{"access_type":"denied","when":{"during":null,"heading":"backward","using":null,"recognized":null,"mode":null,"vehicle":null},"between":null}],"speed_limits":[{"min_speed":{"value":50,"unit":"km/h"},"max_speed":{"value":100,"unit":"km/h"},"is_max_speed_variable":null,"when":null,"between":null},{"min_speed":null,"max_speed":{"value":80,"unit":"km/h"},"is_max_speed_variable":null,"when":{"during":null,"heading":null,"using":null,"recognized":null,"mode":["hgv"],"vehicle":null},"between":null}],"routes":[{"name":"고속국도 용인~서울선","network":"KR:expressway","ref":"171","symbol":null,"wikidata":null,"between":null}],"destinations":[{"labels":[{"value":"양재","type":"unknown"},{"value":"한남대교","type":"unknown"}],"symbols":null,"from_connector_id":"4e926672-dd73-4c4a-8466-d0a5b271c01f","to_segment_id":"de6f76b5-31c7-4c75-931a-c465ead25897","to_connector_id":"4e926672-dd73-4c4a-8466-d0a5b271c01f","when":{"heading":"forward"},"final_heading":"forward"}],"sources":[{"property":"/routes","dataset":"OpenStreetMap","license":"ODbL-1.0","record_id":"r6952269@24","update_time":null,"confidence":null,"between":null,"provider":"osm","resource":"planet","version":"2026-08-05"},{"property":"","dataset":"OpenStreetMap","license":"ODbL-1.0","record_id":"w154281540@20","update_time":"2025-12-20T08:16:34Z","confidence":null,"between":[0.0,0.127915811],"provider":"osm","resource":"planet","version":"2026-08-05"},{"property":"","dataset":"OpenStreetMap","license":"ODbL-1.0","record_id":"w154281511@14","update_time":"2025-12-20T08:16:34Z","confidence":null,"between":[0.127915811,0.213227067],"provider":"osm","resource":"planet","version":"2026-08-05"},{"property":"","dataset":"OpenStreetMap","license":"ODbL-1.0","record_id":"w154281566@17","update_time":"2025-12-20T08:16:34Z","confidence":null,"between":[0.213227067,0.549435758],"provider":"osm","resource":"planet","version":"2026-08-05"},{"property":"","dataset":"OpenStreetMap","license":"ODbL-1.0","record_id":"w154281515@15","update_time":"2025-12-20T08:16:34Z","confidence":null,"between":[0.549435758,0.635111193],"provider":"osm","resource":"planet","version":"2026-08-05"},{"property":"","dataset":"OpenStreetMap","license":"ODbL-1.0","record_id":"w154281489@15","update_time":"2025-12-20T08:16:34Z","confidence":null,"between":[0.635111193,0.653448961],"provider":"osm","resource":"planet","version":"2026-08-05"},{"property":"","dataset":"OpenStreetMap","license":"ODbL-1.0","record_id":"w154281484@14","update_time":"2025-12-20T08:16:27Z","confidence":null,"between":[0.653448961,0.796149569],"provider":"osm","resource":"planet","version":"2026-08-05"},{"property":"","dataset":"OpenStreetMap","license":"ODbL-1.0","record_id":"w154281493@16","update_time":"2025-12-20T08:16:34Z","confidence":null,"between":[0.796149569,0.935905653],"provider":"osm","resource":"planet","version":"2026-08-05"},{"property":"","dataset":"OpenStreetMap","license":"ODbL-1.0","record_id":"w154281502@16","update_time":"2025-12-20T08:16:34Z","confidence":null,"between":[0.935905653,1.0],"provider":"osm","resource":"planet","version":"2026-08-05"}],"version":2}},
{"id":"bdd27b8f-546c-4921-8089-638313c24c8d","type":"Feature","geometry":{"type":"LineString","coordinates":[[127.0801492,37.4093704],[127.0797659,37.4088075],[127.0779083,37.4063043],[127.0769919,37.4051355],[127.0762398,37.4041146],[127.0758637,37.4035897],[127.0755899,37.4032184],[127.0753855,37.40294],[127.0745374,37.4017194],[127.0739897,37.4008713],[127.0733712,37.3998383],[127.0727824,37.3988582],[127.0720887,37.3976811],[127.0712023,37.3961718],[127.0710123,37.3957413],[127.0708273,37.395196],[127.0707487,37.3946127],[127.0706866,37.3938934],[127.070537,37.3925437],[127.0703668,37.3911797]]},"properties":{"names":{"primary":"용인서울고속도로","common":[["zh-Hans","龙仁首尔高速公路"],["zh-Hant","龍仁首爾高速公路"],["ko","용인서울고속도로"],["el","Αυτοκινητόδρομος Γιόνγιν-Σεούλ"],["ko-Latn","Yonginseoulgosokdoro"],["zh","龍仁首爾高速公路"]],"rules":[{"variant":"common","language":null,"perspectives":null,"value":"용인서울고속도로","between":null,"side":null},{"variant":"common","language":"en","perspectives":null,"value":"Yongin - Seoul Expressway","between":[0.0,0.441665222],"side":null},{"variant":"common","language":"en","perspectives":null,"value":"Yongin - Seoul Expressway","between":[0.770927951,0.864213672],"side":null}]},"subtype":"road","class":"motorway","connectors":[{"connector_id":"bcbc305e-df4f-4fc8-bf31-1275cf06391a","at":0.0},{"connector_id":"6a022725-a05d-46d7-8a28-fafa46c3f899","at":1.0}],"road_surface":[{"value":"paved","between":null}],"road_flags":[{"values":["is_bridge"],"between":[0.031913654,0.176822291]},{"values":["is_bridge"],"between":[0.334608603,0.356068403]},{"values":["is_tunnel"],"between":[0.441665222,0.770927951]},{"values":["is_covered"],"between":[0.770927951,0.864213672]},{"values":["is_bridge","is_covered"],"between":[0.864213672,1.0]}],"level_rules":[{"value":1,"between":[0.031913654,0.176822291]},{"value":1,"between":[0.334608603,0.356068403]},{"value":-1,"between":[0.441665222,0.770927951]},{"value":2,"between":[0.864213672,1.0]}],"access_restrictions":[{"access_type":"denied","when":{"during":null,"heading":"backward","using":null,"recognized":null,"mode":null,"vehicle":null},"between":null}],"speed_limits":[{"min_speed":{"value":50,"unit":"km/h"},"max_speed":{"value":100,"unit":"km/h"},"is_max_speed_variable":null,"when":null,"between":null},{"min_speed":null,"max_speed":{"value":80,"unit":"km/h"},"is_max_speed_variable":null,"when":{"during":null,"heading":null,"using":null,"recognized":null,"mode":["hgv"],"vehicle":null},"between":null}],"routes":[{"name":"고속국도 용인~서울선","network":"KR:expressway","ref":"171","symbol":null,"wikidata":null,"between":null}],"sources":[{"property":"/routes","dataset":"OpenStreetMap","license":"ODbL-1.0","record_id":"r6952269@24","update_time":null,"confidence":null,"between":null,"provider":"osm","resource":"planet","version":"2026-08-05"},{"property":"","dataset":"OpenStreetMap","license":"ODbL-1.0","record_id":"w492211163@14","update_time":"2026-03-21T03:46:02Z","confidence":null,"between":[0.0,0.031913654],"provider":"osm","resource":"planet","version":"2026-08-05"},{"property":"","dataset":"OpenStreetMap","license":"ODbL-1.0","record_id":"w154281490@16","update_time":"2026-03-21T03:46:03Z","confidence":null,"between":[0.031913654,0.176822291],"provider":"osm","resource":"planet","version":"2026-08-05"},{"property":"","dataset":"OpenStreetMap","license":"ODbL-1.0","record_id":"w154281505@15","update_time":"2026-03-21T03:46:04Z","confidence":null,"between":[0.176822291,0.334608603],"provider":"osm","resource":"planet","version":"2026-08-05"},{"property":"","dataset":"OpenStreetMap","license":"ODbL-1.0","record_id":"w154281486@16","update_time":"2026-03-21T03:46:05Z","confidence":null,"between":[0.334608603,0.356068403],"provider":"osm","resource":"planet","version":"2026-08-05"},{"property":"","dataset":"OpenStreetMap","license":"ODbL-1.0","record_id":"w154281520@17","update_time":"2026-03-21T03:46:04Z","confidence":null,"between":[0.356068403,0.441665222],"provider":"osm","resource":"planet","version":"2026-08-05"},{"property":"","dataset":"OpenStreetMap","license":"ODbL-1.0","record_id":"w154281561@18","update_time":"2026-03-21T03:46:06Z","confidence":null,"between":[0.441665222,0.770927951],"provider":"osm","resource":"planet","version":"2026-08-05"},{"property":"","dataset":"OpenStreetMap","license":"ODbL-1.0","record_id":"w154281506@15","update_time":"2026-03-21T03:46:08Z","confidence":null,"between":[0.770927951,0.864213672],"provider":"osm","resource":"planet","version":"2026-08-05"},{"property":"","dataset":"OpenStreetMap","license":"ODbL-1.0","record_id":"w154281533@22","update_time":"2026-03-21T03:46:08Z","confidence":null,"between":[0.864213672,1.0],"provider":"osm","resource":"planet","version":"2026-08-05"}],"version":4}},
{"id":"4a624c1b-7068-431d-bce9-00cbeaaed5e4","type":"Feature","geometry":{"type":"LineString","coordinates":[[127.0807919,37.4064338],[127.0807372,37.4064331],[127.0804755,37.4064696],[127.0801679,37.4065077],[127.079646,37.4065609],[127.0791095,37.4066589],[127.0785946,37.4067655],[127.0781493,37.4068422],[127.0777175,37.406906],[127.077688,37.4069103],[127.0773017,37.4070041],[127.0770228,37.4070424],[127.0766526,37.4071064],[127.0764273,37.4071319],[127.0761216,37.407174500000004],[127.0758319,37.4072257],[127.0755583,37.4072555],[127.0752257,37.4072598],[127.0750058,37.407247],[127.0746624,37.4072427],[127.0743674,37.4072598],[127.0742708,37.4072789],[127.0741582,37.4073109],[127.0740099,37.4073758],[127.0739071,37.4074207],[127.0738953,37.4074259],[127.0737344,37.4075325],[127.0735681,37.4076092],[127.0734018,37.4076816],[127.073094,37.4077461],[127.0730156,37.4077626],[127.0727081,37.4078521],[127.072301,37.4079583],[127.0721412,37.4079973],[127.0720314,37.4080229],[127.0718688,37.4080638],[127.0717283,37.4081098],[127.0716216,37.4081596],[127.0714869,37.408229],[127.0713651,37.4082829],[127.0712318,37.408327],[127.0711196,37.4083468],[127.0710182,37.4083466],[127.0709432,37.4083348],[127.0709295,37.4083326],[127.0708392,37.4083079],[127.0707467,37.4082571],[127.0706455,37.4081909],[127.0704715,37.408059],[127.0703584,37.4079544],[127.07029729999999,37.4079084],[127.0702586,37.4078971],[127.0702169,37.407895],[127.0700816,37.4078942],[127.0698266,37.4078871],[127.0697325,37.4078895],[127.0696839,37.4078907],[127.0695677,37.4079005],[127.0694882,37.4079151],[127.068594,37.4082156],[127.0683337,37.4083017],[127.0672555,37.4086629],[127.067027,37.4087394]]},"properties":{"names":{"primary":"금토로","common":[["ko","금토로"],["en","Geumto-ro"]],"rules":[{"variant":"common","language":null,"perspectives":null,"value":"금토로","between":null,"side":null}]},"subtype":"road","class":"residential","connectors":[{"connector_id":"93e63521-3277-4218-826c-348b8f13ae17","at":0.0},{"connector_id":"826b0402-5f1b-4d21-bf68-6c899bd170eb","at":0.214775967},{"connector_id":"a0ea2d82-f5c0-425d-b309-704d18a004b8","at":0.545448751},{"connector_id":"247ad71e-82bd-4c0e-88de-2618115263f2","at":0.703087407},{"connector_id":"1b12a151-e72f-4c14-a0ec-a2be52b4a174","at":0.764133143},{"connector_id":"eaf7347c-b122-4e40-8387-76fc595d785e","at":0.800196707},{"connector_id":"fb840b57-82bf-4760-be59-b1b28b553bb7","at":0.883599207},{"connector_id":"fb037cc8-0f7d-4f54-99ad-9bae3e175548","at":0.902904901},{"connector_id":"93613d7b-a35e-478b-b6b3-849de4893e3f","at":0.98302253},{"connector_id":"2359e589-8095-4383-8532-c7c595d3b066","at":1.0}],"road_flags":[{"values":["is_bridge"],"between":[0.474224555,0.482249274]},{"values":["is_bridge"],"between":[0.766999134,0.776261998]}],"level_rules":[{"value":1,"between":[0.474224555,0.482249274]},{"value":1,"between":[0.766999134,0.776261998]},{"value":-1,"between":[0.776261998,1.0]}],"sources":[{"property":"","dataset":"OpenStreetMap","license":"ODbL-1.0","record_id":"w784632685@8","update_time":"2026-05-06T12:12:03Z","confidence":null,"between":[0.0,0.474224555],"provider":"osm","resource":"planet","version":"2026-08-05"},{"property":"","dataset":"OpenStreetMap","license":"ODbL-1.0","record_id":"w1390621131@1","update_time":"2025-05-29T05:20:02Z","confidence":null,"between":[0.474224555,0.482249274],"provider":"osm","resource":"planet","version":"2026-08-05"},{"property":"","dataset":"OpenStreetMap","license":"ODbL-1.0","record_id":"w1390621130@3","update_time":"2026-01-16T10:44:23Z","confidence":null,"between":[0.482249274,0.766999134],"provider":"osm","resource":"planet","version":"2026-08-05"},{"property":"","dataset":"OpenStreetMap","license":"ODbL-1.0","record_id":"w1390621129@1","update_time":"2026-01-16T10:44:23Z","confidence":null,"between":[0.766999134,0.776261998],"provider":"osm","resource":"planet","version":"2026-08-05"},{"property":"","dataset":"OpenStreetMap","license":"ODbL-1.0","record_id":"w1390621128@2","update_time":"2026-01-16T10:44:23Z","confidence":null,"between":[0.776261998,1.0],"provider":"osm","resource":"planet","version":"2026-08-05"}],"version":1}},
{"id":"db47cdf9-340b-48dc-b1cd-ea54c65a2639","type":"Feature","geometry":{"type":"LineString","coordinates":[[127.0673829,37.4039104],[127.0676243,37.4037016],[127.0679355,37.4036164],[127.0681929,37.4035141],[127.0685363,37.4034885],[127.0686328,37.4036164],[127.068429,37.4037613],[127.0683968,37.4038891],[127.0687187,37.4039743],[127.0688152,37.4042045],[127.0691156,37.4043408],[127.0695233,37.404392],[127.0698559,37.4043579],[127.0700598,37.4044346],[127.0702207,37.404588],[127.0707893,37.4045198],[127.0709073,37.4043749],[127.0712185,37.4044857],[127.0715082,37.4043493],[127.0718944,37.4043067],[127.0722055,37.4045283],[127.072463,37.4045709],[127.0732462,37.4045283],[127.073493,37.4044942],[127.0736968,37.4044687],[127.0745873,37.4045709],[127.0750487,37.4047755],[127.075156,37.4049459],[127.0754135,37.4051249],[127.0761216,37.4051931],[127.0762557,37.4051654],[127.076548,37.4052314],[127.0768511,37.4054487],[127.0772052,37.4057513],[127.077468,37.4059984],[127.0774975,37.4061859],[127.0774814,37.4062839],[127.0773876,37.4064437],[127.0773929,37.4065631],[127.07757,37.4067502],[127.0776427,37.4068269],[127.0777175,37.406906]]},"properties":{"subtype":"road","class":"path","connectors":[{"connector_id":"f8d7b646-a121-4efb-bb92-fcee8710375f","at":0.0},{"connector_id":"826b0402-5f1b-4d21-bf68-6c899bd170eb","at":1.0}],"road_surface":[{"value":"dirt","between":null}],"road_flags":[{"values":["is_bridge"],"between":[0.982136366,0.990932011]}],"level_rules":[{"value":1,"between":[0.982136366,0.990932011]}],"sources":[{"property":"","dataset":"OpenStreetMap","license":"ODbL-1.0","record_id":"w1123264308@2","update_time":"2026-01-16T10:44:23Z","confidence":null,"between":[0.0,0.982136366],"provider":"osm","resource":"planet","version":"2026-08-05"},{"property":"","dataset":"OpenStreetMap","license":"ODbL-1.0","record_id":"w1467555326@1","update_time":"2026-01-16T10:44:23Z","confidence":null,"between":[0.982136366,0.990932011],"provider":"osm","resource":"planet","version":"2026-08-05"},{"property":"","dataset":"OpenStreetMap","license":"ODbL-1.0","record_id":"w1467555325@1","update_time":"2026-01-16T10:44:23Z","confidence":null,"between":[0.990932011,1.0],"provider":"osm","resource":"planet","version":"2026-08-05"}],"version":2}},
{"id":"1ebfe654-7012-407d-ac09-a32da14c137e","type":"Feature","geometry":{"type":"LineString","coordinates":[[127.0759293,37.3931905],[127.0759487,37.3933811],[127.0759577,37.3934809],[127.0759671,37.3935855],[127.0759775,37.393702],[127.0759872,37.3938098],[127.075998,37.3939306],[127.0760104,37.3940689],[127.0760249,37.3942307],[127.0760352,37.3943448],[127.0760446,37.3944497],[127.0761145,37.3947439],[127.076168,37.3948589],[127.0761384,37.3949782],[127.0760716,37.3952638],[127.0762432,37.3954002],[127.0764471,37.3954855],[127.0767475,37.3955963],[127.0770157,37.395673],[127.077241,37.3957582],[127.0774411,37.3958264],[127.077638,37.3960565],[127.0778311,37.3962526],[127.0781959,37.3964231],[127.0784748,37.3965424],[127.0788181,37.396747],[127.0789362,37.3967981],[127.0790783,37.396943],[127.0791293,37.3969686],[127.0789469,37.397122],[127.0787404,37.3970623],[127.0786936,37.3971004],[127.0782495,37.3974288],[127.0781959,37.3975396],[127.0780671,37.3976078],[127.0779169,37.3975823],[127.0777238,37.3977442],[127.0775307,37.397838],[127.0772732,37.3980255],[127.0769942,37.3981107],[127.0767582,37.3981192],[127.0765329,37.3981789],[127.0763398,37.3983408],[127.0761055,37.3984504],[127.0760317,37.3984855],[127.0759428,37.3985188],[127.0758627,37.3985175],[127.0758463,37.3984772],[127.0758784,37.3983749],[127.0757926,37.3982982],[127.0757188,37.3982758],[127.0756692,37.3981949],[127.0755757,37.3982383],[127.0755194,37.3982011],[127.0754386,37.3981789],[127.0753451,37.3982021],[127.0752562,37.3981959],[127.0750688,37.3981414],[127.0749236,37.3980766],[127.0748777,37.3980258],[127.0748699,37.3979658],[127.0748308,37.3979326],[127.0748133,37.3978713],[127.0747412,37.3977953],[127.0746799,37.3977802],[127.074637,37.3977919],[127.0745803,37.3978209],[127.0744526,37.3978228],[127.0743228,37.3978465],[127.0742209,37.3977805],[127.0741609,37.3977983],[127.0740183,37.3977825],[127.0738444,37.3979592],[127.0737921,37.3979784],[127.0737424,37.3980668],[127.0736791,37.3980841],[127.0735812,37.3981533],[127.0734541,37.3981712],[127.0733035,37.39823],[127.0732288,37.3982213],[127.0731577,37.3982351],[127.0729709,37.3982386],[127.0728466,37.3981936],[127.0727725,37.3981448],[127.0725056,37.3981757],[127.0724215,37.398151],[127.072349,37.3981616],[127.0722736,37.3981278],[127.0719517,37.3979743],[127.0716835,37.3978891],[127.0714045,37.3979061],[127.0713187,37.3979147],[127.0711578,37.397838],[127.0710183,37.397855],[127.0708895,37.3979061],[127.0707288,37.3978242]]},"properties":{"subtype":"road","class":"path","connectors":[{"connector_id":"219b8f40-a688-44c5-a1b5-bcd057f319f9","at":0.0},{"connector_id":"42ea6985-36d9-4389-98c5-4a12f4ded917","at":0.156969195},{"connector_id":"4c28f3af-e2e1-4050-908e-4cd09e2bf9a6","at":0.384525964},{"connector_id":"155cede9-5194-4d9f-90f5-ab366fb8bc83","at":1.0}],"road_flags":[{"values":["is_tunnel"],"between":[0.417469289,0.453629905]}],"level_rules":[{"value":-1,"between":[0.417469289,0.453629905]}],"sources":[{"property":"","dataset":"OpenStreetMap","license":"ODbL-1.0","record_id":"w972313544@1","update_time":"2021-09-20T04:08:38Z","confidence":null,"between":[0.0,0.417469289],"provider":"osm","resource":"planet","version":"2026-08-05"},{"property":"","dataset":"OpenStreetMap","license":"ODbL-1.0","record_id":"w972313545@1","update_time":"2021-08-11T15:58:27Z","confidence":null,"between":[0.417469289,0.453629905],"provider":"osm","resource":"planet","version":"2026-08-05"},{"property":"","dataset":"OpenStreetMap","license":"ODbL-1.0","record_id":"w144052221@6","update_time":"2023-09-28T11:45:00Z","confidence":null,"between":[0.453629905,1.0],"provider":"osm","resource":"planet","version":"2026-08-05"}],"version":1}},
{"id":"81541247-ef1a-4441-9398-6c880e597817","type":"Feature","geometry":{"type":"LineString","coordinates":[[127.0428803,37.3028484],[127.0435311,37.3025055],[127.0447584,37.3018722],[127.0449827,37.3017612],[127.0451478,37.3016795],[127.045468,37.3015088],[127.0460068,37.3012266],[127.0465379,37.300922],[127.0467195,37.300822],[127.0468585,37.3007517],[127.0472919,37.3004707],[127.0474727,37.3003484],[127.0477228,37.3001549],[127.0478702,37.3000409],[127.0480827,37.2998471],[127.0484981,37.2994235],[127.0488293,37.2990847],[127.0492457,37.2986714],[127.0496821,37.2980313],[127.049808,37.2977433],[127.0498787,37.2974887],[127.0498963,37.2973023],[127.0498579,37.2970403],[127.0498053,37.2968177],[127.0493043,37.2951335],[127.0489133,37.2939814],[127.048478,37.2932861],[127.0482908,37.2926689],[127.0482546,37.2923317],[127.0482353,37.2915985],[127.0483186,37.2913717],[127.0484949,37.290989],[127.0491447,37.2903938],[127.0494874,37.2901337],[127.0509569,37.2890183],[127.0515353,37.2885736],[127.0524043,37.2879791],[127.0536096,37.2870807],[127.054123,37.286707],[127.0547198,37.2863528],[127.0552002,37.2861355],[127.0556817,37.2859669],[127.0559813,37.2859066],[127.0562621,37.2858905],[127.0565991,37.2859756],[127.0569208,37.2860691],[127.0573947,37.2863443],[127.0580692,37.2868447],[127.0592226,37.287799],[127.0618068,37.2899027],[127.0627049,37.2906774],[127.0629747,37.2908665],[127.0634192,37.2911035],[127.0650154,37.2917224],[127.0668941,37.2925335],[127.0674686,37.2928361],[127.0679061,37.2932474],[127.0681732,37.2936922],[127.068935,37.2965179],[127.0692388,37.297444],[127.0696687,37.2989],[127.0698213,37.2993999],[127.0701306,37.3002743],[127.0703461,37.3006507],[127.0719877,37.3017732],[127.0736115,37.3029368],[127.0741668,37.3034679],[127.0746504,37.3043058],[127.0748406,37.3048692],[127.0748086,37.3059911],[127.0748037,37.3064048],[127.0748213,37.3066652],[127.0748804,37.3068183],[127.0761397,37.3096038],[127.0768776,37.3111365],[127.0769585,37.311342],[127.0771487,37.3115525],[127.0774111,37.3117155],[127.0784412,37.3123182],[127.0797685,37.3130824],[127.0802535,37.3134512],[127.0804961,37.3137545],[127.0806776,37.3140585],[127.081175,37.3148918],[127.0819218,37.316077],[127.0823139,37.3165832],[127.0828115,37.316847],[127.0868614,37.3182144],[127.0883461,37.319014],[127.089785,37.3197993],[127.0944673,37.3224026],[127.0946848,37.3225412],[127.095529,37.3230318],[127.0963889,37.3235534],[127.1003216,37.3259803],[127.1007129,37.3262271],[127.1015975,37.3267396],[127.1019073,37.3269931],[127.1021404,37.3272535],[127.1026044,37.3282762],[127.1026895,37.3289645],[127.1027666,37.3322429],[127.1027979,37.3329475],[127.1027659,37.3341941],[127.1027695,37.336757],[127.1027711,37.3378779],[127.1028628,37.3390636],[127.1028576,37.3399035],[127.102897,37.340772],[127.1029087,37.3411617],[127.1029629,37.3413257],[127.1030565,37.3414727],[127.1032397,37.341677],[127.1036146,37.3420588],[127.103912,37.342265],[127.1043011,37.3424509],[127.1047635,37.3425874],[127.1055719,37.3427751],[127.1063396,37.3429705],[127.1075189,37.3434433],[127.1078632,37.3436539],[127.1082665,37.3440128],[127.1085979,37.344443],[127.1087212,37.3446657],[127.1087934,37.3448781],[127.1088744,37.3452479],[127.1088973,37.3456143],[127.1089093,37.3458416],[127.10891,37.3462699],[127.1088807,37.347465],[127.108875,37.348526],[127.1088725,37.3498778],[127.1088739,37.3499864],[127.1088476,37.3505664],[127.1088429,37.351204],[127.1088189,37.3521709],[127.1088029,37.3531876],[127.1087751,37.3541234],[127.1087254,37.3552762],[127.1086857,37.3565671],[127.1086712,37.3578435],[127.1086553,37.3584458],[127.1086315,37.3593437],[127.1085846,37.360884],[127.1084908,37.3635601],[127.1084377,37.3656597],[127.1084367,37.3662552],[127.1084068,37.3673697],[127.1083901,37.3678593],[127.108369,37.3690979],[127.1083801,37.3710075],[127.1083586,37.3727298],[127.1083586,37.3745749],[127.1083286,37.3757744],[127.1085431,37.3773704],[127.1091182,37.3792051],[127.109822,37.3810466],[127.1109035,37.3833587],[127.1110752,37.3841702],[127.1111524,37.3866595],[127.1111267,37.389626],[127.1111524,37.3914195],[127.1111385,37.3933442],[127.111122,37.3943545],[127.1111174,37.3946321],[127.11112,37.3954105],[127.1110987,37.3975341],[127.1110861,37.3991614],[127.1110557,37.4010658],[127.1110436,37.402464],[127.110995,37.4032209],[127.1107914,37.4041336],[127.1106455,37.404537],[127.1104302,37.405022],[127.1095887,37.4059452],[127.1086247,37.4066572],[127.1071999,37.4073526],[127.1052945,37.4082799],[127.1024192,37.4096707],[127.099458,37.4110615],[127.0949976,37.4130306],[127.0868708,37.4174905],[127.0846911,37.4187401],[127.0814144,37.4209527],[127.0743268,37.4263407],[127.0703428,37.4304215],[127.0660149,37.4347979],[127.0649585,37.4358661],[127.0616818,37.4391212],[127.0573331,37.4451779],[127.0557949,37.4469754],[127.054516,37.4483389],[127.0544067,37.4484543],[127.0529784,37.4499544],[127.0517248,37.4513667],[127.0505417,37.4526433],[127.0492794,37.4541176],[127.0480699,37.455457],[127.0461217,37.457678],[127.0427412,37.4614935],[127.0411693,37.4632229],[127.0389601,37.4657568],[127.038772,37.466041],[127.0386506,37.4665276],[127.0384728,37.4683543],[127.0382719,37.470128],[127.0381537,37.4710343],[127.0379496,37.473096],[127.0380261,37.4740073],[127.0383454,37.4760175],[127.0384175,37.4779363],[127.0383454,37.4788527],[127.0378835,37.4800956],[127.037436,37.480949],[127.0352268,37.4831555],[127.0346389,37.4837582],[127.0340424,37.484378],[127.0338192,37.4846879],[127.03326559999999,37.4858628],[127.0321136,37.4882094],[127.0306413,37.4912618],[127.0291932,37.4943949],[127.0290823,37.4946348],[127.0279352,37.497112],[127.0277524,37.4974912],[127.027716,37.4975666],[127.0276301,37.4977448],[127.0267746,37.4995193],[127.0267164,37.4996401],[127.0266345,37.4998122],[127.0263547,37.5003999],[127.0248903,37.5035631],[127.0241637,37.5050077],[127.0221232,37.5092816],[127.0218148,37.5099274],[127.0203145,37.5131566],[127.0198982,37.5146],[127.0196467,37.5155158],[127.0195885,37.5157279],[127.0190504,37.5174719]]},"properties":{"names":{"primary":"신분당선","common":[["zh-Hans","新盆唐线"],["zh-Hant","新盆唐線"],["ko","신분당선"],["ja","新盆唐線"],["en","Shinbundang Line"],["ko-Hani","新盆唐線"],["zh","新盆唐线"]],"rules":[{"variant":"common","language":null,"perspectives":null,"value":"신분당선","between":null,"side":null}]},"subtype":"rail","class":"standard_gauge","connectors":[{"connector_id":"346438a1-4ab9-47cd-ae24-046d40b6ef44","at":0.0},{"connector_id":"11dc1cbf-1731-40fe-bc73-de33f7964a06","at":0.052525697},{"connector_id":"b44604b7-bbe9-4f00-8e4e-f94409e7b3dc","at":0.060025344},{"connector_id":"5d301485-86ac-40c0-87c1-a0b50f749d4a","at":0.134884919},{"connector_id":"a031d792-5233-4161-9a68-39e6e74b640f","at":0.381269606},{"connector_id":"f1121268-c2d2-474a-902d-17919a26a1af","at":0.692231761},{"connector_id":"6fac8478-53a5-486f-935e-25c9cdf3271b","at":0.918780908},{"connector_id":"28fe6024-b8af-42ce-a133-47734f2359ed","at":0.929735841},{"connector_id":"2f1a4249-cace-4b1f-953b-589f3f8a79af","at":0.930637092},{"connector_id":"b11e4f2a-d514-4b63-9566-ce156429f8bc","at":1.0}],"rail_flags":[{"values":["is_bridge"],"between":[0.007151722,0.00817186]},{"values":["is_bridge"],"between":[0.016205329,0.017060176]},{"values":["is_tunnel"],"between":[0.022031142,1.0]}],"level_rules":[{"value":1,"between":[0.007151722,0.00817186]},{"value":1,"between":[0.016205329,0.017060176]},{"value":-3,"between":[0.022031142,1.0]}],"sources":[{"property":"","dataset":"OpenStreetMap","license":"ODbL-1.0","record_id":"w951688071@6","update_time":"2026-07-07T09:43:51Z","confidence":null,"between":[0.0,0.005937899],"provider":"osm","resource":"planet","version":"2026-08-05"},{"property":"","dataset":"OpenStreetMap","license":"ODbL-1.0","record_id":"w951688074@8","update_time":"2026-07-07T09:43:51Z","confidence":null,"between":[0.005937899,0.007151722],"provider":"osm","resource":"planet","version":"2026-08-05"},{"property":"","dataset":"OpenStreetMap","license":"ODbL-1.0","record_id":"w951688075@8","update_time":"2026-01-03T17:05:36Z","confidence":null,"between":[0.007151722,0.00817186],"provider":"osm","resource":"planet","version":"2026-08-05"},{"property":"","dataset":"OpenStreetMap","license":"ODbL-1.0","record_id":"w951688073@8","update_time":"2026-01-03T17:05:36Z","confidence":null,"between":[0.00817186,0.016205329],"provider":"osm","resource":"planet","version":"2026-08-05"},{"property":"","dataset":"OpenStreetMap","license":"ODbL-1.0","record_id":"w951688077@8","update_time":"2026-01-03T17:05:36Z","confidence":null,"between":[0.016205329,0.017060176],"provider":"osm","resource":"planet","version":"2026-08-05"},{"property":"","dataset":"OpenStreetMap","license":"ODbL-1.0","record_id":"w951688076@8","update_time":"2026-01-03T17:05:36Z","confidence":null,"between":[0.017060176,0.022031142],"provider":"osm","resource":"planet","version":"2026-08-05"},{"property":"","dataset":"OpenStreetMap","license":"ODbL-1.0","record_id":"w951688078@16","update_time":"2026-07-07T09:43:51Z","confidence":null,"between":[0.022031142,0.410880737],"provider":"osm","resource":"planet","version":"2026-08-05"},{"property":"","dataset":"OpenStreetMap","license":"ODbL-1.0","record_id":"w951688079@9","update_time":"2026-07-07T09:43:51Z","confidence":null,"between":[0.410880737,0.753337246],"provider":"osm","resource":"planet","version":"2026-08-05"},{"property":"","dataset":"OpenStreetMap","license":"ODbL-1.0","record_id":"w951688080@9","update_time":"2026-07-07T09:43:51Z","confidence":null,"between":[0.753337246,0.9283884],"provider":"osm","resource":"planet","version":"2026-08-05"},{"property":"","dataset":"OpenStreetMap","license":"ODbL-1.0","record_id":"w1304859288@5","update_time":"2026-07-07T09:43:51Z","confidence":null,"between":[0.9283884,0.937372364],"provider":"osm","resource":"planet","version":"2026-08-05"},{"property":"","dataset":"OpenStreetMap","license":"ODbL-1.0","record_id":"w951688069@11","update_time":"2026-07-07T09:43:51Z","confidence":null,"between":[0.937372364,0.994042446],"provider":"osm","resource":"planet","version":"2026-08-05"},{"property":"","dataset":"OpenStreetMap","license":"ODbL-1.0","record_id":"w1064473669@8","update_time":"2026-07-07T09:43:51Z","confidence":null,"between":[0.994042446,1.0],"provider":"osm","resource":"planet","version":"2026-08-05"}],"version":5}},
{"id":"7fd06407-d9a8-4d56-b348-34c8b1d24470","type":"Feature","geometry":{"type":"LineString","coordinates":[[127.019153,37.5174561],[127.0196599,37.5157525],[127.0197533,37.5154551],[127.0200073,37.5146144],[127.0204541,37.5129864],[127.0218958,37.5099469],[127.0231654,37.5072396],[127.0238766,37.5056886],[127.0242665,37.5049577],[127.0249157,37.5035711],[127.0261416,37.5010358],[127.0267922,37.4996409],[127.0273436,37.4984969],[127.0277004,37.4977566],[127.0278179,37.4974942],[127.0279931,37.4971249],[127.0283642,37.49632],[127.0286397,37.4957118],[127.0290535,37.4948535],[127.0298377,37.4932268],[127.0303768,37.492072],[127.0308344,37.4910994],[127.0315457,37.4896183],[127.0318518,37.4889857],[127.0323827,37.4878807],[127.0327773,37.487048],[127.0336205,37.4852858],[127.0336841,37.4851609],[127.0338585,37.4848181],[127.0339556,37.4846696],[127.0341011,37.4844223],[127.0346881,37.4838155],[127.0349954,37.4835275],[127.0359704,37.482585],[127.0360491,37.4825167],[127.0361965,37.4823921],[127.0366322,37.4819863],[127.0370464,37.4815291],[127.037338,37.4811995],[127.0376059,37.4808875],[127.037859,37.4804099],[127.0380177,37.4800907],[127.038161,37.4797554],[127.038256,37.4795469],[127.0384215,37.4790665],[127.0385032,37.4785832],[127.0385585,37.4780338],[127.0385229,37.4769822],[127.0384558,37.4760639],[127.0383121,37.4753432],[127.0382642,37.4750187],[127.0381896,37.4744324],[127.0381401,37.4739292],[127.0380972,37.4730565],[127.0382495,37.4709717],[127.0383592,37.4701433],[127.0388128,37.4662201],[127.0388254,37.4661265],[127.0388604,37.4660402],[127.0389213,37.4659637],[127.0389879,37.4658883],[127.0407829,37.4638647],[127.0506392,37.452701],[127.0515778,37.4516937],[127.0530187,37.4501779],[127.0531169,37.4500745],[127.0545599,37.4484001],[127.0545673,37.4483921],[127.0574901,37.4452484],[127.0618787,37.4393599],[127.0743072,37.4266208],[127.0749303,37.4261784],[127.0798353,37.4224308],[127.0827514,37.420212],[127.0852727,37.4185657],[127.0912684,37.4152963],[127.0948739,37.4133302],[127.1085177,37.4068296],[127.109106,37.4064638],[127.1096778,37.4060072],[127.1101295,37.4055127],[127.1104961,37.4050253],[127.1105223,37.4049839],[127.1105251,37.4049774],[127.1108748,37.4041613],[127.1108758,37.4040014],[127.1110345,37.4033737],[127.1111029,37.4027795],[127.1111216,37.4024207],[127.1111758,37.3985056],[127.1111765,37.3953972],[127.1111791,37.3950617],[127.1111814,37.3947644],[127.1111873,37.3943639],[127.111185,37.3941183],[127.1112779,37.3912899],[127.111237,37.3846852],[127.1112209,37.3843696],[127.1111887,37.384067],[127.1111565,37.3838837],[127.1111168,37.3836749],[127.1110465,37.3834372],[127.1096081,37.3803163],[127.1092309,37.3793287],[127.108926,37.3784051],[127.1086283,37.3772563],[127.108522,37.3766663],[127.1084362,37.375916],[127.108433,37.3675652],[127.1084329,37.3673677],[127.1085072,37.3644381],[127.1085157,37.3641006],[127.1085802,37.3621696],[127.108616,37.3611009],[127.1088095,37.3553104],[127.1088375,37.3539084],[127.1088523,37.3534378],[127.1088676,37.3529369],[127.1088733,37.3522016],[127.1089142,37.3500683],[127.1089145,37.349988],[127.1089168,37.3498815],[127.1089357,37.3474661],[127.108968,37.3458396],[127.1089456,37.3452947],[127.1088627,37.3449937],[127.1088336,37.3448109],[127.108778,37.3446459],[127.108688,37.344484],[127.1085494,37.344293],[127.1083999,37.344088],[127.1081846,37.3438776],[127.107897,37.3436293],[127.1076179,37.3434393],[127.1073558,37.3432987],[127.1070984,37.3431958],[127.1063938,37.3429469],[127.1060234,37.3428427],[127.1054299,37.3427153],[127.104603,37.3425069],[127.1043544,37.3424261],[127.1042077,37.3423652],[127.1039466,37.3422307],[127.1037672,37.3421154],[127.1036275,37.342],[127.1034337,37.3418399],[127.1032618,37.3416377],[127.1030873,37.3414336],[127.1030103,37.3412801],[127.1029722,37.3411207],[127.1029665,37.3407499],[127.102944,37.3402246],[127.1028987,37.3392876],[127.1028893,37.3390647],[127.1028482,37.3378769],[127.1028339,37.3329398],[127.1027254,37.3289383],[127.1026717,37.3282728],[127.1024572,37.3276671],[127.1022104,37.3272405],[127.1019744,37.3269931],[127.1016862,37.3267703],[127.1015881,37.3266945],[127.1007727,37.3261997],[127.0989488,37.3251077],[127.0963487,37.3234547],[127.0963021,37.3234251],[127.096134,37.3233182],[127.0956584,37.3230224],[127.0947567,37.3224903],[127.0869111,37.3181711],[127.0853876,37.3175909],[127.0834671,37.316968],[127.0828127,37.3167888],[127.0823835,37.3165499],[127.0820509,37.3161404],[127.0816969,37.3155516],[127.0813732,37.3150496],[127.0805385,37.3137548],[127.0803106,37.3134135],[127.0800718,37.313216],[127.0798928,37.3131049],[127.0794636,37.3128489],[127.0789446,37.3125609],[127.0785615,37.3123298],[127.0774891,37.3116701],[127.0772335,37.3115272],[127.0770626,37.3113401],[127.0769234,37.311075],[127.0749134,37.3066326],[127.0749026,37.3064576],[127.0748901,37.3063082],[127.0749008,37.3061373],[127.0748896,37.3051251],[127.0749007,37.3048121],[127.074779,37.3044658],[127.0746275,37.3040948],[127.0744819,37.3038026],[127.0743096,37.3035402],[127.0741346,37.3033129],[127.0739274,37.3031027],[127.0736203,37.3028444],[127.0704541,37.3006502],[127.0703383,37.3005107],[127.0702095,37.3002888],[127.0693373,37.2974137],[127.0684949,37.2946525],[127.0683408,37.2940602],[127.0682931,37.2938669],[127.0682282,37.293676],[127.0681451,37.2934776],[127.0680619,37.2933304],[127.0679386,37.2931682],[127.0676978,37.292911],[127.0675135,37.2927659],[127.0673532,37.2926627],[127.0672551,37.2925997],[127.0669773,37.292468],[127.066736,37.2923703],[127.0650351,37.29166],[127.0643874,37.2914136],[127.0634914,37.2910344],[127.063411,37.2910045],[127.0633027,37.2909503],[127.0631803,37.290885],[127.0630462,37.2907996],[127.0627941,37.2906161],[127.0625795,37.2904411],[127.0621074,37.2900271],[127.0577532,37.2864669],[127.0574947,37.2862614],[127.0568302,37.2859272],[127.0565175,37.2858432],[127.0561659,37.2858004],[127.0556855,37.2859366],[127.0552171,37.2861123],[127.0547058,37.286343],[127.0534668,37.2870695],[127.0531239,37.2872814],[127.0514993,37.288547],[127.0492808,37.2901673],[127.0487111,37.2907025],[127.0484892,37.2909365],[127.0484147,37.2910151],[127.0482726,37.2912477],[127.0481867,37.2914867],[127.0481438,37.2918281],[127.0481573,37.2921482],[127.048176,37.2924362],[127.0482297,37.2927329],[127.0482994,37.2930274],[127.0484228,37.2933474],[127.0486373,37.2937059],[127.0488519,37.2940302],[127.0489807,37.2943204],[127.0497681,37.2968381],[127.0498174,37.2970734],[127.0498297,37.2973185],[127.049801,37.2975118],[127.0497499,37.2977452],[127.0496139,37.2980204],[127.0492029,37.2986451],[127.049106,37.2987639],[127.0487882,37.299061],[127.048066,37.2998376],[127.0479576,37.2999347],[127.0478513,37.3000299],[127.047552,37.3002558],[127.0474693,37.3003182],[127.046854,37.3007303],[127.0464842,37.3009276],[127.0454569,37.3014959],[127.0452679,37.3015926],[127.04523,37.301612],[127.0451346,37.3016608],[127.0448462,37.3018086],[127.0436705,37.3024112],[127.0435221,37.3024813],[127.0432127,37.3026219]]},"properties":{"names":{"primary":"신분당선","common":null,"rules":[{"variant":"common","language":"en","perspectives":null,"value":"Shinbundang Line","between":[0.0,0.999056206],"side":null},{"variant":"common","language":"ja","perspectives":null,"value":"新盆唐線","between":[0.0,0.999056206],"side":null},{"variant":"common","language":"ko-Hani","perspectives":null,"value":"新盆唐線","between":[0.0,0.999056206],"side":null},{"variant":"common","language":"ko","perspectives":null,"value":"신분당선","between":[0.0,0.999056206],"side":null},{"variant":"common","language":null,"perspectives":null,"value":"신분당선","between":[0.0,0.999056206],"side":null},{"variant":"common","language":"zh-Hans","perspectives":null,"value":"新盆唐线","between":[0.0,0.999056206],"side":null},{"variant":"common","language":"zh-Hant","perspectives":null,"value":"新盆唐線","between":[0.0,0.999056206],"side":null},{"variant":"common","language":"zh","perspectives":null,"value":"新盆唐线","between":[0.0,0.999056206],"side":null}]},"subtype":"rail","class":"standard_gauge","connectors":[{"connector_id":"e42ed5a8-ef4e-4948-9974-b958937df2ef","at":0.0},{"connector_id":"71d1cdd0-73db-40ff-93d9-dc9e3511b36b","at":0.069306543},{"connector_id":"0e285784-7499-43cb-b4ab-4819e9ea29bb","at":0.070231444},{"connector_id":"a5d27a32-4060-44e7-a7e2-a847c5e80aa8","at":0.079587801},{"connector_id":"ae952ccb-949a-486c-a8bf-ccb2ad0e52d8","at":0.610229069},{"connector_id":"322f2dd3-d17a-4507-b4ac-9e179e4f385a","at":0.753871636},{"connector_id":"75e5858c-e3c5-41eb-a400-96f73ce85437","at":0.941028701},{"connector_id":"50cc2aec-b9d9-4b6f-8cd4-85643933fbcd","at":0.949000996},{"connector_id":"9121b6f1-491e-4dee-b951-4c00f651a9aa","at":1.0}],"rail_flags":[{"values":["is_tunnel"],"between":[0.0,0.979119423]},{"values":["is_bridge"],"between":[0.984099132,0.984954608]},{"values":["is_bridge"],"between":[0.992970659,0.993985864]}],"level_rules":[{"value":-3,"between":[0.0,0.979119423]},{"value":1,"between":[0.984099132,0.984954608]},{"value":1,"between":[0.992970659,0.993985864]}],"sources":[{"property":"","dataset":"OpenStreetMap","license":"ODbL-1.0","record_id":"w1064473668@8","update_time":"2026-07-07T09:43:51Z","confidence":null,"between":[0.0,0.005812452],"provider":"osm","resource":"planet","version":"2026-08-05"},{"property":"","dataset":"OpenStreetMap","license":"ODbL-1.0","record_id":"w304232223@30","update_time":"2026-07-07T09:43:51Z","confidence":null,"between":[0.005812452,0.062605602],"provider":"osm","resource":"planet","version":"2026-08-05"},{"property":"","dataset":"OpenStreetMap","license":"ODbL-1.0","record_id":"w391358773@63","update_time":"2026-07-07T09:43:51Z","confidence":null,"between":[0.062605602,0.246594901],"provider":"osm","resource":"planet","version":"2026-08-05"},{"property":"","dataset":"OpenStreetMap","license":"ODbL-1.0","record_id":"w949889490@10","update_time":"2026-07-07T09:43:51Z","confidence":null,"between":[0.246594901,0.589419208],"provider":"osm","resource":"planet","version":"2026-08-05"},{"property":"","dataset":"OpenStreetMap","license":"ODbL-1.0","record_id":"w675112943@22","update_time":"2026-07-07T09:43:51Z","confidence":null,"between":[0.589419208,0.979119423],"provider":"osm","resource":"planet","version":"2026-08-05"},{"property":"","dataset":"OpenStreetMap","license":"ODbL-1.0","record_id":"w549032652@13","update_time":"2026-01-03T17:04:00Z","confidence":null,"between":[0.979119423,0.984099132],"provider":"osm","resource":"planet","version":"2026-08-05"},{"property":"","dataset":"OpenStreetMap","license":"ODbL-1.0","record_id":"w549032653@13","update_time":"2026-01-03T17:04:00Z","confidence":null,"between":[0.984099132,0.984954608],"provider":"osm","resource":"planet","version":"2026-08-05"},{"property":"","dataset":"OpenStreetMap","license":"ODbL-1.0","record_id":"w669314230@10","update_time":"2026-01-03T17:05:29Z","confidence":null,"between":[0.984954608,0.992970659],"provider":"osm","resource":"planet","version":"2026-08-05"},{"property":"","dataset":"OpenStreetMap","license":"ODbL-1.0","record_id":"w669314229@10","update_time":"2026-01-03T17:05:29Z","confidence":null,"between":[0.992970659,0.993985864],"provider":"osm","resource":"planet","version":"2026-08-05"},{"property":"","dataset":"OpenStreetMap","license":"ODbL-1.0","record_id":"w669704821@10","update_time":"2026-07-07T09:43:51Z","confidence":null,"between":[0.993985864,0.999056206],"provider":"osm","resource":"planet","version":"2026-08-05"},{"property":"","dataset":"OpenStreetMap","license":"ODbL-1.0","record_id":"w951688081@4","update_time":"2026-07-07T09:43:51Z","confidence":null,"between":[0.999056206,1.0],"provider":"osm","resource":"planet","version":"2026-08-05"}],"version":4}},
{"id":"c828ed85-29fc-4f8b-a026-615f393cbfe0","type":"Feature","geometry":{"type":"LineString","coordinates":[[127.0855965,37.4148703],[127.0849699,37.415492],[127.0749471,37.4254261],[127.0718566,37.4284893],[127.0711818,37.4291467],[127.0696109,37.4306778],[127.0673972,37.4329023],[127.065366,37.4349255],[127.0637493,37.4365358],[127.0625813,37.4376981],[127.0621581,37.4381346],[127.0613159,37.4390922],[127.0609284,37.4395945],[127.060186,37.4406064],[127.0593242,37.4417882],[127.0584527,37.4430157],[127.0575501,37.4442507],[127.0570772,37.4449197],[127.0567195,37.4453638],[127.0555005,37.4468131],[127.0540947,37.448379],[127.0535549,37.4489798],[127.0528587,37.4497496],[127.0521626,37.4505292],[127.0485857,37.454574]]},"properties":{"names":{"primary":"경부고속도로","common":[["zh-Hant","京釜高速公路"],["ko","경부고속도로"],["el","Αυτοκινητόδρομος Γκιόνγκμπου"],["ko-Latn","Gyeongbugosokdoro"],["ko-Hani","京釜高速道路"],["zh","京釜高速公路"]],"rules":[{"variant":"common","language":null,"perspectives":null,"value":"경부고속도로","between":null,"side":null},{"variant":"common","language":"en","perspectives":null,"value":"Gyeongbu Expressway","between":[0.0,0.352833407],"side":null},{"variant":"common","language":"en","perspectives":null,"value":"Gyeongbu Expressway North","between":[0.352833407,0.369981583],"side":null},{"variant":"common","language":"en","perspectives":null,"value":"Gyeongbu Expressway","between":[0.369981583,1.0],"side":null}]},"subtype":"road","class":"motorway","connectors":[{"connector_id":"27271374-ab3c-4f4c-abd0-5a6034bdcd22","at":0.0},{"connector_id":"7ee18a32-c2cb-4eba-b0a9-23b108367490","at":0.273474819},{"connector_id":"60a365de-bcbb-4222-a257-0224138b84d7","at":0.409912657},{"connector_id":"fe0911cc-1fe4-49cc-8bc8-ba0d3a334575","at":1.0}],"road_surface":[{"value":"paved","between":null}],"road_flags":[{"values":["is_bridge"],"between":[0.352833407,0.369981583]}],"width_rules":[{"value":16.0,"between":null}],"level_rules":[{"value":1,"between":[0.352833407,0.369981583]}],"access_restrictions":[{"access_type":"denied","when":{"during":null,"heading":"backward","using":null,"recognized":null,"mode":null,"vehicle":null},"between":null}],"speed_limits":[{"min_speed":{"value":50,"unit":"km/h"},"max_speed":{"value":110,"unit":"km/h"},"is_max_speed_variable":null,"when":null,"between":null}],"routes":[{"name":"고속국도 경부선","network":"KR:expressway","ref":"1","symbol":null,"wikidata":"Q491254","between":null},{"name":"아시안 하이웨이 1호선","network":"AsianHighway","ref":"AH1","symbol":null,"wikidata":"Q494205","between":null}],"destinations":[{"labels":[{"value":"과천","type":"unknown"},{"value":"양재","type":"unknown"},{"value":"41","type":"route_ref"},{"value":"47","type":"route_ref"}],"symbols":null,"from_connector_id":"fe0911cc-1fe4-49cc-8bc8-ba0d3a334575","to_segment_id":"9b21836c-28b5-4bb1-92d2-5c017e81e9f0","to_connector_id":"fe0911cc-1fe4-49cc-8bc8-ba0d3a334575","when":{"heading":"forward"},"final_heading":"forward"}],"sources":[{"property":"/routes","dataset":"OpenStreetMap","license":"ODbL-1.0","record_id":"r3836355@504","update_time":null,"confidence":null,"between":null,"provider":"osm","resource":"planet","version":"2026-08-05"},{"property":"/routes","dataset":"OpenStreetMap","license":"ODbL-1.0","record_id":"r6818097@186","update_time":null,"confidence":null,"between":null,"provider":"osm","resource":"planet","version":"2026-08-05"},{"property":"","dataset":"OpenStreetMap","license":"ODbL-1.0","record_id":"w402926379@20","update_time":"2025-12-27T07:25:36Z","confidence":null,"between":[0.0,0.352833407],"provider":"osm","resource":"planet","version":"2026-08-05"},{"property":"","dataset":"OpenStreetMap","license":"ODbL-1.0","record_id":"w402926380@12","update_time":"2025-12-27T07:25:36Z","confidence":null,"between":[0.352833407,0.369981583],"provider":"osm","resource":"planet","version":"2026-08-05"},{"property":"","dataset":"OpenStreetMap","license":"ODbL-1.0","record_id":"w154281462@27","update_time":"2025-12-27T07:25:25Z","confidence":null,"between":[0.369981583,1.0],"provider":"osm","resource":"planet","version":"2026-08-05"}],"version":6}},
{"id":"727edf86-72a4-4ec9-a1c9-60c6de5f57a2","type":"Feature","geometry":{"type":"LineString","coordinates":[[127.0820288,37.4107381],[127.0824201,37.4110877],[127.0826098,37.4113396],[127.0828335,37.4116409],[127.0830685,37.411949],[127.083227,37.4121177],[127.0835187,37.4123606],[127.0838245,37.4126012],[127.083932,37.4126979],[127.0839873,37.4127595],[127.0840446,37.4128459],[127.0840815,37.4128972],[127.0841099,37.4129205],[127.0841455,37.4129273],[127.0841778,37.4129192],[127.0842012,37.412899],[127.0842783,37.412812],[127.0843456,37.4127501],[127.0843845,37.4127153],[127.0844086,37.4126984],[127.0844234,37.4126913],[127.0844398,37.4126861],[127.0844602,37.4126836],[127.0844795,37.412684],[127.0844951,37.4126869],[127.0845061,37.4126926],[127.0845132,37.4126991],[127.0846852,37.412919],[127.0849672,37.4132796]]},"properties":{"subtype":"road","class":"motorway","subclass":"link","subclass_rules":[{"value":"link","between":null}],"connectors":[{"connector_id":"b30ea1f3-0f5f-474b-95bb-092b3748b0e3","at":0.0},{"connector_id":"8157aca5-1516-430d-aa61-53dc20ca4395","at":1.0}],"road_flags":[{"values":["is_link"],"between":[0.0,0.823549347]},{"values":["is_bridge","is_link"],"between":[0.823549347,0.890398978]},{"values":["is_link"],"between":[0.890398978,1.0]}],"level_rules":[{"value":1,"between":[0.823549347,0.890398978]}],"access_restrictions":[{"access_type":"denied","when":{"during":null,"heading":"backward","using":null,"recognized":null,"mode":null,"vehicle":null},"between":null}],"speed_limits":[{"min_speed":null,"max_speed":{"value":30,"unit":"km/h"},"is_max_speed_variable":null,"when":null,"between":null}],"destinations":[{"labels":[{"value":"금토","type":"unknown"},{"value":"판교","type":"unknown"}],"symbols":null,"from_connector_id":"8157aca5-1516-430d-aa61-53dc20ca4395","to_segment_id":"727edf86-72a4-4ec9-a1c9-60c6de5f57a2","to_connector_id":"8157aca5-1516-430d-aa61-53dc20ca4395","when":{"heading":"forward"},"final_heading":"forward"}],"sources":[{"property":"","dataset":"OpenStreetMap","license":"ODbL-1.0","record_id":"w1007388599@8","update_time":"2026-01-23T10:09:17Z","confidence":null,"between":[0.0,0.823549347],"provider":"osm","resource":"planet","version":"2026-08-05"},{"property":"","dataset":"OpenStreetMap","license":"ODbL-1.0","record_id":"w1469739866@2","update_time":"2026-01-23T10:09:17Z","confidence":null,"between":[0.823549347,0.890398978],"provider":"osm","resource":"planet","version":"2026-08-05"},{"property":"","dataset":"OpenStreetMap","license":"ODbL-1.0","record_id":"w1462793887@4","update_time":"2026-01-23T10:09:17Z","confidence":null,"between":[0.890398978,1.0],"provider":"osm","resource":"planet","version":"2026-08-05"}],"version":1}},
{"id":"8818b8dd-ec2f-4180-87de-9afb8accd3d8","type":"Feature","geometry":{"type":"LineString","coordinates":[[127.0833526,37.4167778],[127.0835734,37.4164971],[127.083786,37.4162201],[127.0839734,37.4159544],[127.0840376,37.4158437],[127.0841347,37.4156587],[127.0842292,37.4154825],[127.0843036,37.4152217],[127.0843347,37.4150518],[127.0843102,37.4148573],[127.0842574,37.4146328],[127.0841923,37.4144262],[127.0841151,37.4142857],[127.0840244,37.4141261],[127.0832487,37.4130611],[127.0827894,37.4125047],[127.0821396,37.4117435],[127.0818521,37.4114034],[127.0815229,37.4110112],[127.0813708,37.4108143],[127.0813206,37.4107534],[127.0812606,37.4106805],[127.0812037,37.4106038],[127.0807511,37.4100744],[127.0801492,37.4093704]]},"properties":{"subtype":"road","class":"motorway","subclass":"link","subclass_rules":[{"value":"link","between":null}],"connectors":[{"connector_id":"09bcb92f-2350-4b4a-99f6-42cd968ad13b","at":0.0},{"connector_id":"a78e1c73-3f55-4efa-a520-ba5e895abbb2","at":0.900384916},{"connector_id":"bcbc305e-df4f-4fc8-bf31-1275cf06391a","at":1.0}],"road_flags":[{"values":["is_link"],"between":[0.0,0.203717469]},{"values":["is_bridge","is_link"],"between":[0.203717469,0.480649361]},{"values":["is_link"],"between":[0.480649361,1.0]}],"level_rules":[{"value":1,"between":[0.203717469,0.480649361]}],"access_restrictions":[{"access_type":"denied","when":{"during":null,"heading":"backward","using":null,"recognized":null,"mode":null,"vehicle":null},"between":null}],"speed_limits":[{"min_speed":null,"max_speed":{"value":50,"unit":"km/h"},"is_max_speed_variable":null,"when":null,"between":[0.0,0.480649361]},{"min_speed":null,"max_speed":{"value":40,"unit":"km/h"},"is_max_speed_variable":null,"when":null,"between":[0.480649361,1.0]}],"destinations":[{"labels":[{"value":"171","type":"route_ref"},{"value":"서판교","type":"unknown"},{"value":"흥덕","type":"unknown"}],"symbols":null,"from_connector_id":"a78e1c73-3f55-4efa-a520-ba5e895abbb2","to_segment_id":"8818b8dd-ec2f-4180-87de-9afb8accd3d8","to_connector_id":"a78e1c73-3f55-4efa-a520-ba5e895abbb2","when":{"heading":"forward"},"final_heading":"forward"},{"labels":[{"value":"171","type":"route_ref"},{"value":"서판교","type":"unknown"},{"value":"흥덕","type":"unknown"}],"symbols":null,"from_connector_id":"bcbc305e-df4f-4fc8-bf31-1275cf06391a","to_segment_id":"8818b8dd-ec2f-4180-87de-9afb8accd3d8","to_connector_id":"bcbc305e-df4f-4fc8-bf31-1275cf06391a","when":{"heading":"forward"},"final_heading":"forward"}],"sources":[{"property":"","dataset":"OpenStreetMap","license":"ODbL-1.0","record_id":"w598432164@11","update_time":"2025-11-24T05:52:23Z","confidence":null,"between":[0.0,0.203717469],"provider":"osm","resource":"planet","version":"2026-08-05"},{"property":"","dataset":"OpenStreetMap","license":"ODbL-1.0","record_id":"w1122897132@6","update_time":"2025-11-24T05:52:23Z","confidence":null,"between":[0.203717469,0.480649361],"provider":"osm","resource":"planet","version":"2026-08-05"},{"property":"","dataset":"OpenStreetMap","license":"ODbL-1.0","record_id":"w658229302@5","update_time":"2026-02-07T19:50:00Z","confidence":null,"between":[0.480649361,1.0],"provider":"osm","resource":"planet","version":"2026-08-05"}],"version":7}},
{"id":"a8d714f2-66fc-4308-adac-1717b7ffd993","type":"Feature","geometry":{"type":"LineString","coordinates":[[127.0849672,37.4132796],[127.0847578,37.4133338],[127.0844681,37.4133891],[127.0842395,37.4134319],[127.084121,37.4134663],[127.0839291,37.4135357],[127.0838755,37.4135602],[127.083764,37.4136112],[127.083612,37.4136975],[127.083253,37.414024],[127.0829821,37.4143521],[127.0825127,37.4150551],[127.0818529,37.4159264],[127.0812682,37.4167721],[127.0811073,37.4169809],[127.0810214,37.4171258],[127.0809964,37.4171913]]},"properties":{"names":{"primary":"달래내로","common":[["ko","달래내로"],["en","Dallaenae-ro"]],"rules":[{"variant":"common","language":null,"perspectives":null,"value":"달래내로","between":null,"side":null}]},"subtype":"road","class":"tertiary","connectors":[{"connector_id":"8157aca5-1516-430d-aa61-53dc20ca4395","at":0.0},{"connector_id":"068c5fef-cbc5-4e8b-813c-f9633751ff1b","at":1.0}],"road_flags":[{"values":["is_bridge"],"between":[0.133516315,0.174904486]}],"level_rules":[{"value":1,"between":[0.133516315,0.174904486]}],"destinations":[{"labels":[{"value":"금토","type":"unknown"},{"value":"판교","type":"unknown"}],"symbols":null,"from_connector_id":"8157aca5-1516-430d-aa61-53dc20ca4395","to_segment_id":"727edf86-72a4-4ec9-a1c9-60c6de5f57a2","to_connector_id":"8157aca5-1516-430d-aa61-53dc20ca4395","when":{"heading":"backward"},"final_heading":"forward"}],"sources":[{"property":"","dataset":"OpenStreetMap","license":"ODbL-1.0","record_id":"w1462793888@3","update_time":"2026-06-20T00:16:43Z","confidence":null,"between":[0.0,0.133516315],"provider":"osm","resource":"planet","version":"2026-08-05"},{"property":"","dataset":"OpenStreetMap","license":"ODbL-1.0","record_id":"w1462793889@1","update_time":"2025-12-30T10:09:26Z","confidence":null,"between":[0.133516315,0.174904486],"provider":"osm","resource":"planet","version":"2026-08-05"},{"property":"","dataset":"OpenStreetMap","license":"ODbL-1.0","record_id":"w431740261@16","update_time":"2026-06-09T10:58:25Z","confidence":null,"between":[0.174904486,1.0],"provider":"osm","resource":"planet","version":"2026-08-05"}],"version":1}},
{"id":"d1a5a2b4-247f-49a7-9e04-49b2c2259e2a","type":"Feature","geometry":{"type":"LineString","coordinates":[[127.0809037,37.4096237],[127.0814828,37.4103668],[127.0816064,37.410519],[127.081667,37.4105932],[127.0817183,37.4106561],[127.0830617,37.4125248],[127.0834236,37.4130387],[127.0844559,37.414419],[127.0852388,37.4155313],[127.0857908,37.4163247],[127.0878225,37.4192441],[127.0890824,37.4209811],[127.0892914,37.4213924],[127.089565,37.4219132]]},"properties":{"names":{"primary":"용인서울고속도로","common":[["zh-Hans","龙仁首尔高速公路"],["en","Yongin - Seoul Expressway"],["zh-Hant","龍仁首爾高速公路"],["ko","용인서울고속도로"],["zh","龍仁首爾高速公路"]],"rules":[{"variant":"common","language":null,"perspectives":null,"value":"용인서울고속도로","between":null,"side":null},{"variant":"common","language":"ko-Latn","perspectives":null,"value":"Yonginseoulgosokdoro","between":[0.0,0.549601379],"side":null},{"variant":"common","language":"el","perspectives":null,"value":"Αυτοκινητόδρομος Γιόνγιν-Σεούλ","between":[0.0,0.928520092],"side":null},{"variant":"common","language":"ko-Latn","perspectives":null,"value":"Yongin Seoul Gosok Doro","between":[0.549601379,0.928520092],"side":null},{"variant":"common","language":"ko-Latn","perspectives":null,"value":"Yonginseoulgosokdoro","between":[0.928520092,1.0],"side":null}]},"subtype":"road","class":"motorway","connectors":[{"connector_id":"4e926672-dd73-4c4a-8466-d0a5b271c01f","at":0.0},{"connector_id":"a3d5f646-4c86-4c60-8e0e-80bf77a61b00","at":1.0}],"road_flags":[{"values":["is_covered"],"between":[0.074876841,0.086468573]},{"values":["is_bridge"],"between":[0.280941434,0.485281636]},{"values":["is_tunnel"],"between":[0.549601379,0.928520092]}],"level_rules":[{"value":2,"between":[0.280941434,0.485281636]},{"value":-1,"between":[0.549601379,0.928520092]}],"access_restrictions":[{"access_type":"denied","when":{"during":null,"heading":"backward","using":null,"recognized":null,"mode":null,"vehicle":null},"between":null}],"speed_limits":[{"min_speed":{"value":50,"unit":"km/h"},"max_speed":{"value":100,"unit":"km/h"},"is_max_speed_variable":null,"when":null,"between":[0.0,0.074876841]},{"min_speed":{"value":50,"unit":"km/h"},"max_speed":{"value":100,"unit":"km/h"},"is_max_speed_variable":null,"when":null,"between":[0.086468573,1.0]},{"min_speed":null,"max_speed":{"value":80,"unit":"km/h"},"is_max_speed_variable":null,"when":{"during":null,"heading":null,"using":null,"recognized":null,"mode":["hgv"],"vehicle":null},"between":[0.0,0.074876841]},{"min_speed":null,"max_speed":{"value":80,"unit":"km/h"},"is_max_speed_variable":null,"when":{"during":null,"heading":null,"using":null,"recognized":null,"mode":["hgv"],"vehicle":null},"between":[0.086468573,1.0]}],"routes":[{"name":"고속국도 용인~서울선","network":"KR:expressway","ref":"171","symbol":null,"wikidata":null,"between":null}],"sources":[{"property":"/routes","dataset":"OpenStreetMap","license":"ODbL-1.0","record_id":"r6952269@24","update_time":null,"confidence":null,"between":null,"provider":"osm","resource":"planet","version":"2026-08-05"},{"property":"","dataset":"OpenStreetMap","license":"ODbL-1.0","record_id":"w154281502@16","update_time":"2025-12-20T08:16:34Z","confidence":null,"between":[0.0,0.074876841],"provider":"osm","resource":"planet","version":"2026-08-05"},{"property":"","dataset":"OpenStreetMap","license":"ODbL-1.0","record_id":"w492211160@12","update_time":"2026-02-07T19:50:00Z","confidence":null,"between":[0.074876841,0.086468573],"provider":"osm","resource":"planet","version":"2026-08-05"},{"property":"","dataset":"OpenStreetMap","license":"ODbL-1.0","record_id":"w492211161@14","update_time":"2025-12-20T08:16:39Z","confidence":null,"between":[0.086468573,0.280941434],"provider":"osm","resource":"planet","version":"2026-08-05"},{"property":"","dataset":"OpenStreetMap","license":"ODbL-1.0","record_id":"w43949839@21","update_time":"2025-12-30T10:09:26Z","confidence":null,"between":[0.280941434,0.485281636],"provider":"osm","resource":"planet","version":"2026-08-05"},{"property":"","dataset":"OpenStreetMap","license":"ODbL-1.0","record_id":"w37375987@21","update_time":"2025-12-20T08:16:27Z","confidence":null,"between":[0.485281636,0.549601379],"provider":"osm","resource":"planet","version":"2026-08-05"},{"property":"","dataset":"OpenStreetMap","license":"ODbL-1.0","record_id":"w154281494@20","update_time":"2025-12-27T07:25:25Z","confidence":null,"between":[0.549601379,0.928520092],"provider":"osm","resource":"planet","version":"2026-08-05"},{"property":"","dataset":"OpenStreetMap","license":"ODbL-1.0","record_id":"w1190948813@5","update_time":"2026-02-07T19:50:00Z","confidence":null,"between":[0.928520092,1.0],"provider":"osm","resource":"planet","version":"2026-08-05"}],"version":3}},
{"id":"ecf5b475-b4f0-4e86-83da-82a0126657ed","type":"Feature","geometry":{"type":"LineString","coordinates":[[127.0898458,37.4236801],[127.0895433,37.4229132],[127.089168,37.422106],[127.0888106,37.42141],[127.0886343,37.4210685],[127.0875136,37.4194502],[127.0857152,37.4169117],[127.0849884,37.4158857],[127.0845428,37.41526],[127.0840971,37.4146343],[127.0830245,37.4132261],[127.0812053,37.4108896],[127.0811603,37.4108301],[127.0811028,37.4107542],[127.080877,37.410467],[127.0801492,37.4093704]]},"properties":{"names":{"primary":"용인서울고속도로","common":[["zh-Hans","龙仁首尔高速公路"],["en","Yongin - Seoul Expressway"],["zh-Hant","龍仁首爾高速公路"],["ko","용인서울고속도로"],["zh","龍仁首爾高速公路"]],"rules":[{"variant":"common","language":null,"perspectives":null,"value":"용인서울고속도로","between":null,"side":null},{"variant":"common","language":"ko-Latn","perspectives":null,"value":"Yonginseoulgosokdoro","between":[0.0,0.170891119],"side":null},{"variant":"common","language":"ko-Latn","perspectives":null,"value":"Yongin Seoul Gosok Doro","between":[0.170891119,0.463109185],"side":null},{"variant":"common","language":"el","perspectives":null,"value":"Αυτοκινητόδρομος Γιόνγιν-Σεούλ","between":[0.170891119,0.535385894],"side":null},{"variant":"common","language":"ko-Latn","perspectives":null,"value":"Yonginseoulgosokdoro","between":[0.463109185,1.0],"side":null},{"variant":"common","language":"el","perspectives":null,"value":"Αυτοκινητόδρομος Γιόνγιν-Σεούλ","between":[0.623655323,1.0],"side":null}]},"subtype":"road","class":"motorway","connectors":[{"connector_id":"8dc0efea-2dea-45e5-8f1a-a746ec7ebe9f","at":0.0},{"connector_id":"53e4c8dd-1daa-45ea-8327-e82884cf5a8e","at":0.923899024},{"connector_id":"bcbc305e-df4f-4fc8-bf31-1275cf06391a","at":1.0}],"road_surface":[{"value":"paved","between":null}],"road_flags":[{"values":["is_tunnel"],"between":[0.170891119,0.463109185]},{"values":["is_bridge"],"between":[0.535385894,0.724712298]},{"values":["is_covered"],"between":[0.893404003,0.903107949]}],"width_rules":[{"value":12.0,"between":[0.535385894,0.724712298]}],"level_rules":[{"value":-1,"between":[0.170891119,0.463109185]},{"value":2,"between":[0.535385894,0.724712298]}],"access_restrictions":[{"access_type":"denied","when":{"during":null,"heading":"backward","using":null,"recognized":null,"mode":null,"vehicle":null},"between":null}],"speed_limits":[{"min_speed":{"value":50,"unit":"km/h"},"max_speed":{"value":100,"unit":"km/h"},"is_max_speed_variable":null,"when":null,"between":[0.0,0.893404003]},{"min_speed":{"value":50,"unit":"km/h"},"max_speed":{"value":100,"unit":"km/h"},"is_max_speed_variable":null,"when":null,"between":[0.903107949,1.0]},{"min_speed":null,"max_speed":{"value":80,"unit":"km/h"},"is_max_speed_variable":null,"when":{"during":null,"heading":null,"using":null,"recognized":null,"mode":["hgv"],"vehicle":null},"between":[0.0,0.893404003]},{"min_speed":null,"max_speed":{"value":80,"unit":"km/h"},"is_max_speed_variable":null,"when":{"during":null,"heading":null,"using":null,"recognized":null,"mode":["hgv"],"vehicle":null},"between":[0.903107949,1.0]}],"routes":[{"name":"고속국도 용인~서울선","network":"KR:expressway","ref":"171","symbol":null,"wikidata":null,"between":null}],"destinations":[{"labels":[{"value":"171","type":"route_ref"},{"value":"서판교","type":"unknown"},{"value":"흥덕","type":"unknown"}],"symbols":null,"from_connector_id":"bcbc305e-df4f-4fc8-bf31-1275cf06391a","to_segment_id":"8818b8dd-ec2f-4180-87de-9afb8accd3d8","to_connector_id":"bcbc305e-df4f-4fc8-bf31-1275cf06391a","when":{"heading":"forward"},"final_heading":"forward"}],"sources":[{"property":"/routes","dataset":"OpenStreetMap","license":"ODbL-1.0","record_id":"r6952269@24","update_time":null,"confidence":null,"between":null,"provider":"osm","resource":"planet","version":"2026-08-05"},{"property":"","dataset":"OpenStreetMap","license":"ODbL-1.0","record_id":"w1190948814@6","update_time":"2026-03-21T03:45:57Z","confidence":null,"between":[0.0,0.170891119],"provider":"osm","resource":"planet","version":"2026-08-05"},{"property":"","dataset":"OpenStreetMap","license":"ODbL-1.0","record_id":"w154281495@21","update_time":"2026-03-21T03:45:59Z","confidence":null,"between":[0.170891119,0.463109185],"provider":"osm","resource":"planet","version":"2026-08-05"},{"property":"","dataset":"OpenStreetMap","license":"ODbL-1.0","record_id":"w154281487@18","update_time":"2026-03-21T03:45:59Z","confidence":null,"between":[0.463109185,0.535385894],"provider":"osm","resource":"planet","version":"2026-08-05"},{"property":"","dataset":"OpenStreetMap","license":"ODbL-1.0","record_id":"w1030372633@9","update_time":"2026-03-21T03:46:00Z","confidence":null,"between":[0.535385894,0.623655323],"provider":"osm","resource":"planet","version":"2026-08-05"},{"property":"","dataset":"OpenStreetMap","license":"ODbL-1.0","record_id":"w43949838@22","update_time":"2026-03-21T03:46:01Z","confidence":null,"between":[0.623655323,0.724712298],"provider":"osm","resource":"planet","version":"2026-08-05"},{"property":"","dataset":"OpenStreetMap","license":"ODbL-1.0","record_id":"w37376179@22","update_time":"2026-03-21T03:46:01Z","confidence":null,"between":[0.724712298,0.893404003],"provider":"osm","resource":"planet","version":"2026-08-05"},{"property":"","dataset":"OpenStreetMap","license":"ODbL-1.0","record_id":"w492211162@13","update_time":"2026-03-21T03:46:02Z","confidence":null,"between":[0.893404003,0.903107949],"provider":"osm","resource":"planet","version":"2026-08-05"},{"property":"","dataset":"OpenStreetMap","license":"ODbL-1.0","record_id":"w492211163@14","update_time":"2026-03-21T03:46:02Z","confidence":null,"between":[0.903107949,1.0],"provider":"osm","resource":"planet","version":"2026-08-05"}],"version":4}},
{"id":"317eb9e4-00e2-4129-84c6-29ed2aa4d601","type":"Feature","geometry":{"type":"LineString","coordinates":[[127.0820288,37.4107381],[127.0821815,37.4109516],[127.0822357,37.4110296],[127.0824476,37.411334600000004],[127.0825823,37.4115591],[127.082756,37.4118796],[127.0828924,37.4121036],[127.0830676,37.412341],[127.0835359,37.4129349],[127.0849354,37.4148591],[127.0851363,37.4150877],[127.0851991,37.4151482],[127.0853069,37.4152486],[127.0854212,37.4153274],[127.08554,37.4154083],[127.085612,37.4154416],[127.0857019,37.41548],[127.0858025,37.4155147],[127.0859021,37.4155381],[127.0860085,37.4155611],[127.0861064,37.4155665],[127.08621,37.4155751],[127.0863056,37.4155649],[127.0864092,37.4155468],[127.0864976,37.4155289],[127.0865905,37.4154975],[127.0866768,37.4154631],[127.0867908,37.4154058],[127.086865,37.4153461],[127.0869328,37.4152628],[127.0869692,37.4151984],[127.086993,37.4151333],[127.0869977,37.4150797],[127.0870079,37.4150103],[127.0870089,37.414936],[127.0869909,37.41488],[127.0869562,37.4148234],[127.0869054,37.4147576],[127.0868607,37.4147075],[127.0868119,37.4146688],[127.0867499,37.4146244],[127.0866849,37.4145961],[127.0866036,37.4145727],[127.0865172,37.4145574],[127.086457,37.4145429],[127.0863401,37.4145502],[127.0862242,37.4145728],[127.0861399,37.4145962],[127.0860637,37.4146301],[127.0859792,37.4146671],[127.0858598,37.4147229],[127.0857762,37.4147648],[127.0856953,37.4148107],[127.0855965,37.4148703]]},"properties":{"subtype":"road","class":"motorway","subclass":"link","subclass_rules":[{"value":"link","between":null}],"connectors":[{"connector_id":"b30ea1f3-0f5f-474b-95bb-092b3748b0e3","at":0.0},{"connector_id":"27271374-ab3c-4f4c-abd0-5a6034bdcd22","at":1.0}],"road_flags":[{"values":["is_link"],"between":[0.0,0.296554179]},{"values":["is_bridge","is_link"],"between":[0.296554179,0.64650814]},{"values":["is_link"],"between":[0.64650814,1.0]}],"level_rules":[{"value":2,"between":[0.296554179,0.64650814]}],"access_restrictions":[{"access_type":"denied","when":{"during":null,"heading":"backward","using":null,"recognized":null,"mode":null,"vehicle":null},"between":null}],"speed_limits":[{"min_speed":null,"max_speed":{"value":60,"unit":"km/h"},"is_max_speed_variable":null,"when":null,"between":[0.0,0.559600314]},{"min_speed":null,"max_speed":{"value":50,"unit":"km/h"},"is_max_speed_variable":null,"when":null,"between":[0.559600314,1.0]}],"destinations":[{"labels":[{"value":"양재","type":"unknown"},{"value":"한남대교","type":"unknown"},{"value":"1","type":"route_ref"}],"symbols":null,"from_connector_id":"27271374-ab3c-4f4c-abd0-5a6034bdcd22","to_segment_id":"317eb9e4-00e2-4129-84c6-29ed2aa4d601","to_connector_id":"27271374-ab3c-4f4c-abd0-5a6034bdcd22","when":{"heading":"forward"},"final_heading":"forward"}],"sources":[{"property":"","dataset":"OpenStreetMap","license":"ODbL-1.0","record_id":"w598432163@11","update_time":"2025-12-30T13:46:35Z","confidence":null,"between":[0.0,0.296554179],"provider":"osm","resource":"planet","version":"2026-08-05"},{"property":"","dataset":"OpenStreetMap","license":"ODbL-1.0","record_id":"w658229305@12","update_time":"2025-12-30T13:46:35Z","confidence":null,"between":[0.296554179,0.559600314],"provider":"osm","resource":"planet","version":"2026-08-05"},{"property":"","dataset":"OpenStreetMap","license":"ODbL-1.0","record_id":"w1462829523@1","update_time":"2025-12-30T13:46:35Z","confidence":null,"between":[0.559600314,0.64650814],"provider":"osm","resource":"planet","version":"2026-08-05"},{"property":"","dataset":"OpenStreetMap","license":"ODbL-1.0","record_id":"w1117594482@9","update_time":"2025-12-30T13:46:35Z","confidence":null,"between":[0.64650814,1.0],"provider":"osm","resource":"planet","version":"2026-08-05"}],"version":1}},
{"id":"fea735db-1f41-475d-a04b-b60506022916","type":"Feature","geometry":{"type":"LineString","coordinates":[[127.0833526,37.4167778],[127.089584,37.4106239]]},"properties":{"names":{"primary":"경부고속도로","common":[["zh-Hant","京釜高速公路"],["ko","경부고속도로"],["el","Αυτοκινητόδρομος Γκιόνγκμπου"],["en","Gyeongbu Expressway"],["ko-Latn","Gyeongbugosokdoro"],["ko-Hani","京釜高速道路"],["zh","京釜高速公路"]],"rules":[{"variant":"common","language":null,"perspectives":null,"value":"경부고속도로","between":null,"side":null}]},"subtype":"road","class":"motorway","connectors":[{"connector_id":"09bcb92f-2350-4b4a-99f6-42cd968ad13b","at":0.0},{"connector_id":"4152f0a0-dd05-4fd9-8772-82f1934b7da3","at":1.0}],"road_surface":[{"value":"paved","between":null}],"width_rules":[{"value":16.0,"between":null}],"access_restrictions":[{"access_type":"denied","when":{"during":null,"heading":"backward","using":null,"recognized":null,"mode":null,"vehicle":null},"between":null}],"speed_limits":[{"min_speed":{"value":50,"unit":"km/h"},"max_speed":{"value":110,"unit":"km/h"},"is_max_speed_variable":null,"when":null,"between":null}],"routes":[{"name":"고속국도 경부선","network":"KR:expressway","ref":"1","symbol":null,"wikidata":"Q491254","between":null},{"name":"아시안 하이웨이 1호선","network":"AsianHighway","ref":"AH1","symbol":null,"wikidata":"Q494205","between":null}],"destinations":[{"labels":[{"value":"대왕판교","type":"unknown"},{"value":"성남","type":"unknown"}],"symbols":null,"from_connector_id":"4152f0a0-dd05-4fd9-8772-82f1934b7da3","to_segment_id":"a65caa1d-2f38-44da-9fa3-6c3252b2b5f5","to_connector_id":"4152f0a0-dd05-4fd9-8772-82f1934b7da3","when":{"heading":"forward"},"final_heading":"forward"}],"sources":[{"property":"/routes","dataset":"OpenStreetMap","license":"ODbL-1.0","record_id":"r3836355@504","update_time":null,"confidence":null,"between":null,"provider":"osm","resource":"planet","version":"2026-08-05"},{"property":"/routes","dataset":"OpenStreetMap","license":"ODbL-1.0","record_id":"r6818097@186","update_time":null,"confidence":null,"between":null,"provider":"osm","resource":"planet","version":"2026-08-05"},{"property":"","dataset":"OpenStreetMap","license":"ODbL-1.0","record_id":"w402926377@18","update_time":"2025-12-27T07:25:36Z","confidence":null,"between":null,"provider":"osm","resource":"planet","version":"2026-08-05"}],"version":6}},
{"id":"55a22cd5-cc83-42b1-b6d3-3808cd50364a","type":"Feature","geometry":{"type":"LineString","coordinates":[[127.0897639,37.4107349],[127.0855965,37.4148703]]},"properties":{"names":{"primary":"경부고속도로","common":[["zh-Hant","京釜高速公路"],["ko","경부고속도로"],["el","Αυτοκινητόδρομος Γκιόνγκμπου"],["en","Gyeongbu Expressway"],["ko-Latn","Gyeongbugosokdoro"],["ko-Hani","京釜高速道路"],["zh","京釜高速公路"]],"rules":[{"variant":"common","language":null,"perspectives":null,"value":"경부고속도로","between":null,"side":null}]},"subtype":"road","class":"motorway","connectors":[{"connector_id":"29377b9d-2c48-4a82-8062-c0c6359191e1","at":0.0},{"connector_id":"27271374-ab3c-4f4c-abd0-5a6034bdcd22","at":1.0}],"road_surface":[{"value":"paved","between":null}],"width_rules":[{"value":16.0,"between":null}],"access_restrictions":[{"access_type":"denied","when":{"during":null,"heading":"backward","using":null,"recognized":null,"mode":null,"vehicle":null},"between":null}],"speed_limits":[{"min_speed":{"value":50,"unit":"km/h"},"max_speed":{"value":110,"unit":"km/h"},"is_max_speed_variable":null,"when":null,"between":null}],"routes":[{"name":"고속국도 경부선","network":"KR:expressway","ref":"1","symbol":null,"wikidata":"Q491254","between":null},{"name":"아시안 하이웨이 1호선","network":"AsianHighway","ref":"AH1","symbol":null,"wikidata":"Q494205","between":null}],"destinations":[{"labels":[{"value":"양재","type":"unknown"},{"value":"한남대교","type":"unknown"},{"value":"1","type":"route_ref"}],"symbols":null,"from_connector_id":"27271374-ab3c-4f4c-abd0-5a6034bdcd22","to_segment_id":"317eb9e4-00e2-4129-84c6-29ed2aa4d601","to_connector_id":"27271374-ab3c-4f4c-abd0-5a6034bdcd22","when":{"heading":"forward"},"final_heading":"forward"}],"sources":[{"property":"/routes","dataset":"OpenStreetMap","license":"ODbL-1.0","record_id":"r3836355@504","update_time":null,"confidence":null,"between":null,"provider":"osm","resource":"planet","version":"2026-08-05"},{"property":"/routes","dataset":"OpenStreetMap","license":"ODbL-1.0","record_id":"r6818097@186","update_time":null,"confidence":null,"between":null,"provider":"osm","resource":"planet","version":"2026-08-05"},{"property":"","dataset":"OpenStreetMap","license":"ODbL-1.0","record_id":"w402926379@20","update_time":"2025-12-27T07:25:36Z","confidence":null,"between":null,"provider":"osm","resource":"planet","version":"2026-08-05"}],"version":6}},
{"id":"63af64a2-4819-468f-bd0b-8fae5692bb13","type":"Feature","geometry":{"type":"LineString","coordinates":[[127.0934083,37.4121608],[127.0949249,37.4112749]]},"properties":{"names":{"primary":"창업로40번길","common":[["ko","창업로40번길"],["en","Changeop-ro 40beon-gil"]],"rules":[{"variant":"common","language":null,"perspectives":null,"value":"창업로40번길","between":null,"side":null}]},"subtype":"road","class":"pedestrian","connectors":[{"connector_id":"dca71141-4216-4436-ad74-93eaff0808ad","at":0.0},{"connector_id":"830ee9a7-511f-42bb-b391-6462acf6e5af","at":1.0}],"sources":[{"property":"","dataset":"OpenStreetMap","license":"ODbL-1.0","record_id":"w619101473@2","update_time":"2019-07-23T03:43:01Z","confidence":null,"between":null,"provider":"osm","resource":"planet","version":"2026-08-05"}],"version":1}},
{"id":"ab3bb3dd-5735-4ec5-b4bb-98484028b07e","type":"Feature","geometry":{"type":"LineString","coordinates":[[127.0948509,37.4108037],[127.0941732,37.4108777],[127.0941397,37.4108811],[127.0941205,37.4108833],[127.0941113,37.4108848],[127.0941021,37.4108876],[127.0940949,37.410891],[127.0940886,37.4108945],[127.0940709,37.4109067],[127.0940456,37.4109244],[127.09314,37.4115354],[127.0930995,37.4115646],[127.093073,37.4115869],[127.0930503,37.4116092],[127.0930305,37.4116379],[127.0930141,37.4116687],[127.0930071,37.4116995],[127.0930028,37.4117303],[127.0930004,37.4117514],[127.0930021,37.4117768],[127.0930085,37.4118005],[127.0930203,37.4118254],[127.0930445,37.4118537],[127.093064,37.4118716],[127.0930834,37.4118885],[127.0934083,37.4121608],[127.0935621,37.4122973],[127.0936108,37.4123383],[127.0936491,37.4123679],[127.0936966,37.4123977],[127.093748,37.4124257],[127.0939125,37.4125008],[127.0940556,37.4125563],[127.0942133,37.4126118],[127.0942807,37.4126337],[127.0943291,37.4126469],[127.094409,37.4126627],[127.0944808,37.4126719],[127.0945312,37.4126759],[127.0945861,37.4126764],[127.0946486,37.4126696],[127.0947055,37.4126584],[127.0947566,37.4126413],[127.094837,37.4126044],[127.0949092,37.412567],[127.0950232,37.4125043],[127.0950773,37.4124724],[127.0956288,37.4121233]]},"properties":{"names":{"primary":"창업로40번길","common":[["ko","창업로40번길"],["en","Changeop-ro 40beon-gil"]],"rules":[{"variant":"common","language":null,"perspectives":null,"value":"창업로40번길","between":null,"side":null}]},"subtype":"road","class":"residential","connectors":[{"connector_id":"1d73eaea-4ab5-404c-9a83-0355b40b41d9","at":0.0},{"connector_id":"dca71141-4216-4436-ad74-93eaff0808ad","at":0.53120844},{"connector_id":"e5cc4cdb-ec19-4b63-a4b7-7111ba4cad12","at":1.0}],"sources":[{"property":"","dataset":"OpenStreetMap","license":"ODbL-1.0","record_id":"w619101472@3","update_time":"2021-04-17T11:25:47Z","confidence":null,"between":null,"provider":"osm","resource":"planet","version":"2026-08-05"}],"version":1}},
{"id":"799058e5-3f25-43b1-b12d-0ae7855dc8aa","type":"Feature","geometry":{"type":"LineString","coordinates":[[127.0975502,37.4128634],[127.0976199,37.412862],[127.0976748,37.412861],[127.0977217,37.4128625],[127.0977861,37.4128647],[127.0978296,37.4128738],[127.0978701,37.4128824]]},"properties":{"subtype":"road","class":"footway","subclass":"crosswalk","subclass_rules":[{"value":"crosswalk","between":null}],"connectors":[{"connector_id":"ca3cd4e9-1201-4492-8355-5d9a8fa611f0","at":0.0},{"connector_id":"8d6d9e0d-bcbf-46c3-a115-7b79c6cdb488","at":0.215914847},{"connector_id":"97aa8ff3-ee30-4851-a299-3e461a5ddf42","at":0.531329335},{"connector_id":"011d6fbd-fce9-4e79-8908-c7fda345d2cb","at":0.870211805},{"connector_id":"78fc90d5-8400-4811-aed5-2bf693fff663","at":1.0}],"sources":[{"property":"","dataset":"OpenStreetMap","license":"ODbL-1.0","record_id":"w1465355966@1","update_time":"2026-01-08T15:56:05Z","confidence":null,"between":null,"provider":"osm","resource":"planet","version":"2026-08-05"}],"version":1}},
{"id":"f074b9a7-8ea8-41b8-a864-68ca9b0274a1","type":"Feature","geometry":{"type":"LineString","coordinates":[[127.0974749,37.4127431],[127.0975471,37.4127942],[127.0976,37.4128393],[127.0976199,37.412862],[127.0976491,37.4128956],[127.097681,37.4129475],[127.0977003,37.4129891],[127.0977565,37.4129395],[127.0978188,37.4128826],[127.0978296,37.4128738],[127.0978616,37.412848],[127.0979114,37.4128127],[127.097969,37.412779]]},"properties":{"subtype":"road","class":"service","subclass":"parking_aisle","subclass_rules":[{"value":"parking_aisle","between":null}],"connectors":[{"connector_id":"06b484bf-88da-4a47-a92f-7d3342403188","at":0.0},{"connector_id":"8d6d9e0d-bcbf-46c3-a115-7b79c6cdb488","at":0.27259557},{"connector_id":"0294a68b-2165-42cb-844d-2d2b1e6ffa31","at":0.506851124},{"connector_id":"011d6fbd-fce9-4e79-8908-c7fda345d2cb","at":0.760223901},{"connector_id":"343b4ec1-916a-40c8-84d6-bb3032f93708","at":1.0}],"sources":[{"property":"","dataset":"OpenStreetMap","license":"ODbL-1.0","record_id":"w1465355964@1","update_time":"2026-01-08T15:56:05Z","confidence":null,"between":[0.0,0.50685707],"provider":"osm","resource":"planet","version":"2026-08-05"},{"property":"","dataset":"OpenStreetMap","license":"ODbL-1.0","record_id":"w1465355965@1","update_time":"2026-01-08T15:56:05Z","confidence":null,"between":[0.50685707,1.0],"provider":"osm","resource":"planet","version":"2026-08-05"}],"version":1}},
{"id":"e49b14bc-96ad-4e66-838d-dd63a8aff82e","type":"Feature","geometry":{"type":"LineString","coordinates":[[127.097736,37.4127777],[127.0977217,37.4128625],[127.0977003,37.4129891],[127.097695,37.4130205]]},"properties":{"subtype":"road","class":"service","subclass":"parking_aisle","subclass_rules":[{"value":"parking_aisle","between":null}],"connectors":[{"connector_id":"1744af19-cb82-42dd-bf13-83b9ebfb72f7","at":0.0},{"connector_id":"97aa8ff3-ee30-4851-a299-3e461a5ddf42","at":0.349250132},{"connector_id":"0294a68b-2165-42cb-844d-2d2b1e6ffa31","at":0.870676458},{"connector_id":"51b585b0-fd50-4a58-83c0-f58612293cf8","at":1.0}],"sources":[{"property":"","dataset":"OpenStreetMap","license":"ODbL-1.0","record_id":"w1465355963@1","update_time":"2026-01-08T15:56:05Z","confidence":null,"between":null,"provider":"osm","resource":"planet","version":"2026-08-05"}],"version":1}},
{"id":"4c876ae1-ee3e-4cb5-8bbe-580ad3dbf74d","type":"Feature","geometry":{"type":"LineString","coordinates":[[127.0992391,37.41243],[127.0990701,37.4124954],[127.0988245,37.4125968],[127.0988062,37.4126027],[127.0987161,37.4126322],[127.0986686,37.4126463],[127.0985589,37.4126788],[127.098406,37.4127242],[127.0982682,37.4127541],[127.0981371,37.4127681],[127.0980073,37.412779],[127.097969,37.412779],[127.0978723,37.4127791],[127.097736,37.4127777],[127.0975854,37.4127655],[127.0974749,37.4127431],[127.0973647,37.4127207],[127.0970947,37.4126531],[127.0963952,37.4124234],[127.0957564,37.4121858],[127.0956907,37.4121576],[127.0956288,37.4121233]]},"properties":{"names":{"primary":"창업로","common":[["ko","창업로"],["en","Changeop-ro"]],"rules":[{"variant":"common","language":null,"perspectives":null,"value":"창업로","between":null,"side":null}]},"subtype":"road","class":"tertiary","connectors":[{"connector_id":"1fece2b3-b0c9-4c4a-936e-2319d1885082","at":0.0},{"connector_id":"4dff0412-5590-4688-8058-2ea10541b39c","at":0.125335338},{"connector_id":"51ee2c1d-e9e3-4be5-84c8-116cbaaed988","at":0.163671045},{"connector_id":"343b4ec1-916a-40c8-84d6-bb3032f93708","at":0.35112406},{"connector_id":"1744af19-cb82-42dd-bf13-83b9ebfb72f7","at":0.411448155},{"connector_id":"06b484bf-88da-4a47-a92f-7d3342403188","at":0.480154015},{"connector_id":"e5cc4cdb-ec19-4b63-a4b7-7111ba4cad12","at":1.0}],"level_rules":[{"value":-1,"between":null}],"sources":[{"property":"","dataset":"OpenStreetMap","license":"ODbL-1.0","record_id":"w431736274@16","update_time":"2026-01-08T15:56:05Z","confidence":null,"between":null,"provider":"osm","resource":"planet","version":"2026-08-05"}],"version":2}},
{"id":"5cf0fbd0-7093-4e52-868b-7ec2193c5d1c","type":"Feature","geometry":{"type":"LineString","coordinates":[[127.0940853,37.4159344],[127.0941653,37.4157458],[127.0943988,37.4149039],[127.0944502,37.4147703],[127.0945576,37.4146961],[127.0946417,37.4146553],[127.0947911,37.4146961],[127.0950199,37.4148111],[127.0954122,37.4149966],[127.0957304,37.4151116],[127.0960146,37.4151412],[127.0964303,37.4151821]]},"properties":{"subtype":"road","class":"service","connectors":[{"connector_id":"412c5791-9957-468c-b778-78a68eed87a8","at":0.0},{"connector_id":"049adc8c-e0e0-42f7-a829-950ebe1ff6ce","at":1.0}],"speed_limits":[{"min_speed":null,"max_speed":{"value":30,"unit":"km/h"},"is_max_speed_variable":null,"when":null,"between":null}],"sources":[{"property":"","dataset":"OpenStreetMap","license":"ODbL-1.0","record_id":"w363355834@3","update_time":"2018-09-06T23:09:13Z","confidence":null,"between":null,"provider":"osm","resource":"planet","version":"2026-08-05"}],"version":1}},
{"id":"b341a55a-9a9e-45f8-95fd-9790713e0480","type":"Feature","geometry":{"type":"LineString","coordinates":[[127.0970373,37.4248659],[127.0998181,37.4235232],[127.1001673,37.4233325],[127.1004937,37.4231204],[127.1009704,37.4228104],[127.1013665,37.4225133],[127.1018087,37.422137],[127.1024506,37.4213465],[127.1028696,37.4207051],[127.1031491,37.4202341],[127.1033818,37.4196627],[127.1034982,37.4192723],[127.1035878,37.4188307],[127.1035989,37.4187555],[127.1036076,37.4186964],[127.103716,37.4179626],[127.1037894,37.4173057],[127.1038773,37.4162243],[127.1039583,37.4152521],[127.1040334,37.4144596],[127.1040978,37.4139994],[127.1042375,37.413493]]},"properties":{"names":{"primary":"분당내곡로","common":[["ko","분당내곡로"]],"rules":[{"variant":"common","language":null,"perspectives":null,"value":"분당내곡로","between":null,"side":null},{"variant":"common","language":"en","perspectives":null,"value":"BundangNaegok-ro","between":[0.0,0.274005513],"side":null},{"variant":"alternate","language":"en","perspectives":null,"value":"Bundang-Naegok Urban Expressway","between":[0.0,0.274005513],"side":null},{"variant":"alternate","language":"ko-Latn","perspectives":null,"value":"Bundang-Naegok dosigosokhwadoro","between":[0.0,0.274005513],"side":null},{"variant":"alternate","language":"ko","perspectives":null,"value":"분당-내곡 도시고속화도로","between":[0.0,0.274005513],"side":null},{"variant":"alternate","language":null,"perspectives":null,"value":"분당-내곡 도시고속화도로","between":[0.0,0.274005513],"side":null},{"variant":"common","language":"en","perspectives":null,"value":"Bundangnaegok-ro","between":[0.274005513,0.411957966],"side":null},{"variant":"common","language":"ja","perspectives":null,"value":"盆唐内谷路","between":[0.274005513,0.411957966],"side":null},{"variant":"common","language":"ko-Latn","perspectives":null,"value":"bundangnaegokro","between":[0.274005513,0.411957966],"side":null},{"variant":"common","language":"en","perspectives":null,"value":"BundangNaegok-ro","between":[0.411957966,1.0],"side":null},{"variant":"alternate","language":"en","perspectives":null,"value":"Bundang-Naegok Urban Expressway","between":[0.411957966,1.0],"side":null},{"variant":"alternate","language":"ko-Latn","perspectives":null,"value":"Bundang-Naegok dosigosokhwadoro","between":[0.411957966,1.0],"side":null},{"variant":"alternate","language":"ko","perspectives":null,"value":"분당-내곡 도시고속화도로","between":[0.411957966,1.0],"side":null},{"variant":"alternate","language":null,"perspectives":null,"value":"분당-내곡 도시고속화도로","between":[0.411957966,1.0],"side":null}]},"subtype":"road","class":"trunk","connectors":[{"connector_id":"17062b9d-99b4-4a9d-8d37-23eb463dbd13","at":0.0},{"connector_id":"b584f4cc-f19a-4896-b9b5-2ea637d8a761","at":1.0}],"road_flags":[{"values":["is_tunnel"],"between":[0.274005513,0.411957966]}],"level_rules":[{"value":-1,"between":[0.274005513,0.411957966]}],"access_restrictions":[{"access_type":"denied","when":{"during":null,"heading":"backward","using":null,"recognized":null,"mode":null,"vehicle":null},"between":null}],"speed_limits":[{"min_speed":{"value":30,"unit":"km/h"},"max_speed":{"value":80,"unit":"km/h"},"is_max_speed_variable":null,"when":null,"between":null}],"sources":[{"property":"","dataset":"OpenStreetMap","license":"ODbL-1.0","record_id":"w70986695@14","update_time":"2025-11-25T11:49:57Z","confidence":null,"between":[0.0,0.274005513],"provider":"osm","resource":"planet","version":"2026-08-05"},{"property":"","dataset":"OpenStreetMap","license":"ODbL-1.0","record_id":"w70986605@11","update_time":"2025-11-25T11:49:57Z","confidence":null,"between":[0.274005513,0.411957966],"provider":"osm","resource":"planet","version":"2026-08-05"},{"property":"","dataset":"OpenStreetMap","license":"ODbL-1.0","record_id":"w1303412539@4","update_time":"2025-11-25T11:49:59Z","confidence":null,"between":[0.411957966,0.613970569],"provider":"osm","resource":"planet","version":"2026-08-05"},{"property":"","dataset":"OpenStreetMap","license":"ODbL-1.0","record_id":"w1303412540@5","update_time":"2025-11-25T11:49:59Z","confidence":null,"between":[0.613970569,0.618308283],"provider":"osm","resource":"planet","version":"2026-08-05"},{"property":"","dataset":"OpenStreetMap","license":"ODbL-1.0","record_id":"w430668896@9","update_time":"2025-11-25T11:49:57Z","confidence":null,"between":[0.618308283,0.870428057],"provider":"osm","resource":"planet","version":"2026-08-05"},{"property":"","dataset":"OpenStreetMap","license":"ODbL-1.0","record_id":"w277597425@12","update_time":"2025-08-07T06:06:02Z","confidence":null,"between":[0.870428057,1.0],"provider":"osm","resource":"planet","version":"2026-08-05"}],"version":3}},
{"id":"c071cf86-5df7-4c4f-a961-76c176e3161f","type":"Feature","geometry":{"type":"LineString","coordinates":[[127.0978986,37.4151896],[127.0978993,37.4150936],[127.0992968,37.4144689],[127.099293,37.4151886]]},"properties":{"subtype":"road","class":"service","connectors":[{"connector_id":"f188170b-65f7-4b77-9fe9-90d40b982191","at":0.0},{"connector_id":"74a816d7-194d-47d0-bdeb-77ee283ac55a","at":0.656221268},{"connector_id":"f4b69f8a-b32e-4406-b4f8-7814c8930f76","at":1.0}],"sources":[{"property":"","dataset":"OpenStreetMap","license":"ODbL-1.0","record_id":"w363355897@5","update_time":"2018-09-02T23:22:00Z","confidence":null,"between":null,"provider":"osm","resource":"planet","version":"2026-08-05"}],"version":1}},
{"id":"c285351b-1819-4c4b-ab46-f65d430201db","type":"Feature","geometry":{"type":"LineString","coordinates":[[127.0989546,37.4126541],[127.0988483,37.4126854],[127.0987448,37.4127158],[127.0987105,37.4127224],[127.0986363,37.4127446],[127.0985701,37.4127688],[127.0984852,37.4127936],[127.0983815,37.4128199],[127.0982643,37.4128384],[127.0981392,37.4128447],[127.0980355,37.4128497],[127.0979398,37.4128597],[127.0978978,37.4128675],[127.0978701,37.4128824]]},"properties":{"subtype":"road","class":"footway","subclass_rules":[{"value":"crosswalk","between":[0.0,0.197586195]},{"value":"sidewalk","between":[0.197586195,1.0]}],"connectors":[{"connector_id":"f0f70b4a-baea-408f-8f99-2929bc555e04","at":0.0},{"connector_id":"1e590f1b-eee4-4103-a4b9-55a04dc33122","at":0.100102984},{"connector_id":"550c3e8f-15b6-45e2-8339-1fc24fe55b8e","at":0.228711159},{"connector_id":"78fc90d5-8400-4811-aed5-2bf693fff663","at":1.0}],"level_rules":[{"value":-1,"between":[0.197586195,1.0]}],"sources":[{"property":"","dataset":"OpenStreetMap","license":"ODbL-1.0","record_id":"w1465355956@1","update_time":"2026-01-08T15:56:05Z","confidence":null,"between":[0.0,0.197586195],"provider":"osm","resource":"planet","version":"2026-08-05"},{"property":"","dataset":"OpenStreetMap","license":"ODbL-1.0","record_id":"w1465355962@1","update_time":"2026-01-08T15:56:05Z","confidence":null,"between":[0.197586195,1.0],"provider":"osm","resource":"planet","version":"2026-08-05"}],"version":1}},
{"id":"0aef1e62-8511-4298-b7ff-eee8d2d7feb5","type":"Feature","geometry":{"type":"LineString","coordinates":[[127.0997247,37.412261],[127.0994813,37.41212],[127.0994432,37.4121071],[127.0994012,37.4120972],[127.0993326,37.4120714],[127.0992578,37.4120394],[127.0991906,37.4120043],[127.0989775,37.4118753],[127.098472,37.4115879],[127.0982329,37.4114723],[127.0980319,37.4113679],[127.0978086,37.4113206],[127.0975461,37.4112976],[127.0971349,37.4113525]]},"properties":{"subtype":"road","class":"service","subclass":"parking_aisle","subclass_rules":[{"value":"parking_aisle","between":null}],"connectors":[{"connector_id":"99816cb0-8682-4c06-8055-a3de361be14f","at":0.0},{"connector_id":"7115415d-c92a-4ea2-ab76-cfb532e0e636","at":1.0}],"sources":[{"property":"","dataset":"OpenStreetMap","license":"ODbL-1.0","record_id":"w431736284@3","update_time":"2026-01-08T15:56:05Z","confidence":null,"between":null,"provider":"osm","resource":"planet","version":"2026-08-05"}],"version":2}},
{"id":"d765c0e2-5a32-4eee-92d0-cadf9b432199","type":"Feature","geometry":{"type":"LineString","coordinates":[[127.0994657,37.3948024],[127.0994013,37.3949174],[127.0993584,37.3949771],[127.0993542,37.3950539],[127.0993443,37.3952346],[127.0993423,37.3952712],[127.0993036,37.3955711],[127.0992178,37.3959219],[127.0990862,37.3962671],[127.098929,37.3966048],[127.0987501,37.3969531],[127.0985576,37.3972915],[127.0983786,37.3976059],[127.0981753,37.3979201],[127.0979396,37.3982377],[127.09748,37.3988144]]},"properties":{"subtype":"road","class":"footway","connectors":[{"connector_id":"35bcb89e-8adb-4c32-a4da-163afbb0dbd1","at":0.0},{"connector_id":"0b7f6a18-8510-4a51-a371-b4fe38456a41","at":0.028832639},{"connector_id":"2db788f2-09c0-4222-8d97-eecc6fd4ef4a","at":0.062182206},{"connector_id":"4605ad50-ed45-4214-b5a7-0092fd46ec22","at":0.103585633},{"connector_id":"b6d3e863-9141-47e6-8ab5-fed83fd8be57","at":0.180984494},{"connector_id":"3294a762-d7ab-4251-830f-138c57e1fcc9","at":0.262800539},{"connector_id":"04d133c8-a0e4-4182-86c9-ea72fe869149","at":0.345394359},{"connector_id":"d1a8cef1-1e96-4765-8064-0bdfc5a19405","at":0.427856192},{"connector_id":"bf4b30d6-204e-4cda-8c81-8fe15413b469","at":0.514020208},{"connector_id":"bb4eed56-b736-4dc8-9e14-5ffadc5e03b0","at":0.599087648},{"connector_id":"55c172a0-4239-47e9-9cea-c9f07dbc30ac","at":0.678133394},{"connector_id":"a4e12024-24af-4867-8a73-69db2fbd9186","at":0.759074604},{"connector_id":"c0b744c1-036b-4bb7-802d-1c2cdba64d43","at":0.843563803},{"connector_id":"17ef8fb3-7265-4693-8873-c3de9281d419","at":1.0}],"road_surface":[{"value":"paving_stones","between":null}],"sources":[{"property":"","dataset":"OpenStreetMap","license":"ODbL-1.0","record_id":"w463790657@3","update_time":"2023-11-01T03:26:46Z","confidence":null,"between":null,"provider":"osm","resource":"planet","version":"2026-08-05"}],"version":1}},
{"id":"0f376246-b0db-434c-970c-8a745a82cdf3","type":"Feature","geometry":{"type":"LineString","coordinates":[[127.0965164,37.403848],[127.0969229,37.4034447],[127.097493,37.4028664],[127.0984374,37.4019646],[127.0990158,37.4014257],[127.0995686,37.400749],[127.0997875,37.4003834],[127.100042,37.3998163],[127.1002375,37.3991379],[127.1004507,37.3977303],[127.1007075,37.3966186],[127.1011482,37.3947476],[127.1012531,37.3941513],[127.1013899,37.3934494],[127.101521,37.39259]]},"properties":{"names":{"primary":"경부고속도로","common":[["zh-Hant","京釜高速公路"],["ko","경부고속도로"],["el","Αυτοκινητόδρομος Γκιόνγκμπου"],["ko-Latn","Gyeongbugosokdoro"],["ko-Hani","京釜高速道路"],["zh","京釜高速公路"]],"rules":[{"variant":"common","language":null,"perspectives":null,"value":"경부고속도로","between":null,"side":null},{"variant":"common","language":"en","perspectives":null,"value":"Gyeongbu Expressway","between":[0.0,0.822613811],"side":null},{"variant":"common","language":"en","perspectives":null,"value":"Gyeongbu Expressway South","between":[0.822613811,0.871651597],"side":null},{"variant":"common","language":"en","perspectives":null,"value":"Gyeongbu Expressway","between":[0.871651597,1.0],"side":null}]},"subtype":"road","class":"motorway","connectors":[{"connector_id":"835c5b57-919d-49b9-9bcd-487c3b4eb9eb","at":0.0},{"connector_id":"d8441cda-57a2-45d3-9a3a-3b8ff983dc0a","at":1.0}],"road_surface":[{"value":"paved","between":null}],"road_flags":[{"values":["is_bridge"],"between":[0.822613811,0.871651597]}],"level_rules":[{"value":1,"between":[0.822613811,0.871651597]}],"access_restrictions":[{"access_type":"denied","when":{"during":null,"heading":"backward","using":null,"recognized":null,"mode":null,"vehicle":null},"between":null}],"speed_limits":[{"min_speed":{"value":50,"unit":"km/h"},"max_speed":{"value":110,"unit":"km/h"},"is_max_speed_variable":null,"when":null,"between":null}],"routes":[{"name":"고속국도 경부선","network":"KR:expressway","ref":"1","symbol":null,"wikidata":"Q491254","between":null},{"name":"아시안 하이웨이 1호선","network":"AsianHighway","ref":"AH1","symbol":null,"wikidata":"Q494205","between":null}],"destinations":[{"labels":[{"value":"대전","type":"unknown"},{"value":"신갈분기점","type":"unknown"}],"symbols":null,"from_connector_id":"d8441cda-57a2-45d3-9a3a-3b8ff983dc0a","to_segment_id":"aa108759-2bc3-41be-b6a6-6a3872c2428b","to_connector_id":"d8441cda-57a2-45d3-9a3a-3b8ff983dc0a","when":{"heading":"forward"},"final_heading":"forward"}],"sources":[{"property":"/routes","dataset":"OpenStreetMap","license":"ODbL-1.0","record_id":"r3836355@504","update_time":null,"confidence":null,"between":null,"provider":"osm","resource":"planet","version":"2026-08-05"},{"property":"/routes","dataset":"OpenStreetMap","license":"ODbL-1.0","record_id":"r6818097@186","update_time":null,"confidence":null,"between":null,"provider":"osm","resource":"planet","version":"2026-08-05"},{"property":"","dataset":"OpenStreetMap","license":"ODbL-1.0","record_id":"w437888996@18","update_time":"2025-12-27T07:25:36Z","confidence":null,"between":[0.0,0.822613811],"provider":"osm","resource":"planet","version":"2026-08-05"},{"property":"","dataset":"OpenStreetMap","license":"ODbL-1.0","record_id":"w43948514@19","update_time":"2025-12-27T07:25:02Z","confidence":null,"between":[0.822613811,0.871651597],"provider":"osm","resource":"planet","version":"2026-08-05"},{"property":"","dataset":"OpenStreetMap","license":"ODbL-1.0","record_id":"w571468798@15","update_time":"2025-12-27T07:25:47Z","confidence":null,"between":[0.871651597,1.0],"provider":"osm","resource":"planet","version":"2026-08-05"}],"version":6}},
{"id":"729c9530-4f7b-48dd-aa32-9664d74e1027","type":"Feature","geometry":{"type":"LineString","coordinates":[[127.0976647,37.3976711],[127.0981753,37.3979201],[127.0988076,37.3982191]]},"properties":{"names":{"primary":"서판교로126번길","common":[["ko","서판교로126번길"],["en","Seopangyo-ro 126beon-gil"]],"rules":[{"variant":"common","language":null,"perspectives":null,"value":"서판교로126번길","between":null,"side":null}]},"subtype":"road","class":"living_street","connectors":[{"connector_id":"886d73af-c717-45f0-af70-7b5d4fb6b858","at":0.0},{"connector_id":"a4e12024-24af-4867-8a73-69db2fbd9186","at":0.448783568},{"connector_id":"3ef1696a-a24c-4e6e-ba06-117484983127","at":1.0}],"sources":[{"property":"","dataset":"OpenStreetMap","license":"ODbL-1.0","record_id":"w284219505@4","update_time":"2024-06-11T11:21:04Z","confidence":null,"between":null,"provider":"osm","resource":"planet","version":"2026-08-05"}],"version":1}},
{"id":"deca528b-c0f1-45b5-add6-b4c5d2da1789","type":"Feature","geometry":{"type":"LineString","coordinates":[[127.097698,37.3989276],[127.0981213,37.3983274]]},"properties":{"names":{"primary":"서판교로126번길","common":[["ko","서판교로126번길"],["en","Seopangyo-ro 126beon-gil"]],"rules":[{"variant":"common","language":null,"perspectives":null,"value":"서판교로126번길","between":null,"side":null}]},"subtype":"road","class":"living_street","connectors":[{"connector_id":"a54a799c-272a-4e7e-bcf2-a75ce1ce5ce0","at":0.0},{"connector_id":"65ba5440-5d46-433b-aa67-fe1d2121944d","at":1.0}],"sources":[{"property":"","dataset":"OpenStreetMap","license":"ODbL-1.0","record_id":"w722662267@2","update_time":"2024-06-11T11:21:04Z","confidence":null,"between":null,"provider":"osm","resource":"planet","version":"2026-08-05"}],"version":1}},
{"id":"9388c0c2-487d-4ee0-ab2c-e38c598175d6","type":"Feature","geometry":{"type":"LineString","coordinates":[[127.097698,37.3989276],[127.0980405,37.3990862]]},"properties":{"names":{"primary":"서판교로132번길","common":[["ko","서판교로132번길"],["en","Seopangyo-ro 132beon-gil"]],"rules":[{"variant":"common","language":null,"perspectives":null,"value":"서판교로132번길","between":null,"side":null}]},"subtype":"road","class":"residential","connectors":[{"connector_id":"a54a799c-272a-4e7e-bcf2-a75ce1ce5ce0","at":0.0},{"connector_id":"11626fb6-d2f6-4f2c-a84c-e16311c45541","at":1.0}],"sources":[{"property":"","dataset":"OpenStreetMap","license":"ODbL-1.0","record_id":"w284219107@3","update_time":"2021-09-28T08:03:06Z","confidence":null,"between":null,"provider":"osm","resource":"planet","version":"2026-08-05"}],"version":1}},
{"id":"6dd1c4ea-6459-4626-9282-ad7586b5ba4a","type":"Feature","geometry":{"type":"LineString","coordinates":[[127.0977897,37.3999839],[127.0980743,37.3996332]]},"properties":{"names":{"primary":"판교로198번길","common":[["ko","판교로198번길"],["en","Pangyo-ro 198beon-gil"]],"rules":[{"variant":"common","language":null,"perspectives":null,"value":"판교로198번길","between":null,"side":null}]},"subtype":"road","class":"living_street","connectors":[{"connector_id":"7947ea2c-5c2d-4d8b-99c3-ad1df377c0d7","at":0.0},{"connector_id":"8bf10b85-9e87-41b3-9233-8d2bbfbcf549","at":1.0}],"sources":[{"property":"","dataset":"OpenStreetMap","license":"ODbL-1.0","record_id":"w284219513@3","update_time":"2024-06-11T11:21:04Z","confidence":null,"between":null,"provider":"osm","resource":"planet","version":"2026-08-05"}],"version":1}},
{"id":"8761fcb6-6082-4e94-ab1e-49fdac85a22e","type":"Feature","geometry":{"type":"LineString","coordinates":[[127.0983431,37.4007482],[127.0975383,37.4003141]]},"properties":{"names":{"primary":"판교로210번길","common":[["ko","판교로210번길"],["en","Pangyo-ro 210beon-gil"]],"rules":[{"variant":"common","language":null,"perspectives":null,"value":"판교로210번길","between":null,"side":null}]},"subtype":"road","class":"living_street","connectors":[{"connector_id":"8deda616-b95f-4c26-b034-c539c4b75a80","at":0.0},{"connector_id":"faf56922-9236-4428-81eb-b0910a3bd347","at":1.0}],"sources":[{"property":"","dataset":"OpenStreetMap","license":"ODbL-1.0","record_id":"w284219516@3","update_time":"2024-06-11T11:21:04Z","confidence":null,"between":null,"provider":"osm","resource":"planet","version":"2026-08-05"}],"version":1}},
{"id":"4047911c-f6d5-4f14-9394-c42cdca7aad9","type":"Feature","geometry":{"type":"LineString","coordinates":[[127.0978223,37.4013895],[127.098095,37.4010625]]},"properties":{"names":{"primary":"판교로210번길","common":[["ko","판교로210번길"],["en","Pangyo-ro 210beon-gil"]],"rules":[{"variant":"common","language":null,"perspectives":null,"value":"판교로210번길","between":null,"side":null}]},"subtype":"road","class":"unclassified","connectors":[{"connector_id":"e74ac17c-a7b8-4fb9-a043-d7c755dc21e8","at":0.0},{"connector_id":"1f5673db-23c9-4c45-99de-07e0d86dbf99","at":1.0}],"sources":[{"property":"","dataset":"OpenStreetMap","license":"ODbL-1.0","record_id":"w285188809@8","update_time":"2024-09-03T18:47:32Z","confidence":null,"between":null,"provider":"osm","resource":"planet","version":"2026-08-05"}],"version":1}},
{"id":"c68056b5-d196-4208-927a-2edf25c306a4","type":"Feature","geometry":{"type":"LineString","coordinates":[[127.0973453,37.4028256],[127.0982492,37.401965],[127.0986569,37.4015343],[127.0988597,37.401243],[127.0990923,37.4008971],[127.0992725,37.4005595],[127.0993804,37.4001872],[127.0994311,37.3998148],[127.0994518,37.399460500000004],[127.0993859,37.3990968],[127.0993383,37.3985996]]},"properties":{"subtype":"road","class":"motorway","subclass":"link","subclass_rules":[{"value":"link","between":null}],"connectors":[{"connector_id":"e3ce9f5c-d1ee-48e7-8b1c-ac60e268e490","at":0.0},{"connector_id":"add13a19-2511-4f5b-97a1-14d980dc083c","at":1.0}],"road_flags":[{"values":["is_link"],"between":null}],"access_restrictions":[{"access_type":"denied","when":{"during":null,"heading":"backward","using":null,"recognized":null,"mode":null,"vehicle":null},"between":null}],"destinations":[{"labels":[{"value":"대전","type":"unknown"},{"value":"신갈분기점","type":"unknown"}],"symbols":null,"from_connector_id":"add13a19-2511-4f5b-97a1-14d980dc083c","to_segment_id":"aa108759-2bc3-41be-b6a6-6a3872c2428b","to_connector_id":"add13a19-2511-4f5b-97a1-14d980dc083c","when":{"heading":"forward"},"final_heading":"forward"},{"labels":[{"value":"분당","type":"unknown"},{"value":"수지","type":"unknown"},{"value":"판교","type":"unknown"}],"symbols":null,"from_connector_id":"add13a19-2511-4f5b-97a1-14d980dc083c","to_segment_id":"c0bc9790-4736-4313-920f-f1722cc9e3f8","to_connector_id":"add13a19-2511-4f5b-97a1-14d980dc083c","when":{"heading":"forward"},"final_heading":"forward"}],"sources":[{"property":"","dataset":"OpenStreetMap","license":"ODbL-1.0","record_id":"w437888997@7","update_time":"2025-11-24T05:52:23Z","confidence":null,"between":null,"provider":"osm","resource":"planet","version":"2026-08-05"}],"version":4}},
{"id":"26873333-da11-4092-88d6-594fff7326a0","type":"Feature","geometry":{"type":"LineString","coordinates":[[127.0986012,37.4004177],[127.0977897,37.3999839]]},"properties":{"names":{"primary":"판교로210번길","common":[["ko","판교로210번길"],["en","Pangyo-ro 210beon-gil"]],"rules":[{"variant":"common","language":null,"perspectives":null,"value":"판교로210번길","between":null,"side":null}]},"subtype":"road","class":"living_street","connectors":[{"connector_id":"182ba548-d96c-40a1-8aaa-12e674c04161","at":0.0},{"connector_id":"7947ea2c-5c2d-4d8b-99c3-ad1df377c0d7","at":1.0}],"sources":[{"property":"","dataset":"OpenStreetMap","license":"ODbL-1.0","record_id":"w284219515@3","update_time":"2024-06-11T11:21:04Z","confidence":null,"between":null,"provider":"osm","resource":"planet","version":"2026-08-05"}],"version":1}},
{"id":"ec8ed0f7-45df-48a9-9384-42b8d3da5d74","type":"Feature","geometry":{"type":"LineString","coordinates":[[127.0990902,37.4018513],[127.0981613,37.4026334],[127.0974735,37.4032863]]},"properties":{"names":{"primary":"경부고속도로","common":[["zh-Hant","京釜高速公路"],["ko","경부고속도로"],["el","Αυτοκινητόδρομος Γκιόνγκμπου"],["en","Gyeongbu Expressway"],["ko-Latn","Gyeongbugosokdoro"],["ko-Hani","京釜高速道路"],["zh","京釜高速公路"]],"rules":[{"variant":"common","language":null,"perspectives":null,"value":"경부고속도로","between":null,"side":null}]},"subtype":"road","class":"motorway","connectors":[{"connector_id":"96297ceb-eef0-47c4-b5e8-cf2fdf9d6d98","at":0.0},{"connector_id":"73c7a5a6-2e84-44c6-832a-58fed90273db","at":1.0}],"road_surface":[{"value":"paved","between":null}],"access_restrictions":[{"access_type":"denied","when":{"during":null,"heading":"backward","using":null,"recognized":null,"mode":null,"vehicle":null},"between":null}],"speed_limits":[{"min_speed":{"value":50,"unit":"km/h"},"max_speed":{"value":110,"unit":"km/h"},"is_max_speed_variable":null,"when":null,"between":null}],"routes":[{"name":"고속국도 경부선","network":"KR:expressway","ref":"1","symbol":null,"wikidata":"Q491254","between":null},{"name":"아시안 하이웨이 1호선","network":"AsianHighway","ref":"AH1","symbol":null,"wikidata":"Q494205","between":null}],"destinations":[{"labels":[{"value":"구리","type":"unknown"},{"value":"일산","type":"unknown"}],"symbols":null,"from_connector_id":"73c7a5a6-2e84-44c6-832a-58fed90273db","to_segment_id":"7d6e5fe8-07f6-4c70-85af-c66476edbff1","to_connector_id":"73c7a5a6-2e84-44c6-832a-58fed90273db","when":{"heading":"forward"},"final_heading":"forward"}],"sources":[{"property":"/routes","dataset":"OpenStreetMap","license":"ODbL-1.0","record_id":"r3836355@504","update_time":null,"confidence":null,"between":null,"provider":"osm","resource":"planet","version":"2026-08-05"},{"property":"/routes","dataset":"OpenStreetMap","license":"ODbL-1.0","record_id":"r6818097@186","update_time":null,"confidence":null,"between":null,"provider":"osm","resource":"planet","version":"2026-08-05"},{"property":"","dataset":"OpenStreetMap","license":"ODbL-1.0","record_id":"w59054242@22","update_time":"2025-12-27T07:25:19Z","confidence":null,"between":null,"provider":"osm","resource":"planet","version":"2026-08-05"}],"version":3}},
{"id":"4debc9ca-83a0-402b-a90d-c374cf1b7796","type":"Feature","geometry":{"type":"LineString","coordinates":[[127.0981548,37.4044113],[127.0977287,37.4039334]]},"properties":{"subtype":"road","class":"pedestrian","connectors":[{"connector_id":"b5a99ac3-e126-4d3d-a370-285c3d0a79aa","at":0.0},{"connector_id":"02e53c63-1c71-46bb-9edb-2c3f8775cbb3","at":1.0}],"sources":[{"property":"","dataset":"OpenStreetMap","license":"ODbL-1.0","record_id":"w692183161@1","update_time":"2019-05-24T09:09:57Z","confidence":null,"between":null,"provider":"osm","resource":"planet","version":"2026-08-05"}],"version":1}},
{"id":"0069b984-ff3c-4979-a9e4-bbe5fc7140e0","type":"Feature","geometry":{"type":"LineString","coordinates":[[127.0975091,37.4057386],[127.0983323,37.4052679],[127.0996989,37.4044719],[127.1008079,37.4038409]]},"properties":{"subtype":"road","class":"pedestrian","connectors":[{"connector_id":"37bd68be-44b6-4e0c-93f2-3f5380f52b45","at":0.0},{"connector_id":"61e9a823-f9f4-49be-92f7-33e08eccf4c3","at":0.249025595},{"connector_id":"67f66b97-6819-4bb4-9d6d-50d29a4f5560","at":0.665072349},{"connector_id":"e972c439-59fb-4c2d-8161-53f546e1766e","at":1.0}],"sources":[{"property":"","dataset":"OpenStreetMap","license":"ODbL-1.0","record_id":"w453905807@5","update_time":"2019-06-17T07:52:20Z","confidence":null,"between":null,"provider":"osm","resource":"planet","version":"2026-08-05"}],"version":1}},
{"id":"d604073f-126e-4cdb-8dce-618909973adc","type":"Feature","geometry":{"type":"LineString","coordinates":[[127.0990216,37.403719],[127.0981548,37.4044113],[127.0978109,37.4046859],[127.0983323,37.4052679],[127.0989539,37.4059451],[127.0993365,37.4057224],[127.1002376,37.4051981],[127.1003141,37.4051553]]},"properties":{"names":{"primary":"판교로255번길","common":[["ko","판교로255번길"],["en","Pangyo-ro 255beon-gil"]],"rules":[{"variant":"common","language":null,"perspectives":null,"value":"판교로255번길","between":null,"side":null}]},"subtype":"road","class":"residential","connectors":[{"connector_id":"27f7ca12-36b4-4d15-bed1-f0f5d285a1d7","at":0.0},{"connector_id":"b5a99ac3-e126-4d3d-a370-285c3d0a79aa","at":0.229506824},{"connector_id":"61e9a823-f9f4-49be-92f7-33e08eccf4c3","at":0.488339638},{"connector_id":"c1c7bc87-74e0-48bf-abf4-c6dd6db11e88","at":0.773827879},{"connector_id":"ea83e2c6-2fb2-488b-a13c-85b785900865","at":1.0}],"road_surface":[{"value":"paved","between":null}],"sources":[{"property":"","dataset":"OpenStreetMap","license":"ODbL-1.0","record_id":"w477309285@7","update_time":"2023-06-12T03:29:44Z","confidence":null,"between":null,"provider":"osm","resource":"planet","version":"2026-08-05"}],"version":1}},
{"id":"7f461871-e335-4034-b127-040b862cb57a","type":"Feature","geometry":{"type":"LineString","coordinates":[[127.0978223,37.4013895],[127.0980122,37.4014889],[127.0997038,37.4023642],[127.1001811,37.402574],[127.1004926,37.4027019],[127.100776,37.4027925],[127.1011733,37.4028977],[127.1014886,37.4029751],[127.1017548,37.4030225],[127.1020758,37.4030808],[127.1025441,37.4031234]]},"properties":{"names":{"primary":"Pangyo-ro","common":[["en","Pangyo-ro"]],"rules":[{"variant":"common","language":"ko","perspectives":null,"value":"판교로","between":[0.0,0.043132758],"side":null},{"variant":"common","language":null,"perspectives":null,"value":"판교로","between":[0.0,0.043132758],"side":null},{"variant":"common","language":"ko","perspectives":null,"value":"낙생고가차도","between":[0.043132758,0.796186532],"side":null},{"variant":"common","language":null,"perspectives":null,"value":"낙생고가차도","between":[0.043132758,0.796186532],"side":null},{"variant":"common","language":"ko","perspectives":null,"value":"판교로","between":[0.796186532,1.0],"side":null},{"variant":"common","language":null,"perspectives":null,"value":"판교로","between":[0.796186532,1.0],"side":null}]},"subtype":"road","class":"secondary","connectors":[{"connector_id":"e74ac17c-a7b8-4fb9-a043-d7c755dc21e8","at":0.0},{"connector_id":"3445b25a-e3dc-4228-8f6e-36452aa4927f","at":1.0}],"road_surface":[{"value":"paved","between":[0.0,0.043132758]}],"road_flags":[{"values":["is_bridge"],"between":[0.043132758,0.796186532]}],"level_rules":[{"value":1,"between":[0.043132758,0.796186532]}],"access_restrictions":[{"access_type":"denied","when":{"during":null,"heading":"backward","using":null,"recognized":null,"mode":null,"vehicle":null},"between":null}],"sources":[{"property":"","dataset":"OpenStreetMap","license":"ODbL-1.0","record_id":"w292950914@11","update_time":"2026-07-01T14:39:05Z","confidence":null,"between":[0.0,0.043132758],"provider":"osm","resource":"planet","version":"2026-08-05"},{"property":"","dataset":"OpenStreetMap","license":"ODbL-1.0","record_id":"w482140597@11","update_time":"2026-07-01T14:39:05Z","confidence":null,"between":[0.043132758,0.796186532],"provider":"osm","resource":"planet","version":"2026-08-05"},{"property":"","dataset":"OpenStreetMap","license":"ODbL-1.0","record_id":"w709015428@5","update_time":"2026-07-01T14:39:05Z","confidence":null,"between":[0.796186532,1.0],"provider":"osm","resource":"planet","version":"2026-08-05"}],"version":2}},
{"id":"4e0f65ed-134c-4421-ba9b-8f6c64c24536","type":"Feature","geometry":{"type":"LineString","coordinates":[[127.1025516,37.4032423],[127.102049,37.4031847],[127.1017252,37.4031293],[127.101447,37.4030706],[127.1011296,37.4030012],[127.1007384,37.402892],[127.1004261,37.4027902],[127.1001069,37.4026569],[127.0996442,37.4024454],[127.0979302,37.4015849],[127.0977394,37.401491300000004]]},"properties":{"names":{"primary":"Pangyo-ro","common":[["en","Pangyo-ro"]],"rules":[{"variant":"common","language":"ko","perspectives":null,"value":"판교로","between":[0.0,0.210589355],"side":null},{"variant":"common","language":null,"perspectives":null,"value":"판교로","between":[0.0,0.210589355],"side":null},{"variant":"common","language":"ko","perspectives":null,"value":"낙생고가차도","between":[0.210589355,0.958143567],"side":null},{"variant":"common","language":null,"perspectives":null,"value":"낙생고가차도","between":[0.210589355,0.958143567],"side":null},{"variant":"common","language":"ko","perspectives":null,"value":"판교로","between":[0.958143567,1.0],"side":null},{"variant":"common","language":null,"perspectives":null,"value":"판교로","between":[0.958143567,1.0],"side":null}]},"subtype":"road","class":"secondary","connectors":[{"connector_id":"628ca290-6af5-4e3d-a0b5-4de15d4203d4","at":0.0},{"connector_id":"94333875-1b6b-4b20-9722-1de4fb55bfe3","at":1.0}],"road_surface":[{"value":"paved","between":[0.958143567,1.0]}],"road_flags":[{"values":["is_bridge"],"between":[0.210589355,0.958143567]}],"level_rules":[{"value":1,"between":[0.210589355,0.958143567]}],"access_restrictions":[{"access_type":"denied","when":{"during":null,"heading":"backward","using":null,"recognized":null,"mode":null,"vehicle":null},"between":null}],"sources":[{"property":"","dataset":"OpenStreetMap","license":"ODbL-1.0","record_id":"w709015429@5","update_time":"2026-07-01T14:39:05Z","confidence":null,"between":[0.0,0.210589355],"provider":"osm","resource":"planet","version":"2026-08-05"},{"property":"","dataset":"OpenStreetMap","license":"ODbL-1.0","record_id":"w709015430@6","update_time":"2026-07-01T14:39:05Z","confidence":null,"between":[0.210589355,0.958143567],"provider":"osm","resource":"planet","version":"2026-08-05"},{"property":"","dataset":"OpenStreetMap","license":"ODbL-1.0","record_id":"w709015427@5","update_time":"2026-07-01T14:39:05Z","confidence":null,"between":[0.958143567,1.0],"provider":"osm","resource":"planet","version":"2026-08-05"}],"version":2}},
{"id":"1a89fde6-a011-40d6-b095-0a8bf351c9f7","type":"Feature","geometry":{"type":"LineString","coordinates":[[127.0968603,37.4049779],[127.0969675,37.4054274],[127.09705,37.4057368],[127.0971906,37.4059881],[127.0973488,37.4061864],[127.0975913,37.4064014],[127.0979147,37.406594],[127.0982486,37.4067169],[127.0990079,37.4069291],[127.0996335,37.4070687],[127.1001988,37.4072396]]},"properties":{"subtype":"road","class":"motorway","subclass":"link","subclass_rules":[{"value":"link","between":null}],"connectors":[{"connector_id":"3b922fa6-b061-463f-9169-2f8122ebd3ed","at":0.0},{"connector_id":"5b9562b1-e644-4d48-95b5-59e30fabb3ba","at":1.0}],"road_flags":[{"values":["is_link"],"between":[0.0,0.571319178]},{"values":["is_bridge","is_link"],"between":[0.571319178,1.0]}],"level_rules":[{"value":1,"between":[0.571319178,1.0]}],"access_restrictions":[{"access_type":"denied","when":{"during":null,"heading":"backward","using":null,"recognized":null,"mode":null,"vehicle":null},"between":null}],"destinations":[{"labels":[{"value":"구리","type":"unknown"},{"value":"성남","type":"unknown"}],"symbols":null,"from_connector_id":"5b9562b1-e644-4d48-95b5-59e30fabb3ba","to_segment_id":"1a89fde6-a011-40d6-b095-0a8bf351c9f7","to_connector_id":"5b9562b1-e644-4d48-95b5-59e30fabb3ba","when":{"heading":"forward"},"final_heading":"forward"}],"sources":[{"property":"","dataset":"OpenStreetMap","license":"ODbL-1.0","record_id":"w564843826@9","update_time":"2025-11-24T05:52:23Z","confidence":null,"between":[0.0,0.571319178],"provider":"osm","resource":"planet","version":"2026-08-05"},{"property":"","dataset":"OpenStreetMap","license":"ODbL-1.0","record_id":"w1281950562@5","update_time":"2024-09-08T06:19:37Z","confidence":null,"between":[0.571319178,1.0],"provider":"osm","resource":"planet","version":"2026-08-05"}],"version":1}},
{"id":"560ee30d-1a8f-4ee5-bd51-d713bce92e5f","type":"Feature","geometry":{"type":"LineString","coordinates":[[127.0985056,37.4097234],[127.0983966,37.4097426],[127.0982461,37.4095323],[127.0981474,37.4094356],[127.09802380000001,37.4093727],[127.0979967,37.4092881],[127.0978789,37.4091952],[127.0976373,37.4090693],[127.0974632,37.4090048]]},"properties":{"subtype":"road","class":"service","connectors":[{"connector_id":"b71eca37-f461-49d0-9792-b1a4847991b2","at":0.0},{"connector_id":"f50b7960-a136-42ab-9a88-750f342924ee","at":0.48726672},{"connector_id":"0ce430d4-022b-4637-a5f4-d08593e47554","at":1.0}],"sources":[{"property":"","dataset":"OpenStreetMap","license":"ODbL-1.0","record_id":"w432167735@1","update_time":"2016-07-20T17:09:03Z","confidence":null,"between":[0.0,0.487286411],"provider":"osm","resource":"planet","version":"2026-08-05"},{"property":"","dataset":"OpenStreetMap","license":"ODbL-1.0","record_id":"w432167746@1","update_time":"2016-07-20T17:09:04Z","confidence":null,"between":[0.487286411,1.0],"provider":"osm","resource":"planet","version":"2026-08-05"}],"version":1}},
{"id":"a2795df4-f8bc-4a7a-a963-470593528f13","type":"Feature","geometry":{"type":"LineString","coordinates":[[127.0981547,37.4092619],[127.09802380000001,37.4093727],[127.0978875,37.4095238]]},"properties":{"subtype":"road","class":"service","connectors":[{"connector_id":"7df2ab05-aa7b-450f-aa7b-0b995df874a9","at":0.0},{"connector_id":"f50b7960-a136-42ab-9a88-750f342924ee","at":0.449907638},{"connector_id":"9a463b21-1d03-46c6-8adb-ca68c7ad3c2a","at":1.0}],"sources":[{"property":"","dataset":"OpenStreetMap","license":"ODbL-1.0","record_id":"w432167729@1","update_time":"2016-07-20T17:09:03Z","confidence":null,"between":null,"provider":"osm","resource":"planet","version":"2026-08-05"}],"version":1}},
{"id":"3c2248f7-0bac-47d4-99c0-dae56908261f","type":"Feature","geometry":{"type":"LineString","coordinates":[[127.0972758,37.4100707],[127.0979736,37.4100021]]},"properties":{"names":{"primary":"달래내로28번길","common":[["ko","달래내로28번길"],["en","Dallaenae-ro 28beon-gil"]],"rules":[{"variant":"common","language":null,"perspectives":null,"value":"달래내로28번길","between":null,"side":null}]},"subtype":"road","class":"service","connectors":[{"connector_id":"000242cc-a8d8-45f4-8219-bfcc7ba1648e","at":0.0},{"connector_id":"68248591-b830-4615-be7f-22d5be037196","at":1.0}],"sources":[{"property":"","dataset":"OpenStreetMap","license":"ODbL-1.0","record_id":"w432167730@3","update_time":"2021-12-10T12:11:22Z","confidence":null,"between":null,"provider":"osm","resource":"planet","version":"2026-08-05"}],"version":1}},
{"id":"3ea0c785-7915-41cb-b307-3a4509f1ed52","type":"Feature","geometry":{"type":"LineString","coordinates":[[127.0989017,37.4103039],[127.0987661,37.4100996],[127.0987132,37.41002],[127.0985056,37.4097234],[127.098248,37.4093554],[127.0981547,37.4092619],[127.0980719,37.409179],[127.0978614,37.4090453],[127.0976203,37.4089176],[127.0972747,37.408809],[127.0969581,37.4087169],[127.0968709,37.408709],[127.096192,37.4086471],[127.0955893,37.4085976]]},"properties":{"names":{"primary":"달래내로","common":[["ko","달래내로"],["en","Dallaenae-ro"]],"rules":[{"variant":"common","language":null,"perspectives":null,"value":"달래내로","between":null,"side":null}]},"subtype":"road","class":"tertiary","connectors":[{"connector_id":"6bbf1de9-ee4a-469b-9618-f02c0abfa132","at":0.0},{"connector_id":"a4095622-d804-406c-92bf-3743fb35b7d3","at":0.06765266},{"connector_id":"b71eca37-f461-49d0-9792-b1a4847991b2","at":0.193433967},{"connector_id":"7df2ab05-aa7b-450f-aa7b-0b995df874a9","at":0.351757565},{"connector_id":"c6fab614-a817-4455-a815-c91055e3bb66","at":0.599871733},{"connector_id":"5932fbe3-386d-4114-bce0-2a6d94d30fb2","at":0.699031843},{"connector_id":"a085d09e-3487-48fb-85dc-605cd15a57b8","at":0.85855447},{"connector_id":"af823962-d3b7-431e-b52f-1dcf329b7a28","at":1.0}],"access_restrictions":[{"access_type":"allowed","when":{"during":null,"heading":null,"using":null,"recognized":null,"mode":["foot"],"vehicle":null},"between":null}],"sources":[{"property":"","dataset":"OpenStreetMap","license":"ODbL-1.0","record_id":"w564843124@5","update_time":"2026-05-06T12:12:03Z","confidence":null,"between":null,"provider":"osm","resource":"planet","version":"2026-08-05"}],"version":1}},
{"id":"0f2fd4e0-ce47-431f-a93e-7bcc9ec90506","type":"Feature","geometry":{"type":"LineString","coordinates":[[127.0972747,37.408809],[127.0973031,37.4093884],[127.0973084,37.4094858],[127.0973066,37.4095616],[127.0972844,37.4096168],[127.0972561,37.4097111],[127.0972556,37.4098069],[127.0972758,37.4100707],[127.0972804,37.410276],[127.0972934,37.4103821],[127.0967275,37.4104358]]},"properties":{"names":{"primary":"달래내로28번길","common":[["ko","달래내로28번길"],["en","Dallaenae-ro 28beon-gil"]],"rules":[{"variant":"common","language":null,"perspectives":null,"value":"달래내로28번길","between":null,"side":null}]},"subtype":"road","class":"service","connectors":[{"connector_id":"c6fab614-a817-4455-a815-c91055e3bb66","at":0.0},{"connector_id":"4d975edd-2848-4230-9fbf-b785e029a61f","at":0.493380666},{"connector_id":"000242cc-a8d8-45f4-8219-bfcc7ba1648e","at":0.623272529},{"connector_id":"f2569def-532e-4b90-a1bb-8401dda8c9a3","at":1.0}],"sources":[{"property":"","dataset":"OpenStreetMap","license":"ODbL-1.0","record_id":"w432167733@4","update_time":"2026-05-06T12:12:03Z","confidence":null,"between":null,"provider":"osm","resource":"planet","version":"2026-08-05"}],"version":1}},
{"id":"2002c2b3-2b91-4c7e-972a-2d5cdcfe13b5","type":"Feature","geometry":{"type":"LineString","coordinates":[[127.0968635,37.4088022],[127.096713,37.4087853],[127.0966156,37.408806],[127.0964912,37.408813],[127.0963635,37.4088083],[127.0961953,37.4087945],[127.0960684,37.408816],[127.0959778,37.408783]]},"properties":{"subtype":"road","class":"service","connectors":[{"connector_id":"b4fe8735-ce1e-4eb6-8548-4f038691832b","at":0.0},{"connector_id":"8c169247-124c-45ee-84d2-073ae6d6ade2","at":0.746245554},{"connector_id":"6696e3b1-073b-48ff-8418-63ee5e01cc63","at":1.0}],"sources":[{"property":"","dataset":"OpenStreetMap","license":"ODbL-1.0","record_id":"w432167731@2","update_time":"2018-08-23T07:03:57Z","confidence":null,"between":null,"provider":"osm","resource":"planet","version":"2026-08-05"}],"version":1}},
{"id":"bb5b0a37-d2f8-4938-b0aa-f01de2db26f1","type":"Feature","geometry":{"type":"LineString","coordinates":[[127.0968709,37.408709],[127.0968635,37.4088022],[127.0968573,37.4088803],[127.0968667,37.409064],[127.09689,37.4092298],[127.0968782,37.4093312],[127.0965542,37.4093518],[127.0962511,37.409371],[127.0961953,37.4087945],[127.096192,37.4086471]]},"properties":{"names":{"primary":"달래내로38번길","common":null,"rules":[{"variant":"common","language":"en","perspectives":null,"value":"Dallaenae-ro 32beon-gil","between":[0.0,0.477121757],"side":null},{"variant":"common","language":"ko","perspectives":null,"value":"달래내로32번길","between":[0.0,0.477121757],"side":null},{"variant":"common","language":null,"perspectives":null,"value":"달래내로32번길","between":[0.0,0.477121757],"side":null},{"variant":"common","language":"en","perspectives":null,"value":"Dallaenae-ro 38beon-gil","between":[0.477121757,1.0],"side":null},{"variant":"common","language":"ko","perspectives":null,"value":"달래내로38번길","between":[0.477121757,1.0],"side":null},{"variant":"common","language":null,"perspectives":null,"value":"달래내로38번길","between":[0.477121757,1.0],"side":null}]},"subtype":"road","class":"service","connectors":[{"connector_id":"5932fbe3-386d-4114-bce0-2a6d94d30fb2","at":0.0},{"connector_id":"b4fe8735-ce1e-4eb6-8548-4f038691832b","at":0.050435046},{"connector_id":"8c169247-124c-45ee-84d2-073ae6d6ade2","at":0.92038152},{"connector_id":"a085d09e-3487-48fb-85dc-605cd15a57b8","at":1.0}],"sources":[{"property":"","dataset":"OpenStreetMap","license":"ODbL-1.0","record_id":"w432167732@3","update_time":"2020-04-04T21:37:41Z","confidence":null,"between":[0.0,0.477121757],"provider":"osm","resource":"planet","version":"2026-08-05"},{"property":"","dataset":"OpenStreetMap","license":"ODbL-1.0","record_id":"w788045065@1","update_time":"2020-04-04T21:37:41Z","confidence":null,"between":[0.477121757,1.0],"provider":"osm","resource":"planet","version":"2026-08-05"}],"version":2}},
{"id":"ee4bc6ac-9d70-49aa-b66e-c9c95abfb0e8","type":"Feature","geometry":{"type":"LineString","coordinates":[[127.0972556,37.4098069],[127.0967028,37.4098508],[127.0964048,37.4098847],[127.0961401,37.4099245]]},"properties":{"names":{"primary":"달래내로28번길","common":[["ko","달래내로28번길"],["en","Dallaenae-ro 28beon-gil"]],"rules":[{"variant":"common","language":null,"perspectives":null,"value":"달래내로28번길","between":null,"side":null}]},"subtype":"road","class":"service","connectors":[{"connector_id":"4d975edd-2848-4230-9fbf-b785e029a61f","at":0.0},{"connector_id":"9fb0426b-1845-464a-8647-9bfedcfb8db7","at":1.0}],"sources":[{"property":"","dataset":"OpenStreetMap","license":"ODbL-1.0","record_id":"w432167736@3","update_time":"2021-12-10T12:11:22Z","confidence":null,"between":null,"provider":"osm","resource":"planet","version":"2026-08-05"}],"version":1}},
{"id":"bf8ddbe5-eccf-41b4-adf5-d630378f8ace","type":"Feature","geometry":{"type":"LineString","coordinates":[[127.0954583,37.4112236],[127.09542,37.4107835]]},"properties":{"subtype":"road","class":"service","connectors":[{"connector_id":"b596d037-8b1d-42c3-b4ea-fda67266c93f","at":0.0},{"connector_id":"3b756dea-103d-4b96-ac60-aa1d6a132be1","at":1.0}],"sources":[{"property":"","dataset":"OpenStreetMap","license":"ODbL-1.0","record_id":"w619101475@1","update_time":"2018-08-23T07:03:56Z","confidence":null,"between":null,"provider":"osm","resource":"planet","version":"2026-08-05"}],"version":1}},
{"id":"ba06ad30-a150-47a3-b2fc-919dc3e425dc","type":"Feature","geometry":{"type":"LineString","coordinates":[[127.0949249,37.4112749],[127.0949768,37.411265],[127.0954583,37.4112236],[127.0960326,37.4111814]]},"properties":{"subtype":"road","class":"service","connectors":[{"connector_id":"830ee9a7-511f-42bb-b391-6462acf6e5af","at":0.0},{"connector_id":"b596d037-8b1d-42c3-b4ea-fda67266c93f","at":0.482465903},{"connector_id":"5a88b593-ccd9-4ba3-b053-cc57e8e5ec44","at":1.0}],"sources":[{"property":"","dataset":"OpenStreetMap","license":"ODbL-1.0","record_id":"w619101474@1","update_time":"2018-08-23T07:03:57Z","confidence":null,"between":null,"provider":"osm","resource":"planet","version":"2026-08-05"}],"version":1}},
{"id":"296a512b-1e10-4734-b5dd-d4d20c5a2442","type":"Feature","geometry":{"type":"LineString","coordinates":[[127.0956288,37.4121233],[127.0955394,37.4120664],[127.0954785,37.4120186],[127.0953693,37.4119226],[127.0952639,37.4118206],[127.0951418,37.4116757],[127.0950789,37.4116017],[127.0950254,37.4115112],[127.0949676,37.4113938],[127.0949249,37.4112749],[127.0948964,37.4111853],[127.0948773,37.4110961],[127.0948621,37.4109903],[127.0948509,37.4108037]]},"properties":{"names":{"primary":"창업로","common":[["ko","창업로"],["en","Changeop-ro"]],"rules":[{"variant":"common","language":null,"perspectives":null,"value":"창업로","between":null,"side":null}]},"subtype":"road","class":"tertiary","connectors":[{"connector_id":"e5cc4cdb-ec19-4b63-a4b7-7111ba4cad12","at":0.0},{"connector_id":"830ee9a7-511f-42bb-b391-6462acf6e5af","at":0.68488122},{"connector_id":"1d73eaea-4ab5-404c-9a83-0355b40b41d9","at":1.0}],"level_rules":[{"value":-1,"between":null}],"sources":[{"property":"","dataset":"OpenStreetMap","license":"ODbL-1.0","record_id":"w431736274@16","update_time":"2026-01-08T15:56:05Z","confidence":null,"between":null,"provider":"osm","resource":"planet","version":"2026-08-05"}],"version":2}},
{"id":"1dbd5ca1-c902-452d-9b79-91ff1fba738b","type":"Feature","geometry":{"type":"LineString","coordinates":[[127.0948509,37.4108037],[127.09542,37.4107835],[127.0958019,37.4107711],[127.0958576,37.4107607],[127.0958995,37.4107345],[127.0959116,37.4107168],[127.095921,37.410703],[127.0959292,37.4106515],[127.0959343,37.4105257],[127.0959234,37.4103981],[127.0959038,37.4102791],[127.0958968,37.4102446],[127.0958774,37.4101494],[127.0957885,37.4096782],[127.0955893,37.4085976]]},"properties":{"names":{"primary":"창업로57번길","common":[["ko","창업로57번길"],["en","Changeop-ro 57beon-gil"]],"rules":[{"variant":"common","language":null,"perspectives":null,"value":"창업로57번길","between":null,"side":null}]},"subtype":"road","class":"residential","connectors":[{"connector_id":"1d73eaea-4ab5-404c-9a83-0355b40b41d9","at":0.0},{"connector_id":"3b756dea-103d-4b96-ac60-aa1d6a132be1","at":0.151012031},{"connector_id":"af823962-d3b7-431e-b52f-1dcf329b7a28","at":1.0}],"sources":[{"property":"","dataset":"OpenStreetMap","license":"ODbL-1.0","record_id":"w619101476@3","update_time":"2026-05-06T12:12:03Z","confidence":null,"between":null,"provider":"osm","resource":"planet","version":"2026-08-05"}],"version":1}},
{"id":"06ed9e01-3e88-42c3-8077-1e42eed610bd","type":"Feature","geometry":{"type":"LineString","coordinates":[[127.0929832,37.4097229],[127.0924502,37.4094576],[127.0924321,37.4094478],[127.0923719,37.4094154],[127.0923626,37.4093625],[127.0923857,37.4093026],[127.0926266,37.4090549],[127.0927961,37.4088685],[127.0929222,37.4087579],[127.0929514,37.4087053],[127.0930513,37.4084566],[127.0930919,37.4084093],[127.0932252,37.4083756],[127.0935631,37.40828],[127.0936509,37.4082496],[127.0938266,37.4081634],[127.0940064,37.4080871],[127.0942451,37.4080047],[127.0945045,37.4079256],[127.0950359,37.4077904],[127.0960072,37.4075628],[127.0967461,37.4074013],[127.0972194,37.4072892],[127.0978296,37.4071672],[127.0978794,37.4071738],[127.0979541,37.4071902],[127.0993455,37.4076849]]},"properties":{"subtype":"road","class":"service","subclass_rules":[{"value":"alley","between":[0.0,0.316308329]}],"connectors":[{"connector_id":"275a0276-3462-415b-924d-57be435819d0","at":0.0},{"connector_id":"50176712-0ec7-43df-8348-df4844f4c928","at":0.073369099},{"connector_id":"6b84c196-52d2-4112-a9fc-7ff158a9a9f2","at":0.196069431},{"connector_id":"74ade7cc-a533-40ff-8847-df07db32290f","at":0.316309061},{"connector_id":"be51d406-6799-4634-abae-fb91a0928bf2","at":1.0}],"sources":[{"property":"","dataset":"OpenStreetMap","license":"ODbL-1.0","record_id":"w431736292@2","update_time":"2018-07-25T23:49:04Z","confidence":null,"between":[0.0,0.316308329],"provider":"osm","resource":"planet","version":"2026-08-05"},{"property":"","dataset":"OpenStreetMap","license":"ODbL-1.0","record_id":"w1390023835@1","update_time":"2025-05-27T10:33:32Z","confidence":null,"between":[0.316308329,1.0],"provider":"osm","resource":"planet","version":"2026-08-05"}],"version":1}},
{"id":"8cfadb63-ec60-408e-97f7-d521731d0fb0","type":"Feature","geometry":{"type":"LineString","coordinates":[[127.0955893,37.4085976],[127.0950185,37.4085578]]},"properties":{"names":{"primary":"달래내로","common":[["ko","달래내로"],["en","Dallaenae-ro"]],"rules":[{"variant":"common","language":null,"perspectives":null,"value":"달래내로","between":null,"side":null}]},"subtype":"road","class":"tertiary","connectors":[{"connector_id":"af823962-d3b7-431e-b52f-1dcf329b7a28","at":0.0},{"connector_id":"7f8e48ca-ffed-49f0-be41-73f46d9a1c40","at":1.0}],"access_restrictions":[{"access_type":"allowed","when":{"during":null,"heading":null,"using":null,"recognized":null,"mode":["foot"],"vehicle":null},"between":null}],"destinations":[{"labels":[{"value":"서울","type":"unknown"},{"value":"양재","type":"unknown"},{"value":"한남대교","type":"unknown"}],"symbols":null,"from_connector_id":"7f8e48ca-ffed-49f0-be41-73f46d9a1c40","to_segment_id":"b7b57aad-6ffa-4a12-a9d7-749f57c930da","to_connector_id":"7f8e48ca-ffed-49f0-be41-73f46d9a1c40","when":{"heading":"forward"},"final_heading":"forward"},{"labels":[{"value":"서울","type":"unknown"},{"value":"양재","type":"unknown"},{"value":"한남대교","type":"unknown"}],"symbols":null,"from_connector_id":"7f8e48ca-ffed-49f0-be41-73f46d9a1c40","to_segment_id":"b7b57aad-6ffa-4a12-a9d7-749f57c930da","to_connector_id":"7f8e48ca-ffed-49f0-be41-73f46d9a1c40","when":{"heading":"backward"},"final_heading":"forward"}],"sources":[{"property":"","dataset":"OpenStreetMap","license":"ODbL-1.0","record_id":"w564843124@5","update_time":"2026-05-06T12:12:03Z","confidence":null,"between":null,"provider":"osm","resource":"planet","version":"2026-08-05"}],"version":2}},
{"id":"ac48cbf1-a9a9-4a0a-9ccf-ccf4ffec3ac9","type":"Feature","geometry":{"type":"LineString","coordinates":[[127.0954078,37.4056349],[127.0952147,37.4058872]]},"properties":{"subtype":"road","class":"service","connectors":[{"connector_id":"12df9e2e-b7bb-4341-add2-5afb7a7636a4","at":0.0},{"connector_id":"0fd34b5a-566d-425d-ace5-542c9d36e644","at":1.0}],"access_restrictions":[{"access_type":"denied","when":null,"between":null}],"sources":[{"property":"","dataset":"OpenStreetMap","license":"ODbL-1.0","record_id":"w931718064@1","update_time":"2021-04-17T11:25:47Z","confidence":null,"between":null,"provider":"osm","resource":"planet","version":"2026-08-05"}],"version":1}},
{"id":"47510cba-ecec-4790-9085-1a45cf6c983a","type":"Feature","geometry":{"type":"LineString","coordinates":[[127.0973117,37.4079842],[127.0973031,37.4079491],[127.0972999,37.4079023],[127.0973041,37.407852],[127.0973095,37.4078204]]},"properties":{"subtype":"road","class":"service","connectors":[{"connector_id":"e960424b-c7a8-446f-826c-5f825bb7582a","at":0.0},{"connector_id":"30cd000a-12a0-4d51-b6d1-6a9603aa664f","at":1.0}],"sources":[{"property":"","dataset":"OpenStreetMap","license":"ODbL-1.0","record_id":"w1416090818@1","update_time":"2025-07-20T12:54:31Z","confidence":null,"between":null,"provider":"osm","resource":"planet","version":"2026-08-05"}],"version":1}},
{"id":"64ee22aa-c087-4669-9710-c15b574abb7e","type":"Feature","geometry":{"type":"LineString","coordinates":[[127.0955893,37.4085976],[127.0953893,37.4078468],[127.097203,37.4074118],[127.0975103,37.4074181],[127.0979135,37.4075533],[127.0991916,37.4079817],[127.0994844,37.4080978],[127.0991425,37.4087761],[127.0975612,37.4082901],[127.0972058,37.4081933],[127.0963785,37.4081215],[127.0961749,37.407665]]},"properties":{"subtype":"road","class":"unknown","connectors":[{"connector_id":"af823962-d3b7-431e-b52f-1dcf329b7a28","at":0.0},{"connector_id":"53eedda1-3447-4d39-b0c0-ca4ca9ac0e04","at":0.369686473},{"connector_id":"5c182233-273b-42d3-8877-d420dba7bce2","at":0.512015723},{"connector_id":"e62a5fab-0913-4fa5-bdd3-3f1882a3105d","at":0.813649983},{"connector_id":"47c191e3-3db7-40f5-8efc-4c4f02dc3e39","at":1.0}],"sources":[{"property":"","dataset":"OpenStreetMap","license":"ODbL-1.0","record_id":"w1509756613@1","update_time":"2026-05-06T12:12:03Z","confidence":null,"between":null,"provider":"osm","resource":"planet","version":"2026-08-05"}],"version":2}},
{"id":"35fee0a9-b7c7-44ea-9698-1b7336284bf5","type":"Feature","geometry":{"type":"LineString","coordinates":[[127.0979135,37.4075533],[127.0975612,37.4082901],[127.0972747,37.408809]]},"properties":{"subtype":"road","class":"unknown","connectors":[{"connector_id":"53eedda1-3447-4d39-b0c0-ca4ca9ac0e04","at":0.0},{"connector_id":"e62a5fab-0913-4fa5-bdd3-3f1882a3105d","at":0.581728098},{"connector_id":"c6fab614-a817-4455-a815-c91055e3bb66","at":1.0}],"sources":[{"property":"","dataset":"OpenStreetMap","license":"ODbL-1.0","record_id":"w1509756615@1","update_time":"2026-05-06T12:12:03Z","confidence":null,"between":null,"provider":"osm","resource":"planet","version":"2026-08-05"}],"version":2}},
{"id":"7fd5949e-4adc-42f1-b7ea-3f01ed760266","type":"Feature","geometry":{"type":"LineString","coordinates":[[127.1000413,37.4074177],[127.0990395,37.4072865],[127.097869,37.4070324],[127.0974612,37.4069738],[127.0971203,37.4069626],[127.0967653,37.406971],[127.0963716,37.4070212],[127.0958286,37.4071225],[127.0954471,37.407186],[127.0950956,37.4072083],[127.0947757,37.4071692],[127.0943891,37.4070771],[127.0940657,37.4069179],[127.0937564,37.4067281],[127.0934541,37.4064544],[127.0933029,37.4062645],[127.0931764,37.4060858],[127.093078,37.4058932],[127.0930252,37.4056726],[127.0929901,37.4055134],[127.0930041,37.4052789],[127.0930569,37.4049215],[127.0931623,37.4046171],[127.0932889,37.4043714],[127.093433,37.4041648],[127.0936825,37.4039554],[127.0939766,37.4038162],[127.0941535,37.4037343],[127.094357,37.4036727],[127.0946542,37.4036271],[127.0949531,37.4036088],[127.0954436,37.403598],[127.0957915,37.4035488]]},"properties":{"subtype":"road","class":"motorway","subclass":"link","subclass_rules":[{"value":"link","between":null}],"connectors":[{"connector_id":"13473845-f0de-4a61-98d1-85ef4c07c59a","at":0.0},{"connector_id":"4b2ff739-a4b2-4d27-b94b-2f046eff5471","at":1.0}],"road_flags":[{"values":["is_bridge","is_link"],"between":[0.0,0.29617533]},{"values":["is_link"],"between":[0.29617533,0.486910022]},{"values":["is_link","is_tunnel"],"between":[0.486910022,0.55406231]},{"values":["is_link"],"between":[0.55406231,1.0]}],"level_rules":[{"value":1,"between":[0.0,0.29617533]}],"access_restrictions":[{"access_type":"denied","when":{"during":null,"heading":"backward","using":null,"recognized":null,"mode":null,"vehicle":null},"between":null}],"destinations":[{"labels":[{"value":"대전","type":"unknown"},{"value":"부산","type":"unknown"},{"value":"판교","type":"unknown"}],"symbols":null,"from_connector_id":"4b2ff739-a4b2-4d27-b94b-2f046eff5471","to_segment_id":"069c618f-36d7-49e8-9a48-cd3521840bfa","to_connector_id":"4b2ff739-a4b2-4d27-b94b-2f046eff5471","when":{"heading":"forward"},"final_heading":"forward"},{"labels":[{"value":"대전","type":"unknown"},{"value":"부산","type":"unknown"},{"value":"판교","type":"unknown"}],"symbols":null,"from_connector_id":"4b2ff739-a4b2-4d27-b94b-2f046eff5471","to_segment_id":"3045e534-88a5-4799-982c-f9190cdb67a9","to_connector_id":"4b2ff739-a4b2-4d27-b94b-2f046eff5471","when":{"heading":"forward"},"final_heading":"forward"},{"labels":[{"value":"대전","type":"unknown"},{"value":"부산","type":"unknown"},{"value":"판교","type":"unknown"}],"symbols":null,"from_connector_id":"4b2ff739-a4b2-4d27-b94b-2f046eff5471","to_segment_id":"7fd5949e-4adc-42f1-b7ea-3f01ed760266","to_connector_id":"4b2ff739-a4b2-4d27-b94b-2f046eff5471","when":{"heading":"forward"},"final_heading":"forward"}],"sources":[{"property":"","dataset":"OpenStreetMap","license":"ODbL-1.0","record_id":"w59242902@10","update_time":"2024-09-08T06:19:31Z","confidence":null,"between":[0.0,0.29617533],"provider":"osm","resource":"planet","version":"2026-08-05"},{"property":"","dataset":"OpenStreetMap","license":"ODbL-1.0","record_id":"w1030329489@6","update_time":"2024-09-08T06:19:32Z","confidence":null,"between":[0.29617533,0.486910022],"provider":"osm","resource":"planet","version":"2026-08-05"},{"property":"","dataset":"OpenStreetMap","license":"ODbL-1.0","record_id":"w277593645@4","update_time":"2024-09-08T06:20:42Z","confidence":null,"between":[0.486910022,0.55406231],"provider":"osm","resource":"planet","version":"2026-08-05"},{"property":"","dataset":"OpenStreetMap","license":"ODbL-1.0","record_id":"w277593648@8","update_time":"2025-11-24T05:52:23Z","confidence":null,"between":[0.55406231,1.0],"provider":"osm","resource":"planet","version":"2026-08-05"}],"version":8}},
{"id":"3045e534-88a5-4799-982c-f9190cdb67a9","type":"Feature","geometry":{"type":"LineString","coordinates":[[127.0957915,37.4035488],[127.0961446,37.4034802],[127.0964113,37.4034044],[127.096765,37.4032117],[127.0970025,37.4030725],[127.0973453,37.4028256]]},"properties":{"subtype":"road","class":"motorway","subclass":"link","subclass_rules":[{"value":"link","between":null}],"connectors":[{"connector_id":"4b2ff739-a4b2-4d27-b94b-2f046eff5471","at":0.0},{"connector_id":"e3ce9f5c-d1ee-48e7-8b1c-ac60e268e490","at":1.0}],"road_flags":[{"values":["is_link"],"between":null}],"access_restrictions":[{"access_type":"denied","when":{"during":null,"heading":"backward","using":null,"recognized":null,"mode":null,"vehicle":null},"between":null}],"destinations":[{"labels":[{"value":"대전","type":"unknown"},{"value":"부산","type":"unknown"},{"value":"판교","type":"unknown"}],"symbols":null,"from_connector_id":"e3ce9f5c-d1ee-48e7-8b1c-ac60e268e490","to_segment_id":"3045e534-88a5-4799-982c-f9190cdb67a9","to_connector_id":"e3ce9f5c-d1ee-48e7-8b1c-ac60e268e490","when":{"heading":"forward"},"final_heading":"forward"}],"sources":[{"property":"","dataset":"OpenStreetMap","license":"ODbL-1.0","record_id":"w277593648@8","update_time":"2025-11-24T05:52:23Z","confidence":null,"between":null,"provider":"osm","resource":"planet","version":"2026-08-05"}],"version":3}},
{"id":"a147f558-bc1e-4e82-852b-9ebf20bae009","type":"Feature","geometry":{"type":"LineString","coordinates":[[127.0965164,37.403848],[127.0971519,37.4030437],[127.0973453,37.4028256]]},"properties":{"subtype":"road","class":"motorway","subclass":"link","subclass_rules":[{"value":"link","between":null}],"connectors":[{"connector_id":"835c5b57-919d-49b9-9bcd-487c3b4eb9eb","at":0.0},{"connector_id":"e3ce9f5c-d1ee-48e7-8b1c-ac60e268e490","at":1.0}],"road_flags":[{"values":["is_link"],"between":null}],"access_restrictions":[{"access_type":"denied","when":{"during":null,"heading":"backward","using":null,"recognized":null,"mode":null,"vehicle":null},"between":null}],"destinations":[{"labels":[{"value":"대전","type":"unknown"},{"value":"부산","type":"unknown"},{"value":"판교","type":"unknown"}],"symbols":null,"from_connector_id":"e3ce9f5c-d1ee-48e7-8b1c-ac60e268e490","to_segment_id":"3045e534-88a5-4799-982c-f9190cdb67a9","to_connector_id":"e3ce9f5c-d1ee-48e7-8b1c-ac60e268e490","when":{"heading":"forward"},"final_heading":"forward"}],"sources":[{"property":"","dataset":"OpenStreetMap","license":"ODbL-1.0","record_id":"w277593653@8","update_time":"2025-11-24T05:52:23Z","confidence":null,"between":null,"provider":"osm","resource":"planet","version":"2026-08-05"}],"version":3}},
{"id":"5c9fc7de-598a-4577-b910-c20d9842e2e5","type":"Feature","geometry":{"type":"LineString","coordinates":[[127.1002065,37.4005683],[127.0999506,37.4010628],[127.0997221,37.4014034],[127.0994487,37.4017825],[127.0992101,37.4020807],[127.0989616,37.4023433],[127.0986931,37.402598],[127.0983874,37.4028567],[127.0981761,37.4030126],[127.097776,37.4033147],[127.0966774,37.4043414],[127.0959938,37.4049515],[127.095447,37.4054116],[127.0953372,37.405502],[127.0947014,37.4060256],[127.0940057,37.4066123]]},"properties":{"subtype":"road","class":"motorway","subclass":"link","subclass_rules":[{"value":"link","between":null}],"connectors":[{"connector_id":"f389d417-680d-49bb-bed8-4c371b9b8459","at":0.0},{"connector_id":"454a6433-e573-4e2a-8737-252795b3a17b","at":0.804594637},{"connector_id":"ba72bae8-3b36-41d0-9455-0dcf5f771971","at":1.0}],"road_flags":[{"values":["is_link"],"between":[0.0,0.432238383]},{"values":["is_link","is_tunnel"],"between":[0.432238383,0.603893957]},{"values":["is_link"],"between":[0.603893957,1.0]}],"level_rules":[{"value":-1,"between":[0.432238383,0.603893957]}],"access_restrictions":[{"access_type":"denied","when":{"during":null,"heading":"backward","using":null,"recognized":null,"mode":null,"vehicle":null},"between":null}],"destinations":[{"labels":[{"value":"서울","type":"unknown"},{"value":"양재","type":"unknown"},{"value":"한남대교","type":"unknown"}],"symbols":null,"from_connector_id":"454a6433-e573-4e2a-8737-252795b3a17b","to_segment_id":"5c9fc7de-598a-4577-b910-c20d9842e2e5","to_connector_id":"454a6433-e573-4e2a-8737-252795b3a17b","when":{"heading":"forward"},"final_heading":"forward"},{"labels":[{"value":"서울","type":"unknown"},{"value":"양재","type":"unknown"},{"value":"한남대교","type":"unknown"}],"symbols":null,"from_connector_id":"ba72bae8-3b36-41d0-9455-0dcf5f771971","to_segment_id":"5c9fc7de-598a-4577-b910-c20d9842e2e5","to_connector_id":"ba72bae8-3b36-41d0-9455-0dcf5f771971","when":{"heading":"forward"},"final_heading":"forward"}],"sources":[{"property":"","dataset":"OpenStreetMap","license":"ODbL-1.0","record_id":"w154281595@10","update_time":"2024-09-08T06:19:17Z","confidence":null,"between":[0.0,0.432238383],"provider":"osm","resource":"planet","version":"2026-08-05"},{"property":"","dataset":"OpenStreetMap","license":"ODbL-1.0","record_id":"w154281641@9","update_time":"2024-09-08T06:19:21Z","confidence":null,"between":[0.432238383,0.603893957],"provider":"osm","resource":"planet","version":"2026-08-05"},{"property":"","dataset":"OpenStreetMap","license":"ODbL-1.0","record_id":"w154281644@10","update_time":"2024-09-08T06:19:20Z","confidence":null,"between":[0.603893957,1.0],"provider":"osm","resource":"planet","version":"2026-08-05"}],"version":5}},
{"id":"7d6e5fe8-07f6-4c70-85af-c66476edbff1","type":"Feature","geometry":{"type":"LineString","coordinates":[[127.0974735,37.4032863],[127.0971203,37.4037795],[127.0969375,37.4040866],[127.0968461,37.4043826],[127.096832,37.4047149],[127.0968603,37.4049779]]},"properties":{"subtype":"road","class":"motorway","subclass":"link","subclass_rules":[{"value":"link","between":null}],"connectors":[{"connector_id":"73c7a5a6-2e84-44c6-832a-58fed90273db","at":0.0},{"connector_id":"3b922fa6-b061-463f-9169-2f8122ebd3ed","at":1.0}],"road_flags":[{"values":["is_link"],"between":null}],"access_restrictions":[{"access_type":"denied","when":{"during":null,"heading":"backward","using":null,"recognized":null,"mode":null,"vehicle":null},"between":null}],"destinations":[{"labels":[{"value":"구리","type":"unknown"},{"value":"성남","type":"unknown"}],"symbols":null,"from_connector_id":"3b922fa6-b061-463f-9169-2f8122ebd3ed","to_segment_id":"1a89fde6-a011-40d6-b095-0a8bf351c9f7","to_connector_id":"3b922fa6-b061-463f-9169-2f8122ebd3ed","when":{"heading":"forward"},"final_heading":"forward"},{"labels":[{"value":"구리","type":"unknown"},{"value":"일산","type":"unknown"}],"symbols":null,"from_connector_id":"3b922fa6-b061-463f-9169-2f8122ebd3ed","to_segment_id":"7d6e5fe8-07f6-4c70-85af-c66476edbff1","to_connector_id":"3b922fa6-b061-463f-9169-2f8122ebd3ed","when":{"heading":"forward"},"final_heading":"forward"},{"labels":[{"value":"일산","type":"unknown"},{"value":"평촌","type":"unknown"},{"value":"학의분기점","type":"unknown"}],"symbols":null,"from_connector_id":"3b922fa6-b061-463f-9169-2f8122ebd3ed","to_segment_id":"d08c5af2-3eb8-4e71-9d3f-90e841c83db9","to_connector_id":"3b922fa6-b061-463f-9169-2f8122ebd3ed","when":{"heading":"forward"},"final_heading":"forward"}],"sources":[{"property":"","dataset":"OpenStreetMap","license":"ODbL-1.0","record_id":"w1110773683@7","update_time":"2025-11-24T05:52:23Z","confidence":null,"between":null,"provider":"osm","resource":"planet","version":"2026-08-05"}],"version":7}},
{"id":"389846a1-1324-4843-9dc4-e34c87e0cf87","type":"Feature","geometry":{"type":"LineString","coordinates":[[127.0971822,37.4021049],[127.0972547,37.4020548],[127.09731910000001,37.4020047],[127.0973783,37.4019534],[127.0974431,37.401885],[127.0975002,37.4018079]]},"properties":{"names":{"primary":"판교로209번길","common":[["ko","판교로209번길"],["en","Pangyo-ro 209beon-gil"]],"rules":[{"variant":"common","language":null,"perspectives":null,"value":"판교로209번길","between":null,"side":null}]},"subtype":"road","class":"residential","connectors":[{"connector_id":"a8bd0116-fee2-4659-b271-45df7cac9a9c","at":0.0},{"connector_id":"e6e38f65-b5af-439b-9a06-931b3a0d3ccf","at":1.0}],"sources":[{"property":"","dataset":"OpenStreetMap","license":"ODbL-1.0","record_id":"w284164577@11","update_time":"2024-09-03T18:47:32Z","confidence":null,"between":null,"provider":"osm","resource":"planet","version":"2026-08-05"}],"version":1}},
{"id":"0acaf230-cfcb-4845-9fe7-6ae5d5797539","type":"Feature","geometry":{"type":"LineString","coordinates":[[127.0975002,37.4018079],[127.097671,37.4015818],[127.0977394,37.401491300000004]]},"properties":{"names":{"primary":"판교로209번길","common":[["ko","판교로209번길"],["en","Pangyo-ro 209beon-gil"]],"rules":[{"variant":"common","language":null,"perspectives":null,"value":"판교로209번길","between":null,"side":null}]},"subtype":"road","class":"residential","connectors":[{"connector_id":"e6e38f65-b5af-439b-9a06-931b3a0d3ccf","at":0.0},{"connector_id":"3855cc4e-c880-4fb7-8847-4def83149de6","at":0.714122647},{"connector_id":"94333875-1b6b-4b20-9722-1de4fb55bfe3","at":1.0}],"sources":[{"property":"","dataset":"OpenStreetMap","license":"ODbL-1.0","record_id":"w284164577@11","update_time":"2024-09-03T18:47:32Z","confidence":null,"between":null,"provider":"osm","resource":"planet","version":"2026-08-05"}],"version":1}},
{"id":"10701775-b376-4920-9526-416a3d2b02ad","type":"Feature","geometry":{"type":"LineString","coordinates":[[127.098095,37.4010625],[127.0972679,37.4006423]]},"properties":{"names":{"primary":"판교로210번길","common":[["ko","판교로210번길"],["en","Pangyo-ro 210beon-gil"]],"rules":[{"variant":"common","language":null,"perspectives":null,"value":"판교로210번길","between":null,"side":null}]},"subtype":"road","class":"living_street","connectors":[{"connector_id":"1f5673db-23c9-4c45-99de-07e0d86dbf99","at":0.0},{"connector_id":"3d972249-011f-44ae-b364-e4b0bc7b0794","at":1.0}],"sources":[{"property":"","dataset":"OpenStreetMap","license":"ODbL-1.0","record_id":"w284219115@4","update_time":"2024-06-11T11:21:04Z","confidence":null,"between":null,"provider":"osm","resource":"planet","version":"2026-08-05"}],"version":1}},
{"id":"e19f87b7-11e8-4331-b8d4-d0fbdd63765e","type":"Feature","geometry":{"type":"LineString","coordinates":[[127.0975383,37.4003141],[127.0977897,37.3999839]]},"properties":{"names":{"primary":"판교로198번길","common":[["ko","판교로198번길"],["en","Pangyo-ro 198beon-gil"]],"rules":[{"variant":"common","language":null,"perspectives":null,"value":"판교로198번길","between":null,"side":null}]},"subtype":"road","class":"living_street","connectors":[{"connector_id":"faf56922-9236-4428-81eb-b0910a3bd347","at":0.0},{"connector_id":"7947ea2c-5c2d-4d8b-99c3-ad1df377c0d7","at":1.0}],"sources":[{"property":"","dataset":"OpenStreetMap","license":"ODbL-1.0","record_id":"w284219513@3","update_time":"2024-06-11T11:21:04Z","confidence":null,"between":null,"provider":"osm","resource":"planet","version":"2026-08-05"}],"version":1}},
{"id":"9efc9541-3011-4646-9063-23bbd42f9151","type":"Feature","geometry":{"type":"LineString","coordinates":[[127.0977897,37.3999839],[127.0974575,37.3998161]]},"properties":{"names":{"primary":"판교로210번길","common":[["ko","판교로210번길"],["en","Pangyo-ro 210beon-gil"]],"rules":[{"variant":"common","language":null,"perspectives":null,"value":"판교로210번길","between":null,"side":null}]},"subtype":"road","class":"living_street","connectors":[{"connector_id":"7947ea2c-5c2d-4d8b-99c3-ad1df377c0d7","at":0.0},{"connector_id":"3bcc4fb6-fe89-4255-a86e-16275deb877d","at":1.0}],"sources":[{"property":"","dataset":"OpenStreetMap","license":"ODbL-1.0","record_id":"w284219515@3","update_time":"2024-06-11T11:21:04Z","confidence":null,"between":null,"provider":"osm","resource":"planet","version":"2026-08-05"}],"version":1}},
{"id":"28f1a62c-32c0-44c2-8e6d-acc367ef539a","type":"Feature","geometry":{"type":"LineString","coordinates":[[127.0972679,37.4006423],[127.0975383,37.4003141]]},"properties":{"names":{"primary":"판교로198번길","common":[["ko","판교로198번길"],["en","Pangyo-ro 198beon-gil"]],"rules":[{"variant":"common","language":null,"perspectives":null,"value":"판교로198번길","between":null,"side":null}]},"subtype":"road","class":"living_street","connectors":[{"connector_id":"3d972249-011f-44ae-b364-e4b0bc7b0794","at":0.0},{"connector_id":"faf56922-9236-4428-81eb-b0910a3bd347","at":1.0}],"sources":[{"property":"","dataset":"OpenStreetMap","license":"ODbL-1.0","record_id":"w284219513@3","update_time":"2024-06-11T11:21:04Z","confidence":null,"between":null,"provider":"osm","resource":"planet","version":"2026-08-05"}],"version":1}},
{"id":"740dd7d6-0f77-401e-8b29-a9f3c16a1fe2","type":"Feature","geometry":{"type":"LineString","coordinates":[[127.096923,37.4004797],[127.0974575,37.3998161]]},"properties":{"names":{"primary":"판교로198번길","common":[["ko","판교로198번길"],["en","Pangyo-ro 198beon-gil"]],"rules":[{"variant":"common","language":null,"perspectives":null,"value":"판교로198번길","between":null,"side":null}]},"subtype":"road","class":"residential","connectors":[{"connector_id":"217a929a-88e5-486a-895c-02502af07d0f","at":0.0},{"connector_id":"3bcc4fb6-fe89-4255-a86e-16275deb877d","at":1.0}],"sources":[{"property":"","dataset":"OpenStreetMap","license":"ODbL-1.0","record_id":"w285188815@2","update_time":"2021-09-28T08:03:06Z","confidence":null,"between":null,"provider":"osm","resource":"planet","version":"2026-08-05"}],"version":1}},
{"id":"77dcbd39-55b0-4372-a7c3-6e50f0783c35","type":"Feature","geometry":{"type":"LineString","coordinates":[[127.0972679,37.4006423],[127.096923,37.4004797]]},"properties":{"names":{"primary":"판교로198번길","common":[["ko","판교로198번길"],["en","Pangyo-ro 198beon-gil"]],"rules":[{"variant":"common","language":null,"perspectives":null,"value":"판교로198번길","between":null,"side":null}]},"subtype":"road","class":"living_street","connectors":[{"connector_id":"3d972249-011f-44ae-b364-e4b0bc7b0794","at":0.0},{"connector_id":"217a929a-88e5-486a-895c-02502af07d0f","at":1.0}],"sources":[{"property":"","dataset":"OpenStreetMap","license":"ODbL-1.0","record_id":"w722662264@2","update_time":"2024-06-11T11:21:04Z","confidence":null,"between":null,"provider":"osm","resource":"planet","version":"2026-08-05"}],"version":1}},
{"id":"98dad527-d69c-4e41-9432-e1252ec105e1","type":"Feature","geometry":{"type":"LineString","coordinates":[[127.0966693,37.4008063],[127.0978223,37.4013895]]},"properties":{"names":{"primary":"판교로","common":[["ko","판교로"],["en","Pangyo-ro"]],"rules":[{"variant":"common","language":null,"perspectives":null,"value":"판교로","between":null,"side":null}]},"subtype":"road","class":"secondary","connectors":[{"connector_id":"5810cdd3-e7ff-45c2-b273-596945a26208","at":0.0},{"connector_id":"e74ac17c-a7b8-4fb9-a043-d7c755dc21e8","at":1.0}],"road_surface":[{"value":"paved","between":null}],"access_restrictions":[{"access_type":"denied","when":{"during":null,"heading":"backward","using":null,"recognized":null,"mode":null,"vehicle":null},"between":null}],"sources":[{"property":"","dataset":"OpenStreetMap","license":"ODbL-1.0","record_id":"w292950914@11","update_time":"2026-07-01T14:39:05Z","confidence":null,"between":null,"provider":"osm","resource":"planet","version":"2026-08-05"}],"version":2}},
{"id":"b2bebdaf-56ac-41e3-99db-15e17d82d661","type":"Feature","geometry":{"type":"LineString","coordinates":[[127.0977394,37.401491300000004],[127.0965736,37.4009128]]},"properties":{"names":{"primary":"판교로","common":[["ko","판교로"],["en","Pangyo-ro"]],"rules":[{"variant":"common","language":null,"perspectives":null,"value":"판교로","between":null,"side":null}]},"subtype":"road","class":"secondary","connectors":[{"connector_id":"94333875-1b6b-4b20-9722-1de4fb55bfe3","at":0.0},{"connector_id":"a297007c-37d6-4053-8fe7-1c5c2e332cbd","at":1.0}],"road_surface":[{"value":"paved","between":null}],"access_restrictions":[{"access_type":"denied","when":{"during":null,"heading":"backward","using":null,"recognized":null,"mode":null,"vehicle":null},"between":null}],"sources":[{"property":"","dataset":"OpenStreetMap","license":"ODbL-1.0","record_id":"w709015427@5","update_time":"2026-07-01T14:39:05Z","confidence":null,"between":null,"provider":"osm","resource":"planet","version":"2026-08-05"}],"version":2}},
{"id":"7e74175e-177f-4685-ad22-b1cdb0a6fed4","type":"Feature","geometry":{"type":"LineString","coordinates":[[127.0958814,37.4008528],[127.0959592,37.4008901],[127.0960732,37.4007506],[127.0975739,37.4014963],[127.0975913,37.4015411],[127.097671,37.4015818]]},"properties":{"subtype":"road","class":"footway","subclass":"sidewalk","subclass_rules":[{"value":"sidewalk","between":null}],"connectors":[{"connector_id":"a8c4d97a-81d1-4eac-acd2-f832ddf8f2de","at":0.0},{"connector_id":"3855cc4e-c880-4fb7-8847-4def83149de6","at":1.0}],"sources":[{"property":"","dataset":"OpenStreetMap","license":"ODbL-1.0","record_id":"w964533771@1","update_time":"2021-07-15T09:02:30Z","confidence":null,"between":null,"provider":"osm","resource":"planet","version":"2026-08-05"}],"version":1}},
{"id":"38df26a7-3d45-4bce-9b4f-b19ac32f74c0","type":"Feature","geometry":{"type":"LineString","coordinates":[[127.096923,37.4004797],[127.0966693,37.4008063]]},"properties":{"names":{"primary":"판교로198번길","common":[["ko","판교로198번길"],["en","Pangyo-ro 198beon-gil"]],"rules":[{"variant":"common","language":null,"perspectives":null,"value":"판교로198번길","between":null,"side":null}]},"subtype":"road","class":"residential","connectors":[{"connector_id":"217a929a-88e5-486a-895c-02502af07d0f","at":0.0},{"connector_id":"5810cdd3-e7ff-45c2-b273-596945a26208","at":1.0}],"road_surface":[{"value":"paved","between":null}],"sources":[{"property":"","dataset":"OpenStreetMap","license":"ODbL-1.0","record_id":"w285188816@4","update_time":"2023-11-01T03:31:14Z","confidence":null,"between":null,"provider":"osm","resource":"planet","version":"2026-08-05"}],"version":1}},
{"id":"c8c50586-b677-4018-b379-1bdbafdca77b","type":"Feature","geometry":{"type":"LineString","coordinates":[[127.096923,37.4004797],[127.0966158,37.4003148],[127.0971227,37.3996381]]},"properties":{"names":{"primary":"판교로198번길","common":[["ko","판교로198번길"],["en","Pangyo-ro 198beon-gil"]],"rules":[{"variant":"common","language":null,"perspectives":null,"value":"판교로198번길","between":null,"side":null}]},"subtype":"road","class":"living_street","connectors":[{"connector_id":"217a929a-88e5-486a-895c-02502af07d0f","at":0.0},{"connector_id":"f01586ad-165e-46ab-aced-a81c424b92ee","at":0.272572084},{"connector_id":"23d4bb2c-7a37-494c-9f76-84daee5aeadd","at":1.0}],"sources":[{"property":"","dataset":"OpenStreetMap","license":"ODbL-1.0","record_id":"w285188814@3","update_time":"2024-06-11T11:21:04Z","confidence":null,"between":[0.0,0.272537448],"provider":"osm","resource":"planet","version":"2026-08-05"},{"property":"","dataset":"OpenStreetMap","license":"ODbL-1.0","record_id":"w284219120@4","update_time":"2024-06-11T11:21:04Z","confidence":null,"between":[0.272537448,1.0],"provider":"osm","resource":"planet","version":"2026-08-05"}],"version":1}},
{"id":"11ecb17a-bf1c-4dbd-8ece-272d7a799060","type":"Feature","geometry":{"type":"LineString","coordinates":[[127.0963345,37.3996682],[127.0965395,37.3997686],[127.0965605,37.3997881],[127.0965724,37.399812],[127.096574,37.3998376],[127.096565,37.3998623],[127.0965466,37.3998833],[127.0962964,37.4001937]]},"properties":{"names":{"primary":"판교로","common":null,"rules":[{"variant":"common","language":"en","perspectives":null,"value":"Seopangyo-ro","between":[0.0,0.353037018],"side":null},{"variant":"common","language":"ko","perspectives":null,"value":"서판교로","between":[0.0,0.353037018],"side":null},{"variant":"common","language":null,"perspectives":null,"value":"서판교로","between":[0.0,0.353037018],"side":null},{"variant":"common","language":"en","perspectives":null,"value":"Pangyo-ro","between":[0.353037018,1.0],"side":null},{"variant":"common","language":"ko","perspectives":null,"value":"판교로","between":[0.353037018,1.0],"side":null},{"variant":"common","language":null,"perspectives":null,"value":"판교로","between":[0.353037018,1.0],"side":null}]},"subtype":"road","class":"residential","connectors":[{"connector_id":"892865c9-3c44-479a-ab02-fe94a883d349","at":0.0},{"connector_id":"306e9ce6-4acf-4228-8d58-12716d38d6b6","at":1.0}],"road_surface":[{"value":"paved","between":[0.353037018,1.0]}],"sources":[{"property":"","dataset":"OpenStreetMap","license":"ODbL-1.0","record_id":"w722662263@2","update_time":"2021-09-28T08:03:06Z","confidence":null,"between":[0.0,0.353037018],"provider":"osm","resource":"planet","version":"2026-08-05"},{"property":"","dataset":"OpenStreetMap","license":"ODbL-1.0","record_id":"w285188818@4","update_time":"2023-11-01T03:30:00Z","confidence":null,"between":[0.353037018,1.0],"provider":"osm","resource":"planet","version":"2026-08-05"}],"version":2}},
{"id":"b57e79f9-4936-4557-b82f-3cb661c897e6","type":"Feature","geometry":{"type":"LineString","coordinates":[[127.0964034,37.4002034],[127.0966158,37.4003148]]},"properties":{"subtype":"road","class":"footway","connectors":[{"connector_id":"ffb5b355-848d-4239-89be-0dcc86573a7d","at":0.0},{"connector_id":"f01586ad-165e-46ab-aced-a81c424b92ee","at":1.0}],"road_surface":[{"value":"paving_stones","between":null}],"sources":[{"property":"","dataset":"OpenStreetMap","license":"ODbL-1.0","record_id":"w966401816@2","update_time":"2023-11-01T03:30:06Z","confidence":null,"between":null,"provider":"osm","resource":"planet","version":"2026-08-05"}],"version":1}},
{"id":"882d3637-6983-4107-9954-bb27e2e6ce03","type":"Feature","geometry":{"type":"LineString","coordinates":[[127.0963453,37.4012087],[127.0965736,37.4009128]]},"properties":{"names":{"primary":"판교로197번길","common":[["ko","판교로197번길"],["en","Pangyo-ro 197beon-gil"]],"rules":[{"variant":"common","language":null,"perspectives":null,"value":"판교로197번길","between":null,"side":null}]},"subtype":"road","class":"residential","connectors":[{"connector_id":"49327dfa-3298-4e76-9994-8fdba8ad5fed","at":0.0},{"connector_id":"a297007c-37d6-4053-8fe7-1c5c2e332cbd","at":1.0}],"sources":[{"property":"","dataset":"OpenStreetMap","license":"ODbL-1.0","record_id":"w284210260@6","update_time":"2021-09-28T08:03:06Z","confidence":null,"between":null,"provider":"osm","resource":"planet","version":"2026-08-05"}],"version":1}},
{"id":"0704cf82-5f17-4dfc-abc9-8608c2b73863","type":"Feature","geometry":{"type":"LineString","coordinates":[[127.0971822,37.4021049],[127.0960715,37.4015495]]},"properties":{"names":{"primary":"판교로197번길","common":[["ko","판교로197번길"],["en","Pangyo-ro 197beon-gil"]],"rules":[{"variant":"common","language":null,"perspectives":null,"value":"판교로197번길","between":null,"side":null}]},"subtype":"road","class":"living_street","connectors":[{"connector_id":"a8bd0116-fee2-4659-b271-45df7cac9a9c","at":0.0},{"connector_id":"cbe1c9f8-d03f-48dd-bc2f-aef9f898a4bc","at":1.0}],"sources":[{"property":"","dataset":"OpenStreetMap","license":"ODbL-1.0","record_id":"w284210263@3","update_time":"2024-06-11T11:21:04Z","confidence":null,"between":null,"provider":"osm","resource":"planet","version":"2026-08-05"}],"version":1}},
{"id":"7cf0e3b6-deca-4fe2-a4e7-224f2c498793","type":"Feature","geometry":{"type":"LineString","coordinates":[[127.0975002,37.4018079],[127.0963453,37.4012087]]},"properties":{"names":{"primary":"판교로197번길","common":[["ko","판교로197번길"],["en","Pangyo-ro 197beon-gil"]],"rules":[{"variant":"common","language":null,"perspectives":null,"value":"판교로197번길","between":null,"side":null}]},"subtype":"road","class":"living_street","connectors":[{"connector_id":"e6e38f65-b5af-439b-9a06-931b3a0d3ccf","at":0.0},{"connector_id":"49327dfa-3298-4e76-9994-8fdba8ad5fed","at":1.0}],"sources":[{"property":"","dataset":"OpenStreetMap","license":"ODbL-1.0","record_id":"w284210261@3","update_time":"2024-06-11T11:21:04Z","confidence":null,"between":null,"provider":"osm","resource":"planet","version":"2026-08-05"}],"version":1}},
{"id":"e34cfe69-b3ac-400c-8b82-d5da39bb92da","type":"Feature","geometry":{"type":"LineString","coordinates":[[127.0968861,37.4024049],[127.0971822,37.4021049]]},"properties":{"names":{"primary":"판교로209번길","common":[["ko","판교로209번길"],["en","Pangyo-ro 209beon-gil"]],"rules":[{"variant":"common","language":null,"perspectives":null,"value":"판교로209번길","between":null,"side":null}]},"subtype":"road","class":"residential","connectors":[{"connector_id":"4b69c99a-6eb2-46e4-bbc2-1483921cf7d5","at":0.0},{"connector_id":"a8bd0116-fee2-4659-b271-45df7cac9a9c","at":1.0}],"sources":[{"property":"","dataset":"OpenStreetMap","license":"ODbL-1.0","record_id":"w284164577@11","update_time":"2024-09-03T18:47:32Z","confidence":null,"between":null,"provider":"osm","resource":"planet","version":"2026-08-05"}],"version":1}},
{"id":"8417c50b-0d8b-4bc1-ab28-a158a7416081","type":"Feature","geometry":{"type":"LineString","coordinates":[[127.0965623,37.4027104],[127.0967499,37.4025379],[127.0968861,37.4024049]]},"properties":{"names":{"primary":"판교로209번길","common":[["ko","판교로209번길"],["en","Pangyo-ro 209beon-gil"]],"rules":[{"variant":"common","language":null,"perspectives":null,"value":"판교로209번길","between":null,"side":null}]},"subtype":"road","class":"residential","connectors":[{"connector_id":"a237fe16-1401-4d61-9020-267f6d169007","at":0.0},{"connector_id":"4b69c99a-6eb2-46e4-bbc2-1483921cf7d5","at":1.0}],"sources":[{"property":"","dataset":"OpenStreetMap","license":"ODbL-1.0","record_id":"w284164577@11","update_time":"2024-09-03T18:47:32Z","confidence":null,"between":null,"provider":"osm","resource":"planet","version":"2026-08-05"}],"version":1}},
{"id":"b8e2f383-3d79-47be-a371-b6b909d30714","type":"Feature","geometry":{"type":"LineString","coordinates":[[127.0968861,37.4024049],[127.0958136,37.4018708]]},"properties":{"names":{"primary":"판교로197번길","common":[["ko","판교로197번길"],["en","Pangyo-ro 197beon-gil"]],"rules":[{"variant":"common","language":null,"perspectives":null,"value":"판교로197번길","between":null,"side":null}]},"subtype":"road","class":"living_street","connectors":[{"connector_id":"4b69c99a-6eb2-46e4-bbc2-1483921cf7d5","at":0.0},{"connector_id":"a7a7ae4f-438b-4d25-9e4e-311f52e3636d","at":1.0}],"sources":[{"property":"","dataset":"OpenStreetMap","license":"ODbL-1.0","record_id":"w284210264@3","update_time":"2024-06-11T11:21:04Z","confidence":null,"between":null,"provider":"osm","resource":"planet","version":"2026-08-05"}],"version":1}},
{"id":"2d556d83-d714-41d3-9fda-4507000d415d","type":"Feature","geometry":{"type":"LineString","coordinates":[[127.0955492,37.4022055],[127.0965623,37.4027104]]},"properties":{"names":{"primary":"판교로197번길","common":[["ko","판교로197번길"],["en","Pangyo-ro 197beon-gil"]],"rules":[{"variant":"common","language":null,"perspectives":null,"value":"판교로197번길","between":null,"side":null}]},"subtype":"road","class":"living_street","connectors":[{"connector_id":"d34c9e43-3e4b-49a3-8f1a-84eee420423e","at":0.0},{"connector_id":"a237fe16-1401-4d61-9020-267f6d169007","at":1.0}],"sources":[{"property":"","dataset":"OpenStreetMap","license":"ODbL-1.0","record_id":"w284210265@3","update_time":"2024-06-11T11:21:04Z","confidence":null,"between":null,"provider":"osm","resource":"planet","version":"2026-08-05"}],"version":1}},
{"id":"42370944-3e47-45b1-aa07-3b546c34c739","type":"Feature","geometry":{"type":"LineString","coordinates":[[127.0954008,37.4023904],[127.0963535,37.402874]]},"properties":{"names":{"primary":"판교로197번길","common":[["ko","판교로197번길"],["en","Pangyo-ro 197beon-gil"]],"rules":[{"variant":"common","language":null,"perspectives":null,"value":"판교로197번길","between":null,"side":null}]},"subtype":"road","class":"footway","connectors":[{"connector_id":"6faad13e-cc1d-424a-ba72-557de2832a03","at":0.0},{"connector_id":"d1267e25-6556-4edb-bef1-4cd4002a0c83","at":1.0}],"sources":[{"property":"","dataset":"OpenStreetMap","license":"ODbL-1.0","record_id":"w987627981@1","update_time":"2021-09-28T08:03:06Z","confidence":null,"between":null,"provider":"osm","resource":"planet","version":"2026-08-05"}],"version":1}},
{"id":"9a8b6ebf-0aae-4440-a91f-38f82de5ad2f","type":"Feature","geometry":{"type":"LineString","coordinates":[[127.0955492,37.4022055],[127.0958136,37.4018708]]},"properties":{"names":{"primary":"판교로197번길","common":[["ko","판교로197번길"],["en","Pangyo-ro 197beon-gil"]],"rules":[{"variant":"common","language":null,"perspectives":null,"value":"판교로197번길","between":null,"side":null}]},"subtype":"road","class":"residential","connectors":[{"connector_id":"d34c9e43-3e4b-49a3-8f1a-84eee420423e","at":0.0},{"connector_id":"a7a7ae4f-438b-4d25-9e4e-311f52e3636d","at":1.0}],"sources":[{"property":"","dataset":"OpenStreetMap","license":"ODbL-1.0","record_id":"w284210260@6","update_time":"2021-09-28T08:03:06Z","confidence":null,"between":null,"provider":"osm","resource":"planet","version":"2026-08-05"}],"version":1}},
{"id":"f5be4ca6-64b5-437f-af9d-083224b5214d","type":"Feature","geometry":{"type":"LineString","coordinates":[[127.0963453,37.4012087],[127.0960117,37.4010402],[127.0954908,37.4017053]]},"properties":{"names":{"primary":"판교로197번길","common":[["ko","판교로197번길"],["en","Pangyo-ro 197beon-gil"]],"rules":[{"variant":"common","language":null,"perspectives":null,"value":"판교로197번길","between":null,"side":null}]},"subtype":"road","class":"living_street","connectors":[{"connector_id":"49327dfa-3298-4e76-9994-8fdba8ad5fed","at":0.0},{"connector_id":"1d67af1c-0828-4904-b20e-30bfc1162996","at":0.286556205},{"connector_id":"8c9f9e8e-1d08-48c2-a86e-90ec7a724e99","at":1.0}],"sources":[{"property":"","dataset":"OpenStreetMap","license":"ODbL-1.0","record_id":"w722662271@2","update_time":"2024-06-11T11:21:04Z","confidence":null,"between":[0.0,0.286556844],"provider":"osm","resource":"planet","version":"2026-08-05"},{"property":"","dataset":"OpenStreetMap","license":"ODbL-1.0","record_id":"w284210262@3","update_time":"2024-06-11T11:21:04Z","confidence":null,"between":[0.286556844,1.0],"provider":"osm","resource":"planet","version":"2026-08-05"}],"version":1}},
{"id":"a88e66ab-056f-4060-b894-aa6159ece344","type":"Feature","geometry":{"type":"LineString","coordinates":[[127.0958136,37.4018708],[127.0960715,37.4015495]]},"properties":{"names":{"primary":"판교로197번길","common":[["ko","판교로197번길"],["en","Pangyo-ro 197beon-gil"]],"rules":[{"variant":"common","language":null,"perspectives":null,"value":"판교로197번길","between":null,"side":null}]},"subtype":"road","class":"residential","connectors":[{"connector_id":"a7a7ae4f-438b-4d25-9e4e-311f52e3636d","at":0.0},{"connector_id":"cbe1c9f8-d03f-48dd-bc2f-aef9f898a4bc","at":1.0}],"sources":[{"property":"","dataset":"OpenStreetMap","license":"ODbL-1.0","record_id":"w284210260@6","update_time":"2021-09-28T08:03:06Z","confidence":null,"between":null,"provider":"osm","resource":"planet","version":"2026-08-05"}],"version":1}},
{"id":"db84d961-d1df-4278-b7ba-ebdf095a4c54","type":"Feature","geometry":{"type":"LineString","coordinates":[[127.0960715,37.4015495],[127.0963453,37.4012087]]},"properties":{"names":{"primary":"판교로197번길","common":[["ko","판교로197번길"],["en","Pangyo-ro 197beon-gil"]],"rules":[{"variant":"common","language":null,"perspectives":null,"value":"판교로197번길","between":null,"side":null}]},"subtype":"road","class":"residential","connectors":[{"connector_id":"cbe1c9f8-d03f-48dd-bc2f-aef9f898a4bc","at":0.0},{"connector_id":"49327dfa-3298-4e76-9994-8fdba8ad5fed","at":1.0}],"sources":[{"property":"","dataset":"OpenStreetMap","license":"ODbL-1.0","record_id":"w284210260@6","update_time":"2021-09-28T08:03:06Z","confidence":null,"between":null,"provider":"osm","resource":"planet","version":"2026-08-05"}],"version":1}},
{"id":"191e13a5-0434-4d1a-9ea9-4b25ad4f5a05","type":"Feature","geometry":{"type":"LineString","coordinates":[[127.0965736,37.4009128],[127.0955707,37.4003944]]},"properties":{"names":{"primary":"판교로","common":[["ko","판교로"],["en","Pangyo-ro"]],"rules":[{"variant":"common","language":null,"perspectives":null,"value":"판교로","between":null,"side":null}]},"subtype":"road","class":"secondary","connectors":[{"connector_id":"a297007c-37d6-4053-8fe7-1c5c2e332cbd","at":0.0},{"connector_id":"61f59a59-ae64-47a6-8b95-c1184629ec8c","at":1.0}],"road_surface":[{"value":"paved","between":null}],"access_restrictions":[{"access_type":"denied","when":{"during":null,"heading":"backward","using":null,"recognized":null,"mode":null,"vehicle":null},"between":null}],"sources":[{"property":"","dataset":"OpenStreetMap","license":"ODbL-1.0","record_id":"w709015427@5","update_time":"2026-07-01T14:39:05Z","confidence":null,"between":null,"provider":"osm","resource":"planet","version":"2026-08-05"}],"version":2}},
{"id":"8de96820-d282-4732-bb92-610df6867c06","type":"Feature","geometry":{"type":"LineString","coordinates":[[127.0960599,37.4004843],[127.0966693,37.4008063]]},"properties":{"names":{"primary":"판교로","common":[["ko","판교로"],["en","Pangyo-ro"]],"rules":[{"variant":"common","language":null,"perspectives":null,"value":"판교로","between":null,"side":null}]},"subtype":"road","class":"secondary","connectors":[{"connector_id":"f657aa95-ba96-4c41-9b9d-867e2a0143c3","at":0.0},{"connector_id":"5810cdd3-e7ff-45c2-b273-596945a26208","at":1.0}],"road_surface":[{"value":"paved","between":null}],"access_restrictions":[{"access_type":"denied","when":{"during":null,"heading":"backward","using":null,"recognized":null,"mode":null,"vehicle":null},"between":null}],"sources":[{"property":"","dataset":"OpenStreetMap","license":"ODbL-1.0","record_id":"w292950914@11","update_time":"2026-07-01T14:39:05Z","confidence":null,"between":null,"provider":"osm","resource":"planet","version":"2026-08-05"}],"version":2}},
{"id":"c64fe0b5-6f99-4261-a2be-dc83e8b89a17","type":"Feature","geometry":{"type":"LineString","coordinates":[[127.0964034,37.4002034],[127.0962474,37.4004044]]},"properties":{"subtype":"road","class":"steps","connectors":[{"connector_id":"ffb5b355-848d-4239-89be-0dcc86573a7d","at":0.0},{"connector_id":"07f446c3-e1e7-469e-a470-fd00b7d9cbce","at":1.0}],"sources":[{"property":"","dataset":"OpenStreetMap","license":"ODbL-1.0","record_id":"w964533773@3","update_time":"2023-11-01T03:30:21Z","confidence":null,"between":null,"provider":"osm","resource":"planet","version":"2026-08-05"}],"version":1}},
{"id":"b421d565-36fc-443a-b0a1-943b909b3da1","type":"Feature","geometry":{"type":"LineString","coordinates":[[127.0962964,37.4001937],[127.0960339,37.4000582]]},"properties":{"subtype":"road","class":"residential","connectors":[{"connector_id":"306e9ce6-4acf-4228-8d58-12716d38d6b6","at":0.0},{"connector_id":"0c0711a9-2be0-4025-bfaa-c1fd4e78ae10","at":1.0}],"sources":[{"property":"","dataset":"OpenStreetMap","license":"ODbL-1.0","record_id":"w285188819@4","update_time":"2021-09-28T08:03:06Z","confidence":null,"between":null,"provider":"osm","resource":"planet","version":"2026-08-05"}],"version":1}},
{"id":"fe887078-962a-4c46-879a-a8333cd09a80","type":"Feature","geometry":{"type":"LineString","coordinates":[[127.0962964,37.4001937],[127.0960599,37.4004843]]},"properties":{"names":{"primary":"판교로","common":[["ko","판교로"],["en","Pangyo-ro"]],"rules":[{"variant":"common","language":null,"perspectives":null,"value":"판교로","between":null,"side":null}]},"subtype":"road","class":"residential","connectors":[{"connector_id":"306e9ce6-4acf-4228-8d58-12716d38d6b6","at":0.0},{"connector_id":"f657aa95-ba96-4c41-9b9d-867e2a0143c3","at":1.0}],"road_surface":[{"value":"paved","between":null}],"sources":[{"property":"","dataset":"OpenStreetMap","license":"ODbL-1.0","record_id":"w285188818@4","update_time":"2023-11-01T03:30:00Z","confidence":null,"between":null,"provider":"osm","resource":"planet","version":"2026-08-05"}],"version":1}},
{"id":"96c90a64-c2fd-4208-8c2e-9bc27f0e2257","type":"Feature","geometry":{"type":"LineString","coordinates":[[127.0959698,37.4007443],[127.0962474,37.4004044]]},"properties":{"subtype":"road","class":"footway","connectors":[{"connector_id":"cab25c39-897b-4ba1-9041-fb892a99d90d","at":0.0},{"connector_id":"07f446c3-e1e7-469e-a470-fd00b7d9cbce","at":1.0}],"road_flags":[{"values":["is_bridge"],"between":null}],"level_rules":[{"value":1,"between":null}],"access_restrictions":[{"access_type":"denied","when":{"during":null,"heading":null,"using":null,"recognized":null,"mode":null,"vehicle":[{"dimension":"height","comparison":"greater_than","value":4.5,"unit":"m"}]},"between":null}],"sources":[{"property":"","dataset":"OpenStreetMap","license":"ODbL-1.0","record_id":"w468618161@5","update_time":"2024-09-13T15:25:27Z","confidence":null,"between":null,"provider":"osm","resource":"planet","version":"2026-08-05"}],"version":1}},
{"id":"eae015b8-0c7c-4e26-b760-4e67756373c1","type":"Feature","geometry":{"type":"LineString","coordinates":[[127.0960339,37.4000582],[127.0955139,37.3997897]]},"properties":{"subtype":"road","class":"residential","connectors":[{"connector_id":"0c0711a9-2be0-4025-bfaa-c1fd4e78ae10","at":0.0},{"connector_id":"7b59dd62-8194-47dc-8960-68665c57c180","at":1.0}],"sources":[{"property":"","dataset":"OpenStreetMap","license":"ODbL-1.0","record_id":"w285188819@4","update_time":"2021-09-28T08:03:06Z","confidence":null,"between":null,"provider":"osm","resource":"planet","version":"2026-08-05"}],"version":1}},
{"id":"285e0b0d-d9be-4e5a-aa1f-a9f4b872ccc4","type":"Feature","geometry":{"type":"LineString","coordinates":[[127.0958814,37.4008528],[127.0959698,37.4007443]]},"properties":{"subtype":"road","class":"steps","connectors":[{"connector_id":"a8c4d97a-81d1-4eac-acd2-f832ddf8f2de","at":0.0},{"connector_id":"cab25c39-897b-4ba1-9041-fb892a99d90d","at":1.0}],"sources":[{"property":"","dataset":"OpenStreetMap","license":"ODbL-1.0","record_id":"w964533772@1","update_time":"2021-07-15T09:02:30Z","confidence":null,"between":null,"provider":"osm","resource":"planet","version":"2026-08-05"}],"version":1}},
{"id":"6e0aec2b-6a3d-40e4-96b9-4c5b3fbfc904","type":"Feature","geometry":{"type":"LineString","coordinates":[[127.0948008,37.3998701],[127.0960599,37.4004843]]},"properties":{"names":{"primary":"판교로","common":[["ko","판교로"],["en","Pangyo-ro"]],"rules":[{"variant":"common","language":null,"perspectives":null,"value":"판교로","between":null,"side":null}]},"subtype":"road","class":"secondary","connectors":[{"connector_id":"3c8ea5dc-3c68-45d9-b273-7d8dc6287d5c","at":0.0},{"connector_id":"f657aa95-ba96-4c41-9b9d-867e2a0143c3","at":1.0}],"road_surface":[{"value":"paved","between":null}],"access_restrictions":[{"access_type":"denied","when":{"during":null,"heading":"backward","using":null,"recognized":null,"mode":null,"vehicle":null},"between":null}],"sources":[{"property":"","dataset":"OpenStreetMap","license":"ODbL-1.0","record_id":"w292950914@11","update_time":"2026-07-01T14:39:05Z","confidence":null,"between":null,"provider":"osm","resource":"planet","version":"2026-08-05"}],"version":2}},
{"id":"e08a7280-de47-4e24-b37d-04d5a5c07b88","type":"Feature","geometry":{"type":"LineString","coordinates":[[127.0955707,37.4003944],[127.0950524,37.4001347],[127.0947224,37.3999693]]},"properties":{"names":{"primary":"판교로","common":[["ko","판교로"],["en","Pangyo-ro"]],"rules":[{"variant":"common","language":null,"perspectives":null,"value":"판교로","between":null,"side":null}]},"subtype":"road","class":"secondary","connectors":[{"connector_id":"61f59a59-ae64-47a6-8b95-c1184629ec8c","at":0.0},{"connector_id":"98efcdea-41ea-44ef-a5fa-124abeb5139b","at":1.0}],"road_surface":[{"value":"paved","between":null}],"access_restrictions":[{"access_type":"denied","when":{"during":null,"heading":"backward","using":null,"recognized":null,"mode":null,"vehicle":null},"between":null}],"sources":[{"property":"","dataset":"OpenStreetMap","license":"ODbL-1.0","record_id":"w709015427@5","update_time":"2026-07-01T14:39:05Z","confidence":null,"between":null,"provider":"osm","resource":"planet","version":"2026-08-05"}],"version":2}},
{"id":"bc7ea78a-dc00-4517-80a0-d7968a6e849f","type":"Feature","geometry":{"type":"LineString","coordinates":[[127.0946614,37.400805],[127.0949812,37.4009647],[127.0950176,37.4009739],[127.0950557,37.4009739],[127.0950921,37.4009649],[127.0951234,37.4009477],[127.0955707,37.4003944]]},"properties":{"subtype":"road","class":"residential","connectors":[{"connector_id":"66cfbe54-a371-40b8-b4b2-7d872fe53739","at":0.0},{"connector_id":"61f59a59-ae64-47a6-8b95-c1184629ec8c","at":1.0}],"sources":[{"property":"","dataset":"OpenStreetMap","license":"ODbL-1.0","record_id":"w284210275@4","update_time":"2021-09-28T08:03:06Z","confidence":null,"between":null,"provider":"osm","resource":"planet","version":"2026-08-05"}],"version":1}},
{"id":"f14fc450-1da8-4188-a8bd-4c573884a205","type":"Feature","geometry":{"type":"LineString","coordinates":[[127.0954908,37.4017053],[127.0949196,37.4024027]]},"properties":{"names":{"primary":"서판교로180번길","common":[["ko","서판교로180번길"],["en","Seopangyo-ro 180beon-gil"]],"rules":[{"variant":"common","language":null,"perspectives":null,"value":"서판교로180번길","between":null,"side":null}]},"subtype":"road","class":"living_street","connectors":[{"connector_id":"8c9f9e8e-1d08-48c2-a86e-90ec7a724e99","at":0.0},{"connector_id":"000a62ee-cdca-409f-87b8-64ce61017455","at":1.0}],"sources":[{"property":"","dataset":"OpenStreetMap","license":"ODbL-1.0","record_id":"w722662269@2","update_time":"2024-06-11T11:21:04Z","confidence":null,"between":null,"provider":"osm","resource":"planet","version":"2026-08-05"}],"version":1}},
{"id":"4e616de4-85c4-46c1-adf4-b31c3785258b","type":"Feature","geometry":{"type":"LineString","coordinates":[[127.0960117,37.4010402],[127.095809,37.4009392],[127.094727,37.4023052]]},"properties":{"subtype":"road","class":"footway","connectors":[{"connector_id":"1d67af1c-0828-4904-b20e-30bfc1162996","at":0.0},{"connector_id":"b37cbb2e-f756-4f9e-ba38-5ebc7a0d0dcd","at":1.0}],"sources":[{"property":"","dataset":"OpenStreetMap","license":"ODbL-1.0","record_id":"w987627984@1","update_time":"2021-09-28T08:03:06Z","confidence":null,"between":null,"provider":"osm","resource":"planet","version":"2026-08-05"}],"version":1}},
{"id":"8436b6ab-033d-4d49-89a1-896af57d9248","type":"Feature","geometry":{"type":"LineString","coordinates":[[127.0958136,37.4018708],[127.0954908,37.4017053]]},"properties":{"names":{"primary":"판교로197번길","common":[["ko","판교로197번길"],["en","Pangyo-ro 197beon-gil"]],"rules":[{"variant":"common","language":null,"perspectives":null,"value":"판교로197번길","between":null,"side":null}]},"subtype":"road","class":"living_street","connectors":[{"connector_id":"a7a7ae4f-438b-4d25-9e4e-311f52e3636d","at":0.0},{"connector_id":"8c9f9e8e-1d08-48c2-a86e-90ec7a724e99","at":1.0}],"sources":[{"property":"","dataset":"OpenStreetMap","license":"ODbL-1.0","record_id":"w722662270@2","update_time":"2024-06-11T11:21:04Z","confidence":null,"between":null,"provider":"osm","resource":"planet","version":"2026-08-05"}],"version":1}},
{"id":"4e7439f1-1fac-47f2-8bcc-128b998eb05e","type":"Feature","geometry":{"type":"LineString","coordinates":[[127.0952532,37.4025742],[127.0954008,37.4023904],[127.0955492,37.4022055]]},"properties":{"names":{"primary":"판교로197번길","common":[["ko","판교로197번길"],["en","Pangyo-ro 197beon-gil"]],"rules":[{"variant":"common","language":null,"perspectives":null,"value":"판교로197번길","between":null,"side":null}]},"subtype":"road","class":"residential","connectors":[{"connector_id":"e15877be-cb3f-43a7-b760-9dabb2ba1f2e","at":0.0},{"connector_id":"6faad13e-cc1d-424a-ba72-557de2832a03","at":0.498548932},{"connector_id":"d34c9e43-3e4b-49a3-8f1a-84eee420423e","at":1.0}],"sources":[{"property":"","dataset":"OpenStreetMap","license":"ODbL-1.0","record_id":"w284210260@6","update_time":"2021-09-28T08:03:06Z","confidence":null,"between":null,"provider":"osm","resource":"planet","version":"2026-08-05"}],"version":1}},
{"id":"1840039d-9b47-4fe2-9e17-ecd72178f94d","type":"Feature","geometry":{"type":"LineString","coordinates":[[127.0952532,37.4025742],[127.0949196,37.4024027]]},"properties":{"names":{"primary":"서판교로180번길","common":[["ko","서판교로180번길"],["en","Seopangyo-ro 180beon-gil"]],"rules":[{"variant":"common","language":null,"perspectives":null,"value":"서판교로180번길","between":null,"side":null}]},"subtype":"road","class":"residential","connectors":[{"connector_id":"e15877be-cb3f-43a7-b760-9dabb2ba1f2e","at":0.0},{"connector_id":"000a62ee-cdca-409f-87b8-64ce61017455","at":1.0}],"sources":[{"property":"","dataset":"OpenStreetMap","license":"ODbL-1.0","record_id":"w284210266@4","update_time":"2021-09-28T08:03:06Z","confidence":null,"between":null,"provider":"osm","resource":"planet","version":"2026-08-05"}],"version":1}},
{"id":"3661ef7c-5f47-42b6-af28-d47666159622","type":"Feature","geometry":{"type":"LineString","coordinates":[[127.0958376,37.4031171],[127.095706,37.4028561],[127.095655,37.4027922],[127.0956,37.4027528],[127.095545,37.4027219],[127.0952532,37.4025742]]},"properties":{"names":{"primary":"서판교로180번길","common":[["ko","서판교로180번길"],["en","Seopangyo-ro 180beon-gil"]],"rules":[{"variant":"common","language":null,"perspectives":null,"value":"서판교로180번길","between":null,"side":null}]},"subtype":"road","class":"residential","connectors":[{"connector_id":"cb94128f-f118-421e-b7a2-b608917e5397","at":0.0},{"connector_id":"e15877be-cb3f-43a7-b760-9dabb2ba1f2e","at":1.0}],"sources":[{"property":"","dataset":"OpenStreetMap","license":"ODbL-1.0","record_id":"w284210266@4","update_time":"2021-09-28T08:03:06Z","confidence":null,"between":null,"provider":"osm","resource":"planet","version":"2026-08-05"}],"version":1}},
{"id":"d4a8b63d-e213-4300-a65f-3dfaa478bc29","type":"Feature","geometry":{"type":"LineString","coordinates":[[127.0958376,37.4031171],[127.0959561,37.4030826],[127.0960335,37.4030514],[127.0960943,37.4030215],[127.0961627,37.4029862],[127.0962203,37.4029575],[127.0962838,37.402919],[127.0963535,37.402874],[127.0964104,37.4028337],[127.0964732,37.4027887],[127.0965623,37.4027104]]},"properties":{"names":{"primary":"판교로209번길","common":[["ko","판교로209번길"],["en","Pangyo-ro 209beon-gil"]],"rules":[{"variant":"common","language":null,"perspectives":null,"value":"판교로209번길","between":null,"side":null}]},"subtype":"road","class":"residential","connectors":[{"connector_id":"cb94128f-f118-421e-b7a2-b608917e5397","at":0.0},{"connector_id":"d1267e25-6556-4edb-bef1-4cd4002a0c83","at":0.67297587},{"connector_id":"a237fe16-1401-4d61-9020-267f6d169007","at":1.0}],"sources":[{"property":"","dataset":"OpenStreetMap","license":"ODbL-1.0","record_id":"w284164577@11","update_time":"2024-09-03T18:47:32Z","confidence":null,"between":null,"provider":"osm","resource":"planet","version":"2026-08-05"}],"version":1}},
{"id":"467cd9df-5bd8-478d-a63b-fe97be3bfe06","type":"Feature","geometry":{"type":"LineString","coordinates":[[127.0974735,37.4032863],[127.0969094,37.4037488],[127.0963978,37.4042299],[127.0940057,37.4066123]]},"properties":{"names":{"primary":"경부고속도로","common":[["zh-Hant","京釜高速公路"],["ko","경부고속도로"],["el","Αυτοκινητόδρομος Γκιόνγκμπου"],["en","Gyeongbu Expressway"],["ko-Latn","Gyeongbugosokdoro"],["ko-Hani","京釜高速道路"],["zh","京釜高速公路"]],"rules":[{"variant":"common","language":null,"perspectives":null,"value":"경부고속도로","between":null,"side":null}]},"subtype":"road","class":"motorway","connectors":[{"connector_id":"73c7a5a6-2e84-44c6-832a-58fed90273db","at":0.0},{"connector_id":"ba72bae8-3b36-41d0-9455-0dcf5f771971","at":1.0}],"road_surface":[{"value":"paved","between":null}],"access_restrictions":[{"access_type":"denied","when":{"during":null,"heading":"backward","using":null,"recognized":null,"mode":null,"vehicle":null},"between":null}],"speed_limits":[{"min_speed":{"value":50,"unit":"km/h"},"max_speed":{"value":110,"unit":"km/h"},"is_max_speed_variable":null,"when":null,"between":null}],"routes":[{"name":"고속국도 경부선","network":"KR:expressway","ref":"1","symbol":null,"wikidata":"Q491254","between":null},{"name":"아시안 하이웨이 1호선","network":"AsianHighway","ref":"AH1","symbol":null,"wikidata":"Q494205","between":null}],"destinations":[{"labels":[{"value":"서울","type":"unknown"},{"value":"양재","type":"unknown"},{"value":"한남대교","type":"unknown"}],"symbols":null,"from_connector_id":"ba72bae8-3b36-41d0-9455-0dcf5f771971","to_segment_id":"5c9fc7de-598a-4577-b910-c20d9842e2e5","to_connector_id":"ba72bae8-3b36-41d0-9455-0dcf5f771971","when":{"heading":"forward"},"final_heading":"forward"}],"sources":[{"property":"/routes","dataset":"OpenStreetMap","license":"ODbL-1.0","record_id":"r3836355@504","update_time":null,"confidence":null,"between":null,"provider":"osm","resource":"planet","version":"2026-08-05"},{"property":"/routes","dataset":"OpenStreetMap","license":"ODbL-1.0","record_id":"r6818097@186","update_time":null,"confidence":null,"between":null,"provider":"osm","resource":"planet","version":"2026-08-05"},{"property":"","dataset":"OpenStreetMap","license":"ODbL-1.0","record_id":"w59054242@22","update_time":"2025-12-27T07:25:19Z","confidence":null,"between":null,"provider":"osm","resource":"planet","version":"2026-08-05"}],"version":3}},
{"id":"0a9ca4c4-1c46-4d9d-9738-5017d4f96e77","type":"Feature","geometry":{"type":"LineString","coordinates":[[127.0954078,37.4056349],[127.0953544,37.4055664],[127.0953372,37.405502]]},"properties":{"subtype":"road","class":"service","connectors":[{"connector_id":"12df9e2e-b7bb-4341-add2-5afb7a7636a4","at":0.0},{"connector_id":"454a6433-e573-4e2a-8737-252795b3a17b","at":1.0}],"road_surface":[{"value":"paved","between":null}],"access_restrictions":[{"access_type":"denied","when":null,"between":null}],"destinations":[{"labels":[{"value":"서울","type":"unknown"},{"value":"양재","type":"unknown"},{"value":"한남대교","type":"unknown"}],"symbols":null,"from_connector_id":"454a6433-e573-4e2a-8737-252795b3a17b","to_segment_id":"5c9fc7de-598a-4577-b910-c20d9842e2e5","to_connector_id":"454a6433-e573-4e2a-8737-252795b3a17b","when":{"heading":"forward"},"final_heading":"forward"},{"labels":[{"value":"서울","type":"unknown"},{"value":"양재","type":"unknown"},{"value":"한남대교","type":"unknown"}],"symbols":null,"from_connector_id":"454a6433-e573-4e2a-8737-252795b3a17b","to_segment_id":"5c9fc7de-598a-4577-b910-c20d9842e2e5","to_connector_id":"454a6433-e573-4e2a-8737-252795b3a17b","when":{"heading":"backward"},"final_heading":"forward"}],"sources":[{"property":"","dataset":"OpenStreetMap","license":"ODbL-1.0","record_id":"w931718065@1","update_time":"2021-04-17T11:25:47Z","confidence":null,"between":null,"provider":"osm","resource":"planet","version":"2026-08-05"}],"version":1}},
{"id":"523eceeb-1627-47ea-846b-e102562a0e29","type":"Feature","geometry":{"type":"LineString","coordinates":[[127.0948431,37.4054244],[127.0946636,37.4052845],[127.0946327,37.4052233],[127.0945863,37.4051172],[127.0945681,37.405032],[127.0946161,37.4049487],[127.0946638,37.4049078],[127.0947958,37.4048355],[127.0948817,37.40478],[127.0949248,37.404735],[127.0950095,37.4046644],[127.095038,37.4045967],[127.0950436,37.4045091],[127.0949924,37.4044158],[127.0949302,37.4043999],[127.0947787,37.4043998],[127.0946642,37.4044433],[127.0945393,37.4045379],[127.0944232,37.4046657],[127.0943049,37.4047959],[127.094221,37.4048673],[127.0941368,37.4049593],[127.0940933,37.4049938],[127.0940324,37.4050124],[127.0939418,37.4050205],[127.0938315,37.4050528],[127.0937331,37.4050989],[127.0937036,37.4051417],[127.0936711,37.4051888],[127.093849,37.4052555],[127.0939752,37.4052998],[127.0941713,37.4053679],[127.0944006,37.4054422],[127.095686,37.4058691],[127.0959472,37.4059598],[127.0960274,37.4059746],[127.096135,37.4059703],[127.0962758,37.4059358],[127.096386,37.405889],[127.0964297,37.4058562],[127.0965317,37.4057663],[127.0965834,37.4056581],[127.0966124,37.4055452],[127.0966129,37.4053886],[127.09658,37.4053031],[127.0965162,37.4052256],[127.0964543,37.4051655],[127.0963617,37.4051217],[127.0962578,37.4050911],[127.0961383,37.4051004],[127.0956763,37.4054346],[127.0954597,37.4055984],[127.0954078,37.4056349]]},"properties":{"subtype":"road","class":"service","connectors":[{"connector_id":"92da5451-b482-4caf-8c01-58126b9f9a72","at":0.0},{"connector_id":"f0f5e3f2-a5e9-4959-8032-012b8d195a14","at":0.377668145},{"connector_id":"12df9e2e-b7bb-4341-add2-5afb7a7636a4","at":1.0}],"road_surface":[{"value":"paved","between":null}],"road_flags":[{"values":["is_bridge"],"between":[0.424355672,0.639735598]}],"level_rules":[{"value":1,"between":[0.424355672,0.639735598]}],"access_restrictions":[{"access_type":"denied","when":null,"between":null}],"sources":[{"property":"","dataset":"OpenStreetMap","license":"ODbL-1.0","record_id":"w432428745@4","update_time":"2025-11-24T05:52:23Z","confidence":null,"between":[0.0,0.424355672],"provider":"osm","resource":"planet","version":"2026-08-05"},{"property":"","dataset":"OpenStreetMap","license":"ODbL-1.0","record_id":"w432726526@2","update_time":"2021-04-17T11:25:47Z","confidence":null,"between":[0.424355672,0.639735598],"provider":"osm","resource":"planet","version":"2026-08-05"},{"property":"","dataset":"OpenStreetMap","license":"ODbL-1.0","record_id":"w432726525@2","update_time":"2021-04-17T11:25:47Z","confidence":null,"between":[0.639735598,1.0],"provider":"osm","resource":"planet","version":"2026-08-05"}],"version":2}},
{"id":"61d6fe7d-7a60-4463-9f11-94f7f4dc6273","type":"Feature","geometry":{"type":"LineString","coordinates":[[127.0885946,37.4035496],[127.0891849,37.4038122],[127.0898505,37.4041102],[127.0927779,37.4050594],[127.0932943,37.4052367],[127.0938589,37.405409],[127.095559,37.4059498],[127.0961543,37.4061476],[127.0967742,37.406356],[127.0980463,37.4067553],[127.0987474,37.4069513],[127.0994348,37.4070968],[127.1001988,37.4072396]]},"properties":{"names":{"primary":"수도권제1순환고속도로","common":[["zh-Hans","首都圈一环高速公路"],["zh-Hant","首都圈一環高速公路"],["ko","수도권제1순환고속도로"],["el","Αυτοκινητόδρομος Σούντοκουον Τζε 1(ιλ) Σούνχουαν"],["en","Sudogwon Je1sunhwan Expressway"],["ko-Latn","Sudogwonjeilsunhwangosokdoro"],["ko-Hani","首都圈第一循環高速道路"],["zh","首都圈一環高速公路"]],"rules":[{"variant":"common","language":null,"perspectives":null,"value":"수도권제1순환고속도로","between":null,"side":null},{"variant":"alternate","language":"en","perspectives":null,"value":"The 1st Capital Region Ring Expressway","between":[0.0,0.36736524],"side":null},{"variant":"common","language":"de","perspectives":null,"value":"Expressway 100","between":[0.658253192,1.0],"side":null},{"variant":"common","language":"nl","perspectives":null,"value":"Capital Region First Ring Expressway","between":[0.658253192,1.0],"side":null},{"variant":"common","language":"vi","perspectives":null,"value":"Đường cao tốc vành đai 1 vùng thủ đô Seoul","between":[0.658253192,1.0],"side":null},{"variant":"alternate","language":"de","perspectives":null,"value":"Erste Ringautobahn in der Metropolregion Hauptstadt","between":[0.658253192,1.0],"side":null},{"variant":"alternate","language":"en","perspectives":null,"value":"Capital Region First Ring Expressway","between":[0.658253192,1.0],"side":null}]},"subtype":"road","class":"motorway","connectors":[{"connector_id":"54309277-c31d-4e5f-9666-f6611f4be7c8","at":0.0},{"connector_id":"5b9562b1-e644-4d48-95b5-59e30fabb3ba","at":1.0}],"road_surface":[{"value":"paved","between":null}],"road_flags":[{"values":["is_bridge"],"between":[0.36736524,0.412266438]},{"values":["is_bridge"],"between":[0.460550789,0.60674808]},{"values":["is_bridge"],"between":[0.658253192,1.0]}],"level_rules":[{"value":1,"between":[0.36736524,0.412266438]},{"value":1,"between":[0.460550789,0.60674808]},{"value":1,"between":[0.658253192,1.0]}],"access_restrictions":[{"access_type":"denied","when":{"during":null,"heading":"backward","using":null,"recognized":null,"mode":null,"vehicle":null},"between":null}],"speed_limits":[{"min_speed":{"value":50,"unit":"km/h"},"max_speed":{"value":100,"unit":"km/h"},"is_max_speed_variable":null,"when":null,"between":null}],"routes":[{"name":"고속국도 수도권제1순환선","network":"KR:expressway","ref":"100","symbol":null,"wikidata":"Q482928","between":null}],"destinations":[{"labels":[{"value":"구리","type":"unknown"},{"value":"성남","type":"unknown"}],"symbols":null,"from_connector_id":"5b9562b1-e644-4d48-95b5-59e30fabb3ba","to_segment_id":"1a89fde6-a011-40d6-b095-0a8bf351c9f7","to_connector_id":"5b9562b1-e644-4d48-95b5-59e30fabb3ba","when":{"heading":"forward"},"final_heading":"forward"}],"sources":[{"property":"/routes","dataset":"OpenStreetMap","license":"ODbL-1.0","record_id":"r4424719@87","update_time":null,"confidence":null,"between":null,"provider":"osm","resource":"planet","version":"2026-08-05"},{"property":"","dataset":"OpenStreetMap","license":"ODbL-1.0","record_id":"w59055722@20","update_time":"2026-07-09T00:35:52Z","confidence":null,"between":[0.0,0.36736524],"provider":"osm","resource":"planet","version":"2026-08-05"},{"property":"","dataset":"OpenStreetMap","license":"ODbL-1.0","record_id":"w59242894@16","update_time":"2026-07-09T00:36:46Z","confidence":null,"between":[0.36736524,0.412266438],"provider":"osm","resource":"planet","version":"2026-08-05"},{"property":"","dataset":"OpenStreetMap","license":"ODbL-1.0","record_id":"w59242895@16","update_time":"2026-07-09T00:36:42Z","confidence":null,"between":[0.412266438,0.460550789],"provider":"osm","resource":"planet","version":"2026-08-05"},{"property":"","dataset":"OpenStreetMap","license":"ODbL-1.0","record_id":"w59242889@18","update_time":"2026-07-09T00:36:02Z","confidence":null,"between":[0.460550789,0.60674808],"provider":"osm","resource":"planet","version":"2026-08-05"},{"property":"","dataset":"OpenStreetMap","license":"ODbL-1.0","record_id":"w59242890@17","update_time":"2026-07-09T00:36:50Z","confidence":null,"between":[0.60674808,0.658253192],"provider":"osm","resource":"planet","version":"2026-08-05"},{"property":"","dataset":"OpenStreetMap","license":"ODbL-1.0","record_id":"w59242885@17","update_time":"2026-07-09T00:36:52Z","confidence":null,"between":[0.658253192,0.711986674],"provider":"osm","resource":"planet","version":"2026-08-05"},{"property":"","dataset":"OpenStreetMap","license":"ODbL-1.0","record_id":"w59242884@18","update_time":"2026-07-09T00:36:58Z","confidence":null,"between":[0.711986674,1.0],"provider":"osm","resource":"planet","version":"2026-08-05"}],"version":5}},
{"id":"a0802f56-9c44-4b33-989f-830c46fbad00","type":"Feature","geometry":{"type":"LineString","coordinates":[[127.0937036,37.4051417],[127.0935963,37.4050438],[127.0935994,37.404945],[127.09366,37.4046846]]},"properties":{"subtype":"road","class":"service","connectors":[{"connector_id":"f0f5e3f2-a5e9-4959-8032-012b8d195a14","at":0.0},{"connector_id":"1b3a14bd-c8b6-484a-b585-64866d275a4a","at":1.0}],"access_restrictions":[{"access_type":"denied","when":null,"between":null}],"sources":[{"property":"","dataset":"OpenStreetMap","license":"ODbL-1.0","record_id":"w931718062@1","update_time":"2021-04-17T11:25:47Z","confidence":null,"between":null,"provider":"osm","resource":"planet","version":"2026-08-05"}],"version":1}},
{"id":"feb369f6-aa11-4616-b645-24bd764e8a88","type":"Feature","geometry":{"type":"LineString","coordinates":[[127.0936221,37.402463],[127.0936948,37.4026735],[127.0937738,37.4029023],[127.0938898,37.4032441]]},"properties":{"subtype":"road","class":"footway","connectors":[{"connector_id":"c28e3c34-9d77-4dc3-98aa-435f8721cdeb","at":0.0},{"connector_id":"e6796040-0965-461e-a02c-22788e7587f8","at":0.269636411},{"connector_id":"115063c8-f7ee-493a-a5a3-69dcd25d1c94","at":0.562708553},{"connector_id":"d080edf6-b631-4abf-b11b-344ac5b4b0cf","at":1.0}],"sources":[{"property":"","dataset":"OpenStreetMap","license":"ODbL-1.0","record_id":"w987627983@1","update_time":"2021-09-28T08:03:06Z","confidence":null,"between":null,"provider":"osm","resource":"planet","version":"2026-08-05"}],"version":1}},
{"id":"a2022fb5-cda3-4b4a-8ca4-332ad14cc7ef","type":"Feature","geometry":{"type":"LineString","coordinates":[[127.0945531,37.4027934],[127.0946019,37.403123]]},"properties":{"subtype":"road","class":"footway","connectors":[{"connector_id":"dc093e3b-9f07-4af8-bb3d-4f140a05a9f6","at":0.0},{"connector_id":"f5c87569-9f9e-4bd5-abe4-dfb0d725cdf6","at":1.0}],"sources":[{"property":"","dataset":"OpenStreetMap","license":"ODbL-1.0","record_id":"w987627982@1","update_time":"2021-09-28T08:03:06Z","confidence":null,"between":null,"provider":"osm","resource":"planet","version":"2026-08-05"}],"version":1}},
{"id":"cb8c0527-e42d-4ec4-81a5-41c8d0acb426","type":"Feature","geometry":{"type":"LineString","coordinates":[[127.0934236,37.4033797],[127.0935833,37.4033299],[127.0937141,37.4032921],[127.0938898,37.4032441],[127.094032,37.4032121],[127.0941663,37.4031865],[127.0942604,37.4031684],[127.0943706,37.4031524],[127.0944838,37.4031374],[127.0946019,37.403123],[127.094755,37.4031159],[127.0948717,37.4031113],[127.0949667,37.4031109],[127.0950778,37.4031149],[127.0952142,37.4031227],[127.0953205,37.4031257],[127.0954045,37.4031316],[127.0955062,37.4031366],[127.0955971,37.4031395],[127.0956877,37.4031367],[127.0957831,37.4031226],[127.0958376,37.4031171]]},"properties":{"names":{"primary":"판교로209번길","common":[["ko","판교로209번길"],["en","Pangyo-ro 209beon-gil"]],"rules":[{"variant":"common","language":null,"perspectives":null,"value":"판교로209번길","between":null,"side":null}]},"subtype":"road","class":"residential","connectors":[{"connector_id":"7c0aacf6-e5e2-489c-861b-878db625742e","at":0.0},{"connector_id":"d080edf6-b631-4abf-b11b-344ac5b4b0cf","at":0.201379233},{"connector_id":"f5c87569-9f9e-4bd5-abe4-dfb0d725cdf6","at":0.497121356},{"connector_id":"cb94128f-f118-421e-b7a2-b608917e5397","at":1.0}],"sources":[{"property":"","dataset":"OpenStreetMap","license":"ODbL-1.0","record_id":"w284164577@11","update_time":"2024-09-03T18:47:32Z","confidence":null,"between":null,"provider":"osm","resource":"planet","version":"2026-08-05"}],"version":1}},
{"id":"87e6cdb7-7e2b-4e98-9e18-44db7f53b118","type":"Feature","geometry":{"type":"LineString","coordinates":[[127.0949196,37.4024027],[127.094727,37.4023052],[127.094482,37.4021811]]},"properties":{"names":{"primary":"서판교로180번길","common":[["ko","서판교로180번길"],["en","Seopangyo-ro 180beon-gil"]],"rules":[{"variant":"common","language":null,"perspectives":null,"value":"서판교로180번길","between":null,"side":null}]},"subtype":"road","class":"residential","connectors":[{"connector_id":"000a62ee-cdca-409f-87b8-64ce61017455","at":0.0},{"connector_id":"b37cbb2e-f756-4f9e-ba38-5ebc7a0d0dcd","at":0.440085776},{"connector_id":"2fac7893-e2a4-415b-b5e4-da2dfea10be3","at":1.0}],"sources":[{"property":"","dataset":"OpenStreetMap","license":"ODbL-1.0","record_id":"w284210266@4","update_time":"2021-09-28T08:03:06Z","confidence":null,"between":null,"provider":"osm","resource":"planet","version":"2026-08-05"}],"version":1}},
{"id":"78d52157-ebb4-4e9c-bf76-0f98e21b750a","type":"Feature","geometry":{"type":"LineString","coordinates":[[127.0932876,37.4029932],[127.0934027,37.4029868],[127.093496,37.4029729],[127.0937738,37.4029023],[127.0939915,37.402861],[127.0941175,37.4028376],[127.0942275,37.4028227],[127.0943563,37.4028078],[127.0945531,37.4027934],[127.0948525,37.4027715],[127.094937,37.4027588],[127.0950248,37.4027311],[127.0951207,37.4026821],[127.0951609,37.4026544],[127.0952267,37.4026],[127.0952532,37.4025742]]},"properties":{"names":{"primary":"판교로197번길","common":[["ko","판교로197번길"],["en","Pangyo-ro 197beon-gil"]],"rules":[{"variant":"common","language":null,"perspectives":null,"value":"판교로197번길","between":null,"side":null}]},"subtype":"road","class":"residential","connectors":[{"connector_id":"c2700ff6-951c-4d70-93bd-5ff20800e2ae","at":0.0},{"connector_id":"115063c8-f7ee-493a-a5a3-69dcd25d1c94","at":0.241392296},{"connector_id":"dc093e3b-9f07-4af8-bb3d-4f140a05a9f6","at":0.622584923},{"connector_id":"e15877be-cb3f-43a7-b760-9dabb2ba1f2e","at":1.0}],"sources":[{"property":"","dataset":"OpenStreetMap","license":"ODbL-1.0","record_id":"w284210260@6","update_time":"2021-09-28T08:03:06Z","confidence":null,"between":null,"provider":"osm","resource":"planet","version":"2026-08-05"}],"version":1}},
{"id":"527803bc-9c2e-422e-b741-08e2f887b0a5","type":"Feature","geometry":{"type":"LineString","coordinates":[[127.0946614,37.400805],[127.0950834,37.4002765]]},"properties":{"subtype":"road","class":"residential","connectors":[{"connector_id":"66cfbe54-a371-40b8-b4b2-7d872fe53739","at":0.0},{"connector_id":"e3a9b3d9-1116-4b6c-a355-8fd0313d68d7","at":1.0}],"sources":[{"property":"","dataset":"OpenStreetMap","license":"ODbL-1.0","record_id":"w987627966@1","update_time":"2021-09-28T08:03:06Z","confidence":null,"between":null,"provider":"osm","resource":"planet","version":"2026-08-05"}],"version":1}},
{"id":"5491b0d2-bc70-4989-90a5-fa0ea1d4941a","type":"Feature","geometry":{"type":"LineString","coordinates":[[127.0948008,37.3998701],[127.0947224,37.3999693]]},"properties":{"subtype":"road","class":"tertiary","connectors":[{"connector_id":"3c8ea5dc-3c68-45d9-b273-7d8dc6287d5c","at":0.0},{"connector_id":"98efcdea-41ea-44ef-a5fa-124abeb5139b","at":1.0}],"sources":[{"property":"","dataset":"OpenStreetMap","license":"ODbL-1.0","record_id":"w709015424@2","update_time":"2023-09-18T10:29:34Z","confidence":null,"between":null,"provider":"osm","resource":"planet","version":"2026-08-05"}],"version":1}},
{"id":"d7c3346a-fe3c-4d13-98dd-47626652624a","type":"Feature","geometry":{"type":"LineString","coordinates":[[127.0947224,37.3999693],[127.0942231,37.4005862]]},"properties":{"names":{"primary":"서판교로","common":[["ko","서판교로"],["en","Seopangyo-ro"]],"rules":[{"variant":"common","language":null,"perspectives":null,"value":"서판교로","between":null,"side":null}]},"subtype":"road","class":"tertiary","connectors":[{"connector_id":"98efcdea-41ea-44ef-a5fa-124abeb5139b","at":0.0},{"connector_id":"b89865c1-954e-48ea-9abc-d5b2534eb6c9","at":1.0}],"road_surface":[{"value":"paved","between":null}],"level_rules":[{"value":-1,"between":null}],"sources":[{"property":"","dataset":"OpenStreetMap","license":"ODbL-1.0","record_id":"w285188821@11","update_time":"2023-09-28T11:45:00Z","confidence":null,"between":null,"provider":"osm","resource":"planet","version":"2026-08-05"}],"version":1}},
{"id":"6f234e18-453f-4e22-980c-833e06cbfcdf","type":"Feature","geometry":{"type":"LineString","coordinates":[[127.0942231,37.4005862],[127.0946614,37.400805]]},"properties":{"subtype":"road","class":"residential","connectors":[{"connector_id":"b89865c1-954e-48ea-9abc-d5b2534eb6c9","at":0.0},{"connector_id":"66cfbe54-a371-40b8-b4b2-7d872fe53739","at":1.0}],"sources":[{"property":"","dataset":"OpenStreetMap","license":"ODbL-1.0","record_id":"w284210275@4","update_time":"2021-09-28T08:03:06Z","confidence":null,"between":null,"provider":"osm","resource":"planet","version":"2026-08-05"}],"version":1}},
{"id":"d326f344-8d6c-45b2-86eb-73b5368f6b98","type":"Feature","geometry":{"type":"LineString","coordinates":[[127.0941297,37.4005094],[127.0939023,37.4004856],[127.0938333,37.4004509],[127.0937267,37.4003929]]},"properties":{"subtype":"road","class":"service","connectors":[{"connector_id":"7c2a47cc-bdd3-46c2-a464-1d7f7e4c4a3d","at":0.0},{"connector_id":"77fc76f1-9ac4-4b34-bc87-d26903de6344","at":1.0}],"road_flags":[{"values":["is_tunnel"],"between":[0.70673368,1.0]}],"sources":[{"property":"","dataset":"OpenStreetMap","license":"ODbL-1.0","record_id":"w464101814@1","update_time":"2017-01-06T13:10:55Z","confidence":null,"between":[0.0,0.70673368],"provider":"osm","resource":"planet","version":"2026-08-05"},{"property":"","dataset":"OpenStreetMap","license":"ODbL-1.0","record_id":"w464101815@1","update_time":"2017-01-06T13:10:55Z","confidence":null,"between":[0.70673368,1.0],"provider":"osm","resource":"planet","version":"2026-08-05"}],"version":1}},
{"id":"2276dc9f-5745-4fd0-ab33-fc190e239d28","type":"Feature","geometry":{"type":"LineString","coordinates":[[127.0942231,37.4005862],[127.0935541,37.4014098],[127.0933796,37.4016246]]},"properties":{"names":{"primary":"서판교로","common":[["ko","서판교로"],["en","Seopangyo-ro"]],"rules":[{"variant":"common","language":null,"perspectives":null,"value":"서판교로","between":null,"side":null}]},"subtype":"road","class":"tertiary","connectors":[{"connector_id":"b89865c1-954e-48ea-9abc-d5b2534eb6c9","at":0.0},{"connector_id":"d46ce5b9-221c-4d33-b326-8cc7c4b9e235","at":0.793137882},{"connector_id":"a37edce7-36dc-45fa-84fb-0c654f455399","at":1.0}],"road_surface":[{"value":"paved","between":null}],"level_rules":[{"value":-1,"between":null}],"sources":[{"property":"","dataset":"OpenStreetMap","license":"ODbL-1.0","record_id":"w285188821@11","update_time":"2023-09-28T11:45:00Z","confidence":null,"between":null,"provider":"osm","resource":"planet","version":"2026-08-05"}],"version":1}},
{"id":"9d6215a9-5308-406d-bf5d-1ee004aa2139","type":"Feature","geometry":{"type":"LineString","coordinates":[[127.094482,37.4021811],[127.0936159,37.4017509]]},"properties":{"names":{"primary":"서판교로180번길","common":[["ko","서판교로180번길"],["en","Seopangyo-ro 180beon-gil"]],"rules":[{"variant":"common","language":null,"perspectives":null,"value":"서판교로180번길","between":null,"side":null}]},"subtype":"road","class":"residential","connectors":[{"connector_id":"2fac7893-e2a4-415b-b5e4-da2dfea10be3","at":0.0},{"connector_id":"09595b23-40d6-4118-93e3-50250b49c8ac","at":1.0}],"sources":[{"property":"","dataset":"OpenStreetMap","license":"ODbL-1.0","record_id":"w284210266@4","update_time":"2021-09-28T08:03:06Z","confidence":null,"between":null,"provider":"osm","resource":"planet","version":"2026-08-05"}],"version":1}},
{"id":"2bd181ec-328d-496c-a757-b56e5aba866d","type":"Feature","geometry":{"type":"LineString","coordinates":[[127.094482,37.4021811],[127.0943772,37.4023318],[127.0940017,37.4023774]]},"properties":{"names":{"primary":"서판교로188번길","common":[["ko","서판교로188번길"],["en","Seopangyo-ro 188beon-gil"]],"rules":[{"variant":"common","language":null,"perspectives":null,"value":"서판교로188번길","between":null,"side":null}]},"subtype":"road","class":"living_street","connectors":[{"connector_id":"2fac7893-e2a4-415b-b5e4-da2dfea10be3","at":0.0},{"connector_id":"bae93a9f-d7dd-491a-82e0-accd92ae27da","at":1.0}],"sources":[{"property":"","dataset":"OpenStreetMap","license":"ODbL-1.0","record_id":"w284210267@4","update_time":"2024-06-11T11:21:04Z","confidence":null,"between":null,"provider":"osm","resource":"planet","version":"2026-08-05"}],"version":1}},
{"id":"17ef4da1-4931-4b30-9b90-b5539694dbb8","type":"Feature","geometry":{"type":"LineString","coordinates":[[127.0926668,37.4025157],[127.0931,37.4027268],[127.0931837,37.40276],[127.0933044,37.4027677],[127.0934799,37.4027191],[127.0936948,37.4026735],[127.0939917,37.4026104],[127.0945261,37.4025593],[127.094727,37.4023052]]},"properties":{"names":{"primary":"서판교로190번길","common":[["ko","서판교로190번길"],["en","Seopangyo-ro 190beon-gil"]],"rules":[{"variant":"common","language":null,"perspectives":null,"value":"서판교로190번길","between":null,"side":null}]},"subtype":"road","class":"footway","connectors":[{"connector_id":"e1637938-03ae-4012-a864-288252abf90c","at":0.0},{"connector_id":"e6796040-0965-461e-a02c-22788e7587f8","at":0.480502439},{"connector_id":"b37cbb2e-f756-4f9e-ba38-5ebc7a0d0dcd","at":1.0}],"sources":[{"property":"","dataset":"OpenStreetMap","license":"ODbL-1.0","record_id":"w987627985@1","update_time":"2021-09-28T08:03:06Z","confidence":null,"between":null,"provider":"osm","resource":"planet","version":"2026-08-05"}],"version":1}},
{"id":"e0416d6b-bc3b-484d-bc55-f16f8f677a77","type":"Feature","geometry":{"type":"LineString","coordinates":[[127.0940017,37.4023774],[127.0933675,37.402059]]},"properties":{"names":{"primary":"서판교로188번길","common":[["ko","서판교로188번길"],["en","Seopangyo-ro 188beon-gil"]],"rules":[{"variant":"common","language":null,"perspectives":null,"value":"서판교로188번길","between":null,"side":null}]},"subtype":"road","class":"living_street","connectors":[{"connector_id":"bae93a9f-d7dd-491a-82e0-accd92ae27da","at":0.0},{"connector_id":"6fa8d8dd-6716-4e29-87ed-2b056e2ddc97","at":1.0}],"sources":[{"property":"","dataset":"OpenStreetMap","license":"ODbL-1.0","record_id":"w284210268@4","update_time":"2024-06-11T11:21:04Z","confidence":null,"between":null,"provider":"osm","resource":"planet","version":"2026-08-05"}],"version":1}},
{"id":"7369af4c-941b-4fa6-ae08-903b38c1ad29","type":"Feature","geometry":{"type":"LineString","coordinates":[[127.0940017,37.4023774],[127.0936221,37.402463],[127.0932721,37.4025419],[127.0930602,37.4024402]]},"properties":{"names":{"primary":"서판교로188번길","common":[["ko","서판교로188번길"],["en","Seopangyo-ro 188beon-gil"]],"rules":[{"variant":"common","language":null,"perspectives":null,"value":"서판교로188번길","between":null,"side":null}]},"subtype":"road","class":"living_street","connectors":[{"connector_id":"bae93a9f-d7dd-491a-82e0-accd92ae27da","at":0.0},{"connector_id":"c28e3c34-9d77-4dc3-98aa-435f8721cdeb","at":0.392327731},{"connector_id":"dc1564e0-9f03-4753-b1e6-61b5e4b37d2a","at":1.0}],"sources":[{"property":"","dataset":"OpenStreetMap","license":"ODbL-1.0","record_id":"w284210267@4","update_time":"2024-06-11T11:21:04Z","confidence":null,"between":null,"provider":"osm","resource":"planet","version":"2026-08-05"}],"version":1}},
{"id":"9810d987-2f3e-4548-a2e7-b60a77f70528","type":"Feature","geometry":{"type":"LineString","coordinates":[[127.0930602,37.4024402],[127.0933675,37.402059]]},"properties":{"names":{"primary":"서판교로180번길","common":[["ko","서판교로180번길"],["en","Seopangyo-ro 180beon-gil"]],"rules":[{"variant":"common","language":null,"perspectives":null,"value":"서판교로180번길","between":null,"side":null}]},"subtype":"road","class":"living_street","connectors":[{"connector_id":"dc1564e0-9f03-4753-b1e6-61b5e4b37d2a","at":0.0},{"connector_id":"6fa8d8dd-6716-4e29-87ed-2b056e2ddc97","at":1.0}],"sources":[{"property":"","dataset":"OpenStreetMap","license":"ODbL-1.0","record_id":"w284210269@3","update_time":"2024-06-11T11:21:04Z","confidence":null,"between":null,"provider":"osm","resource":"planet","version":"2026-08-05"}],"version":1}},
{"id":"1b6d4a08-10a2-44ba-8cd4-802bea68aff7","type":"Feature","geometry":{"type":"LineString","coordinates":[[127.0930602,37.4024402],[127.0928203,37.4023272]]},"properties":{"names":{"primary":"서판교로188번길","common":[["ko","서판교로188번길"],["en","Seopangyo-ro 188beon-gil"]],"rules":[{"variant":"common","language":null,"perspectives":null,"value":"서판교로188번길","between":null,"side":null}]},"subtype":"road","class":"living_street","connectors":[{"connector_id":"dc1564e0-9f03-4753-b1e6-61b5e4b37d2a","at":0.0},{"connector_id":"dfaf690a-b5c0-4d01-81de-6fae24a2ef22","at":1.0}],"sources":[{"property":"","dataset":"OpenStreetMap","license":"ODbL-1.0","record_id":"w284210267@4","update_time":"2024-06-11T11:21:04Z","confidence":null,"between":null,"provider":"osm","resource":"planet","version":"2026-08-05"}],"version":1}},
{"id":"6b14daba-d6d5-43c5-b18a-83b50e837c1a","type":"Feature","geometry":{"type":"LineString","coordinates":[[127.0933796,37.4016246],[127.0928203,37.4023272]]},"properties":{"names":{"primary":"서판교로","common":[["ko","서판교로"],["en","Seopangyo-ro"]],"rules":[{"variant":"common","language":null,"perspectives":null,"value":"서판교로","between":null,"side":null}]},"subtype":"road","class":"tertiary","connectors":[{"connector_id":"a37edce7-36dc-45fa-84fb-0c654f455399","at":0.0},{"connector_id":"dfaf690a-b5c0-4d01-81de-6fae24a2ef22","at":1.0}],"road_surface":[{"value":"paved","between":null}],"level_rules":[{"value":-1,"between":null}],"sources":[{"property":"","dataset":"OpenStreetMap","license":"ODbL-1.0","record_id":"w285188821@11","update_time":"2023-09-28T11:45:00Z","confidence":null,"between":null,"provider":"osm","resource":"planet","version":"2026-08-05"}],"version":1}},
{"id":"ff7f376a-760f-42c6-b3ac-e8cbb17bf31d","type":"Feature","geometry":{"type":"LineString","coordinates":[[127.0933675,37.402059],[127.0936159,37.4017509]]},"properties":{"names":{"primary":"서판교로180번길","common":[["ko","서판교로180번길"],["en","Seopangyo-ro 180beon-gil"]],"rules":[{"variant":"common","language":null,"perspectives":null,"value":"서판교로180번길","between":null,"side":null}]},"subtype":"road","class":"living_street","connectors":[{"connector_id":"6fa8d8dd-6716-4e29-87ed-2b056e2ddc97","at":0.0},{"connector_id":"09595b23-40d6-4118-93e3-50250b49c8ac","at":1.0}],"sources":[{"property":"","dataset":"OpenStreetMap","license":"ODbL-1.0","record_id":"w284210269@3","update_time":"2024-06-11T11:21:04Z","confidence":null,"between":null,"provider":"osm","resource":"planet","version":"2026-08-05"}],"version":1}},
{"id":"e975eb61-6a03-4e0c-b0cd-d344b6d74bac","type":"Feature","geometry":{"type":"LineString","coordinates":[[127.0936159,37.4017509],[127.0933796,37.4016246]]},"properties":{"names":{"primary":"서판교로180번길","common":[["ko","서판교로180번길"],["en","Seopangyo-ro 180beon-gil"]],"rules":[{"variant":"common","language":null,"perspectives":null,"value":"서판교로180번길","between":null,"side":null}]},"subtype":"road","class":"residential","connectors":[{"connector_id":"09595b23-40d6-4118-93e3-50250b49c8ac","at":0.0},{"connector_id":"a37edce7-36dc-45fa-84fb-0c654f455399","at":1.0}],"sources":[{"property":"","dataset":"OpenStreetMap","license":"ODbL-1.0","record_id":"w284210266@4","update_time":"2021-09-28T08:03:06Z","confidence":null,"between":null,"provider":"osm","resource":"planet","version":"2026-08-05"}],"version":1}},
{"id":"0a65964d-9b74-45b6-89ba-c9a8728d2912","type":"Feature","geometry":{"type":"LineString","coordinates":[[127.0928203,37.4023272],[127.0926668,37.4025157],[127.0925149,37.4027022]]},"properties":{"names":{"primary":"서판교로","common":[["ko","서판교로"],["en","Seopangyo-ro"]],"rules":[{"variant":"common","language":null,"perspectives":null,"value":"서판교로","between":null,"side":null}]},"subtype":"road","class":"tertiary","connectors":[{"connector_id":"dfaf690a-b5c0-4d01-81de-6fae24a2ef22","at":0.0},{"connector_id":"e1637938-03ae-4012-a864-288252abf90c","at":0.502652851},{"connector_id":"fa04c5ef-fdb5-4a8c-ac2e-0033595f5b58","at":1.0}],"road_surface":[{"value":"paved","between":null}],"level_rules":[{"value":-1,"between":null}],"sources":[{"property":"","dataset":"OpenStreetMap","license":"ODbL-1.0","record_id":"w285188821@11","update_time":"2023-09-28T11:45:00Z","confidence":null,"between":null,"provider":"osm","resource":"planet","version":"2026-08-05"}],"version":1}},
{"id":"2b34c444-d0c0-4661-b8b1-d5c29d7bf586","type":"Feature","geometry":{"type":"LineString","coordinates":[[127.0925149,37.4027022],[127.0927543,37.4028246]]},"properties":{"names":{"primary":"판교로197번길","common":[["ko","판교로197번길"],["en","Pangyo-ro 197beon-gil"]],"rules":[{"variant":"common","language":null,"perspectives":null,"value":"판교로197번길","between":null,"side":null}]},"subtype":"road","class":"residential","connectors":[{"connector_id":"fa04c5ef-fdb5-4a8c-ac2e-0033595f5b58","at":0.0},{"connector_id":"73c1b726-b957-458a-a226-aaf55bc9f31e","at":1.0}],"sources":[{"property":"","dataset":"OpenStreetMap","license":"ODbL-1.0","record_id":"w284210260@6","update_time":"2021-09-28T08:03:06Z","confidence":null,"between":null,"provider":"osm","resource":"planet","version":"2026-08-05"}],"version":1}},
{"id":"52cf25a6-c22b-4104-9a31-ad2d205e3a15","type":"Feature","geometry":{"type":"LineString","coordinates":[[127.0921783,37.4024791],[127.0922018,37.4024519],[127.0922649,37.4023787]]},"properties":{"subtype":"road","class":"service","connectors":[{"connector_id":"db8431a5-1939-4dd8-9aac-48046739b3b4","at":0.0},{"connector_id":"38259593-1a77-4e35-9059-d3631edff30d","at":1.0}],"road_flags":[{"values":["is_tunnel"],"between":[0.271326376,1.0]}],"sources":[{"property":"","dataset":"OpenStreetMap","license":"ODbL-1.0","record_id":"w464103009@1","update_time":"2017-01-06T13:18:52Z","confidence":null,"between":[0.0,0.271326376],"provider":"osm","resource":"planet","version":"2026-08-05"},{"property":"","dataset":"OpenStreetMap","license":"ODbL-1.0","record_id":"w464103010@1","update_time":"2017-01-06T13:18:52Z","confidence":null,"between":[0.271326376,1.0],"provider":"osm","resource":"planet","version":"2026-08-05"}],"version":1}},
{"id":"2575e86f-12a2-4829-bf02-5712d8428a0f","type":"Feature","geometry":{"type":"LineString","coordinates":[[127.0925149,37.4027022],[127.091865,37.4035068]]},"properties":{"names":{"primary":"서판교로","common":[["ko","서판교로"],["en","Seopangyo-ro"]],"rules":[{"variant":"common","language":null,"perspectives":null,"value":"서판교로","between":null,"side":null}]},"subtype":"road","class":"tertiary","connectors":[{"connector_id":"fa04c5ef-fdb5-4a8c-ac2e-0033595f5b58","at":0.0},{"connector_id":"f417e1c1-d39b-430f-9abf-291a56d45ddd","at":1.0}],"road_surface":[{"value":"paved","between":null}],"level_rules":[{"value":-1,"between":null}],"sources":[{"property":"","dataset":"OpenStreetMap","license":"ODbL-1.0","record_id":"w285188821@11","update_time":"2023-09-28T11:45:00Z","confidence":null,"between":null,"provider":"osm","resource":"planet","version":"2026-08-05"}],"version":1}},
{"id":"f8ff3f88-24dd-411e-93a4-a4058f100304","type":"Feature","geometry":{"type":"LineString","coordinates":[[127.092051,37.403701],[127.0924836,37.4031619]]},"properties":{"names":{"primary":"판교로197번길","common":[["ko","판교로197번길"],["en","Pangyo-ro 197beon-gil"]],"rules":[{"variant":"common","language":null,"perspectives":null,"value":"판교로197번길","between":null,"side":null}]},"subtype":"road","class":"living_street","connectors":[{"connector_id":"22f9e97f-07fe-49af-821d-8cecc81da8f9","at":0.0},{"connector_id":"7a88ab5e-b30e-4355-97d8-6f9acd5a49a0","at":1.0}],"sources":[{"property":"","dataset":"OpenStreetMap","license":"ODbL-1.0","record_id":"w284210272@4","update_time":"2024-06-11T11:21:04Z","confidence":null,"between":null,"provider":"osm","resource":"planet","version":"2026-08-05"}],"version":1}},
{"id":"069c618f-36d7-49e8-9a48-cd3521840bfa","type":"Feature","geometry":{"type":"LineString","coordinates":[[127.0885946,37.4035496],[127.0896273,37.4038749],[127.0902509,37.4040991],[127.0912982,37.4042861],[127.0920833,37.4043239],[127.0925271,37.4042326],[127.0929601,37.4040842],[127.0931747,37.4039641],[127.0939601,37.4036622],[127.0942153,37.4035823],[127.0945233,37.4035408],[127.0948012,37.4035266],[127.095211,37.4035305],[127.0957915,37.4035488]]},"properties":{"subtype":"road","class":"motorway","subclass":"link","subclass_rules":[{"value":"link","between":null}],"connectors":[{"connector_id":"54309277-c31d-4e5f-9666-f6611f4be7c8","at":0.0},{"connector_id":"4b2ff739-a4b2-4d27-b94b-2f046eff5471","at":1.0}],"road_flags":[{"values":["is_link"],"between":null}],"access_restrictions":[{"access_type":"denied","when":{"during":null,"heading":"backward","using":null,"recognized":null,"mode":null,"vehicle":null},"between":null}],"destinations":[{"labels":[{"value":"대전","type":"unknown"},{"value":"부산","type":"unknown"},{"value":"판교","type":"unknown"}],"symbols":null,"from_connector_id":"4b2ff739-a4b2-4d27-b94b-2f046eff5471","to_segment_id":"069c618f-36d7-49e8-9a48-cd3521840bfa","to_connector_id":"4b2ff739-a4b2-4d27-b94b-2f046eff5471","when":{"heading":"forward"},"final_heading":"forward"},{"labels":[{"value":"대전","type":"unknown"},{"value":"부산","type":"unknown"},{"value":"판교","type":"unknown"}],"symbols":null,"from_connector_id":"4b2ff739-a4b2-4d27-b94b-2f046eff5471","to_segment_id":"3045e534-88a5-4799-982c-f9190cdb67a9","to_connector_id":"4b2ff739-a4b2-4d27-b94b-2f046eff5471","when":{"heading":"forward"},"final_heading":"forward"},{"labels":[{"value":"대전","type":"unknown"},{"value":"부산","type":"unknown"},{"value":"판교","type":"unknown"}],"symbols":null,"from_connector_id":"4b2ff739-a4b2-4d27-b94b-2f046eff5471","to_segment_id":"7fd5949e-4adc-42f1-b7ea-3f01ed760266","to_connector_id":"4b2ff739-a4b2-4d27-b94b-2f046eff5471","when":{"heading":"forward"},"final_heading":"forward"}],"sources":[{"property":"","dataset":"OpenStreetMap","license":"ODbL-1.0","record_id":"w59242899@13","update_time":"2025-11-24T05:52:23Z","confidence":null,"between":null,"provider":"osm","resource":"planet","version":"2026-08-05"}],"version":8}},
{"id":"3ca7d8c8-c3e7-4cc6-b0b0-ba58b9fcbe9d","type":"Feature","geometry":{"type":"LineString","coordinates":[[127.092051,37.403701],[127.0922006,37.4037044],[127.0923588,37.4036978],[127.0925388,37.4036843],[127.0926812,37.4036655],[127.0927803,37.4036373],[127.0928581,37.4036124],[127.0929275,37.4035882],[127.0929814,37.4035677]]},"properties":{"names":{"primary":"판교로209번길","common":[["ko","판교로209번길"],["en","Pangyo-ro 209beon-gil"]],"rules":[{"variant":"common","language":null,"perspectives":null,"value":"판교로209번길","between":null,"side":null}]},"subtype":"road","class":"residential","connectors":[{"connector_id":"22f9e97f-07fe-49af-821d-8cecc81da8f9","at":0.0},{"connector_id":"15e7ddf7-5c23-49bc-98ca-11629dbb2e48","at":1.0}],"sources":[{"property":"","dataset":"OpenStreetMap","license":"ODbL-1.0","record_id":"w284164577@11","update_time":"2024-09-03T18:47:32Z","confidence":null,"between":null,"provider":"osm","resource":"planet","version":"2026-08-05"}],"version":1}},
{"id":"cdb92fbb-1af9-4c88-817b-76e7cc56c875","type":"Feature","geometry":{"type":"LineString","coordinates":[[127.0924836,37.4031619],[127.0927636,37.4033094],[127.0928532,37.4033717],[127.0929239,37.4034419],[127.0929481,37.4034732],[127.0929629,37.4035066],[127.0929814,37.4035677]]},"properties":{"names":{"primary":"판교로209번길","common":[["ko","판교로209번길"],["en","Pangyo-ro 209beon-gil"]],"rules":[{"variant":"common","language":null,"perspectives":null,"value":"판교로209번길","between":null,"side":null}]},"subtype":"road","class":"living_street","connectors":[{"connector_id":"7a88ab5e-b30e-4355-97d8-6f9acd5a49a0","at":0.0},{"connector_id":"15e7ddf7-5c23-49bc-98ca-11629dbb2e48","at":1.0}],"sources":[{"property":"","dataset":"OpenStreetMap","license":"ODbL-1.0","record_id":"w284210273@5","update_time":"2024-06-11T11:21:04Z","confidence":null,"between":null,"provider":"osm","resource":"planet","version":"2026-08-05"}],"version":1}},
{"id":"39ba0010-bb8d-4a3f-90dd-1404614ac0bb","type":"Feature","geometry":{"type":"LineString","coordinates":[[127.0924836,37.4031619],[127.0927543,37.4028246]]},"properties":{"names":{"primary":"판교로197번길","common":[["ko","판교로197번길"],["en","Pangyo-ro 197beon-gil"]],"rules":[{"variant":"common","language":null,"perspectives":null,"value":"판교로197번길","between":null,"side":null}]},"subtype":"road","class":"living_street","connectors":[{"connector_id":"7a88ab5e-b30e-4355-97d8-6f9acd5a49a0","at":0.0},{"connector_id":"73c1b726-b957-458a-a226-aaf55bc9f31e","at":1.0}],"sources":[{"property":"","dataset":"OpenStreetMap","license":"ODbL-1.0","record_id":"w284210272@4","update_time":"2024-06-11T11:21:04Z","confidence":null,"between":null,"provider":"osm","resource":"planet","version":"2026-08-05"}],"version":1}},
{"id":"859e5270-950b-4625-9fc3-837ce7051723","type":"Feature","geometry":{"type":"LineString","coordinates":[[127.0927543,37.4028246],[127.0928811,37.4028819],[127.0929642,37.4029186],[127.093046,37.4029495],[127.0931198,37.4029697],[127.093219,37.4029878],[127.0932876,37.4029932]]},"properties":{"names":{"primary":"판교로197번길","common":[["ko","판교로197번길"],["en","Pangyo-ro 197beon-gil"]],"rules":[{"variant":"common","language":null,"perspectives":null,"value":"판교로197번길","between":null,"side":null}]},"subtype":"road","class":"residential","connectors":[{"connector_id":"73c1b726-b957-458a-a226-aaf55bc9f31e","at":0.0},{"connector_id":"c2700ff6-951c-4d70-93bd-5ff20800e2ae","at":1.0}],"sources":[{"property":"","dataset":"OpenStreetMap","license":"ODbL-1.0","record_id":"w284210260@6","update_time":"2021-09-28T08:03:06Z","confidence":null,"between":null,"provider":"osm","resource":"planet","version":"2026-08-05"}],"version":1}},
{"id":"f140cc81-19b0-4651-9ec2-8408ed393e11","type":"Feature","geometry":{"type":"LineString","coordinates":[[127.0932876,37.4029932],[127.0934236,37.4033797]]},"properties":{"subtype":"road","class":"living_street","connectors":[{"connector_id":"c2700ff6-951c-4d70-93bd-5ff20800e2ae","at":0.0},{"connector_id":"7c0aacf6-e5e2-489c-861b-878db625742e","at":1.0}],"sources":[{"property":"","dataset":"OpenStreetMap","license":"ODbL-1.0","record_id":"w284210271@3","update_time":"2024-06-11T11:21:04Z","confidence":null,"between":null,"provider":"osm","resource":"planet","version":"2026-08-05"}],"version":1}},
{"id":"d65c56dd-9066-49b1-812c-43556640eeb7","type":"Feature","geometry":{"type":"LineString","coordinates":[[127.0929814,37.4035677],[127.0931006,37.4035167],[127.0934236,37.4033797]]},"properties":{"names":{"primary":"판교로209번길","common":[["ko","판교로209번길"],["en","Pangyo-ro 209beon-gil"]],"rules":[{"variant":"common","language":null,"perspectives":null,"value":"판교로209번길","between":null,"side":null}]},"subtype":"road","class":"residential","connectors":[{"connector_id":"15e7ddf7-5c23-49bc-98ca-11629dbb2e48","at":0.0},{"connector_id":"7c0aacf6-e5e2-489c-861b-878db625742e","at":1.0}],"sources":[{"property":"","dataset":"OpenStreetMap","license":"ODbL-1.0","record_id":"w284164577@11","update_time":"2024-09-03T18:47:32Z","confidence":null,"between":null,"provider":"osm","resource":"planet","version":"2026-08-05"}],"version":1}},
{"id":"d08c5af2-3eb8-4e71-9d3f-90e841c83db9","type":"Feature","geometry":{"type":"LineString","coordinates":[[127.0968603,37.4049779],[127.0968813,37.4052454],[127.0968672,37.4054329],[127.0968531,37.4056056],[127.0967899,37.405829],[127.096695,37.4060384],[127.0965508,37.4062059],[127.0963997,37.4063539],[127.0961075,37.4065344],[127.0958179,37.4066452],[127.0955282,37.4067219],[127.0951848,37.4067816],[127.0947125,37.4068174],[127.0944172,37.4068146],[127.0941114,37.4067643],[127.0937985,37.4066778],[127.0935806,37.4065996],[127.0933978,37.4065158],[127.0931588,37.4063818],[127.0929855,37.4062773],[127.092969,37.4062673],[127.092389,37.4057927],[127.0918723,37.4053487],[127.0915173,37.4050834],[127.0909042,37.4047773],[127.0897631,37.4042473]]},"properties":{"subtype":"road","class":"motorway","subclass":"link","subclass_rules":[{"value":"link","between":null}],"connectors":[{"connector_id":"3b922fa6-b061-463f-9169-2f8122ebd3ed","at":0.0},{"connector_id":"d430af05-3fd1-401d-ac5e-36fe7585a500","at":1.0}],"road_flags":[{"values":["is_link"],"between":[0.0,0.378029233]},{"values":["is_bridge","is_link"],"between":[0.378029233,0.575622997]},{"values":["is_link"],"between":[0.575622997,1.0]}],"level_rules":[{"value":2,"between":[0.378029233,0.575622997]}],"access_restrictions":[{"access_type":"denied","when":{"during":null,"heading":"backward","using":null,"recognized":null,"mode":null,"vehicle":null},"between":null}],"destinations":[{"labels":[{"value":"일산","type":"unknown"},{"value":"평촌","type":"unknown"},{"value":"학의분기점","type":"unknown"}],"symbols":null,"from_connector_id":"d430af05-3fd1-401d-ac5e-36fe7585a500","to_segment_id":"d08c5af2-3eb8-4e71-9d3f-90e841c83db9","to_connector_id":"d430af05-3fd1-401d-ac5e-36fe7585a500","when":{"heading":"forward"},"final_heading":"forward"}],"sources":[{"property":"","dataset":"OpenStreetMap","license":"ODbL-1.0","record_id":"w59242893@8","update_time":"2025-11-24T05:52:23Z","confidence":null,"between":[0.0,0.378029233],"provider":"osm","resource":"planet","version":"2026-08-05"},{"property":"","dataset":"OpenStreetMap","license":"ODbL-1.0","record_id":"w59242877@5","update_time":"2024-09-08T06:20:44Z","confidence":null,"between":[0.378029233,0.575622997],"provider":"osm","resource":"planet","version":"2026-08-05"},{"property":"","dataset":"OpenStreetMap","license":"ODbL-1.0","record_id":"w59242876@5","update_time":"2024-09-08T06:20:45Z","confidence":null,"between":[0.575622997,1.0],"provider":"osm","resource":"planet","version":"2026-08-05"}],"version":1}},
{"id":"6dd244fb-fad3-448a-94c1-8b82582c5969","type":"Feature","geometry":{"type":"LineString","coordinates":[[127.0942543,37.4084565],[127.0936509,37.4082496],[127.093544,37.4082122],[127.0933105,37.4081362],[127.0931421,37.4081119],[127.0929163,37.4081301],[127.0924799,37.4082213],[127.0916464,37.4083046],[127.0915304,37.4082839],[127.0912513,37.4083247],[127.0911634,37.4083409],[127.0903251,37.408495],[127.0899605,37.4085897]]},"properties":{"names":{"primary":"달래내로","common":null,"rules":[{"variant":"common","language":"en","perspectives":null,"value":"Dallaenae-ro","between":[0.0,0.173761277],"side":null},{"variant":"common","language":"ko","perspectives":null,"value":"달래내로","between":[0.0,0.173761277],"side":null},{"variant":"common","language":null,"perspectives":null,"value":"달래내로","between":[0.0,0.173761277],"side":null},{"variant":"common","language":"en","perspectives":null,"value":"Geumto Bridge","between":[0.173761277,0.268863098],"side":null},{"variant":"common","language":"ko","perspectives":null,"value":"금토교","between":[0.173761277,0.268863098],"side":null},{"variant":"common","language":null,"perspectives":null,"value":"금토교","between":[0.173761277,0.268863098],"side":null},{"variant":"common","language":"en","perspectives":null,"value":"Dallaenae-ro","between":[0.268863098,1.0],"side":null},{"variant":"common","language":"ko","perspectives":null,"value":"달래내로","between":[0.268863098,1.0],"side":null},{"variant":"common","language":null,"perspectives":null,"value":"달래내로","between":[0.268863098,1.0],"side":null}]},"subtype":"road","class":"tertiary","connectors":[{"connector_id":"14fdc2b5-cea6-47ea-8ba2-84db01784bb7","at":0.0},{"connector_id":"74ade7cc-a533-40ff-8847-df07db32290f","at":0.147542927},{"connector_id":"0ac0698f-73c1-41f0-8041-174473b9be6c","at":1.0}],"road_flags":[{"values":["is_bridge"],"between":[0.173761277,0.268863098]}],"level_rules":[{"value":1,"between":[0.173761277,0.268863098]}],"sources":[{"property":"","dataset":"OpenStreetMap","license":"ODbL-1.0","record_id":"w574900165@4","update_time":"2021-12-10T12:11:22Z","confidence":null,"between":[0.0,0.173761277],"provider":"osm","resource":"planet","version":"2026-08-05"},{"property":"","dataset":"OpenStreetMap","license":"ODbL-1.0","record_id":"w574900164@4","update_time":"2021-04-17T11:25:47Z","confidence":null,"between":[0.173761277,0.268863098],"provider":"osm","resource":"planet","version":"2026-08-05"},{"property":"","dataset":"OpenStreetMap","license":"ODbL-1.0","record_id":"w1462793888@3","update_time":"2026-06-20T00:16:43Z","confidence":null,"between":[0.268863098,1.0],"provider":"osm","resource":"planet","version":"2026-08-05"}],"version":2}},
{"id":"a63caefb-b7b6-4d51-8f7b-1253b3879abd","type":"Feature","geometry":{"type":"LineString","coordinates":[[127.0948709,37.4100471],[127.0948601,37.409915],[127.0948226,37.409736],[127.0947368,37.4095656],[127.094658,37.4094387],[127.0945213,37.4092647],[127.0942598,37.40903],[127.0926561,37.4073741],[127.0925112,37.4072547],[127.0923505,37.4071331],[127.0922074,37.4070196],[127.0920251,37.4068768],[127.0917822,37.4067132],[127.0915288,37.4065423],[127.090708,37.4061823],[127.0902823,37.4059914]]},"properties":{"subtype":"road","class":"tertiary","connectors":[{"connector_id":"6f73911a-4ced-4fa3-aa91-8b2eaf4c05ed","at":0.0},{"connector_id":"d7acf797-ea8e-4db5-8a6e-b09d3531e423","at":1.0}],"road_flags":[{"values":["is_bridge"],"between":[0.206359482,0.750338292]}],"level_rules":[{"value":2,"between":[0.206359482,0.750338292]}],"sources":[{"property":"","dataset":"OpenStreetMap","license":"ODbL-1.0","record_id":"w1086125301@2","update_time":"2026-06-20T00:16:43Z","confidence":null,"between":[0.0,0.206359482],"provider":"osm","resource":"planet","version":"2026-08-05"},{"property":"","dataset":"OpenStreetMap","license":"ODbL-1.0","record_id":"w1010963585@2","update_time":"2026-06-20T00:16:43Z","confidence":null,"between":[0.206359482,0.750338292],"provider":"osm","resource":"planet","version":"2026-08-05"},{"property":"","dataset":"OpenStreetMap","license":"ODbL-1.0","record_id":"w1010963586@3","update_time":"2026-06-20T00:16:43Z","confidence":null,"between":[0.750338292,1.0],"provider":"osm","resource":"planet","version":"2026-08-05"}],"version":2}},
{"id":"ae7932f6-7147-4939-9b68-ce79a85a3dd1","type":"Feature","geometry":{"type":"LineString","coordinates":[[127.089584,37.4106239],[127.090226,37.4099585],[127.0916542,37.4085652],[127.0919742,37.4082486],[127.09311,37.4070719],[127.0937248,37.4064915],[127.0943739,37.4058919],[127.0948431,37.4054244],[127.0965164,37.403848]]},"properties":{"names":{"primary":"경부고속도로","common":[["zh-Hant","京釜高速公路"],["ko","경부고속도로"],["el","Αυτοκινητόδρομος Γκιόνγκμπου"],["ko-Latn","Gyeongbugosokdoro"],["ko-Hani","京釜高速道路"],["zh","京釜高速公路"]],"rules":[{"variant":"common","language":null,"perspectives":null,"value":"경부고속도로","between":null,"side":null},{"variant":"common","language":"en","perspectives":null,"value":"Gyeongbu Expressway","between":[0.0,0.301725298],"side":null},{"variant":"common","language":"en","perspectives":null,"value":"Gyeongbu Expressway North","between":[0.301725298,0.348208751],"side":null},{"variant":"common","language":"en","perspectives":null,"value":"Gyeongbu Expressway","between":[0.348208751,0.517982018],"side":null},{"variant":"common","language":"en","perspectives":null,"value":"Gyeongbu Expressway North","between":[0.517982018,0.604841083],"side":null},{"variant":"common","language":"en","perspectives":null,"value":"Gyeongbu Expressway","between":[0.604841083,1.0],"side":null}]},"subtype":"road","class":"motorway","connectors":[{"connector_id":"4152f0a0-dd05-4fd9-8772-82f1934b7da3","at":0.0},{"connector_id":"92da5451-b482-4caf-8c01-58126b9f9a72","at":0.763868175},{"connector_id":"835c5b57-919d-49b9-9bcd-487c3b4eb9eb","at":1.0}],"road_surface":[{"value":"paved","between":[0.0,0.301725298]},{"value":"paved","between":[0.517982018,1.0]}],"road_flags":[{"values":["is_bridge"],"between":[0.301725298,0.348208751]},{"values":["is_bridge"],"between":[0.517982018,0.604841083]}],"width_rules":[{"value":16.0,"between":[0.0,0.301725298]}],"level_rules":[{"value":1,"between":[0.301725298,0.348208751]},{"value":1,"between":[0.517982018,0.604841083]}],"access_restrictions":[{"access_type":"denied","when":{"during":null,"heading":"backward","using":null,"recognized":null,"mode":null,"vehicle":null},"between":null}],"speed_limits":[{"min_speed":{"value":50,"unit":"km/h"},"max_speed":{"value":110,"unit":"km/h"},"is_max_speed_variable":null,"when":null,"between":null}],"routes":[{"name":"고속국도 경부선","network":"KR:expressway","ref":"1","symbol":null,"wikidata":"Q491254","between":null},{"name":"아시안 하이웨이 1호선","network":"AsianHighway","ref":"AH1","symbol":null,"wikidata":"Q494205","between":null}],"sources":[{"property":"/routes","dataset":"OpenStreetMap","license":"ODbL-1.0","record_id":"r3836355@504","update_time":null,"confidence":null,"between":null,"provider":"osm","resource":"planet","version":"2026-08-05"},{"property":"/routes","dataset":"OpenStreetMap","license":"ODbL-1.0","record_id":"r6818097@186","update_time":null,"confidence":null,"between":null,"provider":"osm","resource":"planet","version":"2026-08-05"},{"property":"","dataset":"OpenStreetMap","license":"ODbL-1.0","record_id":"w402926377@18","update_time":"2025-12-27T07:25:36Z","confidence":null,"between":[0.0,0.301725298],"provider":"osm","resource":"planet","version":"2026-08-05"},{"property":"","dataset":"OpenStreetMap","license":"ODbL-1.0","record_id":"w154281453@15","update_time":"2025-12-27T07:25:25Z","confidence":null,"between":[0.301725298,0.348208751],"provider":"osm","resource":"planet","version":"2026-08-05"},{"property":"","dataset":"OpenStreetMap","license":"ODbL-1.0","record_id":"w154281455@16","update_time":"2025-12-27T07:25:25Z","confidence":null,"between":[0.348208751,0.517982018],"provider":"osm","resource":"planet","version":"2026-08-05"},{"property":"","dataset":"OpenStreetMap","license":"ODbL-1.0","record_id":"w59242880@17","update_time":"2025-12-27T07:25:19Z","confidence":null,"between":[0.517982018,0.604841083],"provider":"osm","resource":"planet","version":"2026-08-05"},{"property":"","dataset":"OpenStreetMap","license":"ODbL-1.0","record_id":"w59242881@24","update_time":"2025-12-27T07:25:19Z","confidence":null,"between":[0.604841083,1.0],"provider":"osm","resource":"planet","version":"2026-08-05"}],"version":6}},
{"id":"60b88b3f-213e-49cf-8fff-5b4a77b9e337","type":"Feature","geometry":{"type":"LineString","coordinates":[[127.1000413,37.4074177],[127.099282,37.4072614],[127.0986247,37.4070966],[127.0978303,37.4068649],[127.0974757,37.4067508],[127.0966197,37.4064752],[127.0960183,37.4062726],[127.0954366,37.4060719],[127.0937585,37.4055337],[127.0932726,37.4053897],[127.0927543,37.4052152],[127.0897631,37.4042473]]},"properties":{"names":{"primary":"수도권제1순환고속도로","common":[["zh-Hans","首都圈一环高速公路"],["zh-Hant","首都圈一環高速公路"],["ko","수도권제1순환고속도로"],["el","Αυτοκινητόδρομος Σούντοκουον Τζε 1(ιλ) Σούνχουαν"],["en","Sudogwon Je1sunhwan Expressway"],["ko-Latn","Sudogwonjeilsunhwangosokdoro"],["ko-Hani","首都圈第一循環高速道路"],["zh","首都圈一環高速公路"]],"rules":[{"variant":"common","language":null,"perspectives":null,"value":"수도권제1순환고속도로","between":null,"side":null},{"variant":"common","language":"de","perspectives":null,"value":"Expressway 100","between":[0.0,0.387833239],"side":null},{"variant":"common","language":"nl","perspectives":null,"value":"Capital Region First Ring Expressway","between":[0.0,0.387833239],"side":null},{"variant":"common","language":"vi","perspectives":null,"value":"Đường cao tốc vành đai 1 vùng thủ đô Seoul","between":[0.0,0.387833239],"side":null},{"variant":"alternate","language":"de","perspectives":null,"value":"Erste Ringautobahn in der Metropolregion Hauptstadt","between":[0.0,0.387833239],"side":null},{"variant":"alternate","language":"en","perspectives":null,"value":"Capital Region First Ring Expressway","between":[0.0,0.387833239],"side":null},{"variant":"alternate","language":"en","perspectives":null,"value":"The 1st Capital Region Ring Expressway","between":[0.70730484,1.0],"side":null}]},"subtype":"road","class":"motorway","connectors":[{"connector_id":"13473845-f0de-4a61-98d1-85ef4c07c59a","at":0.0},{"connector_id":"d430af05-3fd1-401d-ac5e-36fe7585a500","at":1.0}],"road_surface":[{"value":"paved","between":null}],"road_flags":[{"values":["is_bridge"],"between":[0.0,0.387833239]},{"values":["is_bridge"],"between":[0.445297981,0.609294222]},{"values":["is_bridge"],"between":[0.65630245,0.70730484]}],"level_rules":[{"value":1,"between":[0.0,0.387833239]},{"value":1,"between":[0.445297981,0.609294222]},{"value":1,"between":[0.65630245,0.70730484]}],"access_restrictions":[{"access_type":"denied","when":{"during":null,"heading":"backward","using":null,"recognized":null,"mode":null,"vehicle":null},"between":null}],"speed_limits":[{"min_speed":{"value":50,"unit":"km/h"},"max_speed":{"value":100,"unit":"km/h"},"is_max_speed_variable":null,"when":null,"between":null}],"routes":[{"name":"고속국도 수도권제1순환선","network":"KR:expressway","ref":"100","symbol":null,"wikidata":"Q482928","between":null}],"destinations":[{"labels":[{"value":"일산","type":"unknown"},{"value":"평촌","type":"unknown"},{"value":"학의분기점","type":"unknown"}],"symbols":null,"from_connector_id":"d430af05-3fd1-401d-ac5e-36fe7585a500","to_segment_id":"d08c5af2-3eb8-4e71-9d3f-90e841c83db9","to_connector_id":"d430af05-3fd1-401d-ac5e-36fe7585a500","when":{"heading":"forward"},"final_heading":"forward"}],"sources":[{"property":"/routes","dataset":"OpenStreetMap","license":"ODbL-1.0","record_id":"r4424719@87","update_time":null,"confidence":null,"between":null,"provider":"osm","resource":"planet","version":"2026-08-05"},{"property":"","dataset":"OpenStreetMap","license":"ODbL-1.0","record_id":"w59242879@21","update_time":"2026-07-09T00:36:56Z","confidence":null,"between":[0.0,0.328637693],"provider":"osm","resource":"planet","version":"2026-08-05"},{"property":"","dataset":"OpenStreetMap","license":"ODbL-1.0","record_id":"w59242883@20","update_time":"2026-07-09T00:36:54Z","confidence":null,"between":[0.328637693,0.387833239],"provider":"osm","resource":"planet","version":"2026-08-05"},{"property":"","dataset":"OpenStreetMap","license":"ODbL-1.0","record_id":"w59242892@20","update_time":"2026-07-09T00:36:48Z","confidence":null,"between":[0.387833239,0.445297981],"provider":"osm","resource":"planet","version":"2026-08-05"},{"property":"","dataset":"OpenStreetMap","license":"ODbL-1.0","record_id":"w59242891@20","update_time":"2026-07-09T00:36:04Z","confidence":null,"between":[0.445297981,0.609294222],"provider":"osm","resource":"planet","version":"2026-08-05"},{"property":"","dataset":"OpenStreetMap","license":"ODbL-1.0","record_id":"w59242888@19","update_time":"2026-07-09T00:36:06Z","confidence":null,"between":[0.609294222,0.65630245],"provider":"osm","resource":"planet","version":"2026-08-05"},{"property":"","dataset":"OpenStreetMap","license":"ODbL-1.0","record_id":"w59242896@19","update_time":"2026-07-09T00:36:43Z","confidence":null,"between":[0.65630245,0.70730484],"provider":"osm","resource":"planet","version":"2026-08-05"},{"property":"","dataset":"OpenStreetMap","license":"ODbL-1.0","record_id":"w59242897@22","update_time":"2026-07-09T00:35:54Z","confidence":null,"between":[0.70730484,1.0],"provider":"osm","resource":"planet","version":"2026-08-05"}],"version":5}},
{"id":"fd980a7e-58a2-4f74-aa39-e650e5f8b208","type":"Feature","geometry":{"type":"LineString","coordinates":[[127.0950185,37.4085578],[127.0944281,37.408498],[127.0943432,37.4084805],[127.0942543,37.4084565]]},"properties":{"names":{"primary":"달래내로","common":[["ko","달래내로"],["en","Dallaenae-ro"]],"rules":[{"variant":"common","language":null,"perspectives":null,"value":"달래내로","between":null,"side":null}]},"subtype":"road","class":"tertiary","connectors":[{"connector_id":"7f8e48ca-ffed-49f0-be41-73f46d9a1c40","at":0.0},{"connector_id":"14fdc2b5-cea6-47ea-8ba2-84db01784bb7","at":1.0}],"destinations":[{"labels":[{"value":"서울","type":"unknown"},{"value":"양재","type":"unknown"},{"value":"한남대교","type":"unknown"}],"symbols":null,"from_connector_id":"7f8e48ca-ffed-49f0-be41-73f46d9a1c40","to_segment_id":"b7b57aad-6ffa-4a12-a9d7-749f57c930da","to_connector_id":"7f8e48ca-ffed-49f0-be41-73f46d9a1c40","when":{"heading":"backward"},"final_heading":"forward"}],"sources":[{"property":"","dataset":"OpenStreetMap","license":"ODbL-1.0","record_id":"w574900165@4","update_time":"2021-12-10T12:11:22Z","confidence":null,"between":null,"provider":"osm","resource":"planet","version":"2026-08-05"}],"version":2}},
{"id":"fd0c6ee6-a9c1-4ebf-bffa-8ce9f5766c65","type":"Feature","geometry":{"type":"LineString","coordinates":[[127.0942677,37.4087815],[127.0943613,37.4087381],[127.0943922,37.4087089],[127.0944026,37.4086782],[127.094402,37.4086439],[127.0943811,37.4085968],[127.0943509,37.408557],[127.0942543,37.4084565]]},"properties":{"subtype":"road","class":"motorway","subclass":"link","subclass_rules":[{"value":"link","between":null}],"connectors":[{"connector_id":"b8842039-6583-484d-9ff6-f498cc2c71f7","at":0.0},{"connector_id":"14fdc2b5-cea6-47ea-8ba2-84db01784bb7","at":1.0}],"road_flags":[{"values":["is_link"],"between":null}],"access_restrictions":[{"access_type":"denied","when":{"during":null,"heading":"backward","using":null,"recognized":null,"mode":null,"vehicle":null},"between":null}],"sources":[{"property":"","dataset":"OpenStreetMap","license":"ODbL-1.0","record_id":"w431736268@6","update_time":"2024-09-06T14:09:56Z","confidence":null,"between":null,"provider":"osm","resource":"planet","version":"2026-08-05"}],"version":1}},
{"id":"1885331d-604d-459c-8766-e99622adf90e","type":"Feature","geometry":{"type":"LineString","coordinates":[[127.0935709,37.4088145],[127.0935254,37.4089111]]},"properties":{"subtype":"road","class":"service","subclass":"alley","subclass_rules":[{"value":"alley","between":null}],"connectors":[{"connector_id":"2e5593de-df67-4507-9023-9273dc8f5592","at":0.0},{"connector_id":"35ff2909-2184-4249-9a7c-c50cb5dd00ba","at":1.0}],"destinations":[{"labels":[{"value":"서울","type":"unknown"},{"value":"양재","type":"unknown"},{"value":"한남대교","type":"unknown"}],"symbols":null,"from_connector_id":"2e5593de-df67-4507-9023-9273dc8f5592","to_segment_id":"2aaf5a53-3dc5-4e55-bea4-358a23583351","to_connector_id":"2e5593de-df67-4507-9023-9273dc8f5592","when":{"heading":"backward"},"final_heading":"forward"}],"sources":[{"property":"","dataset":"OpenStreetMap","license":"ODbL-1.0","record_id":"w431736290@2","update_time":"2021-12-10T12:11:22Z","confidence":null,"between":null,"provider":"osm","resource":"planet","version":"2026-08-05"}],"version":1}},
{"id":"c4d0158a-394e-4608-a43e-addb439eb008","type":"Feature","geometry":{"type":"LineString","coordinates":[[127.0941115,37.4091149],[127.093877,37.4088555]]},"properties":{"subtype":"road","class":"tertiary","subclass":"link","subclass_rules":[{"value":"link","between":null}],"connectors":[{"connector_id":"9022afb2-0ee6-499c-b885-cd639ab7ba9c","at":0.0},{"connector_id":"a9157f35-14e5-4a08-afb2-490a916f6881","at":1.0}],"road_flags":[{"values":["is_link"],"between":null}],"access_restrictions":[{"access_type":"denied","when":{"during":null,"heading":"backward","using":null,"recognized":null,"mode":null,"vehicle":null},"between":null}],"destinations":[{"labels":[{"value":"서울","type":"unknown"},{"value":"양재","type":"unknown"},{"value":"한남대교","type":"unknown"}],"symbols":null,"from_connector_id":"a9157f35-14e5-4a08-afb2-490a916f6881","to_segment_id":"2aaf5a53-3dc5-4e55-bea4-358a23583351","to_connector_id":"a9157f35-14e5-4a08-afb2-490a916f6881","when":{"heading":"forward"},"final_heading":"forward"},{"labels":[{"value":"서울","type":"unknown"},{"value":"양재","type":"unknown"},{"value":"한남대교","type":"unknown"}],"symbols":null,"from_connector_id":"a9157f35-14e5-4a08-afb2-490a916f6881","to_segment_id":"9989b997-4124-4523-8a79-4d12801ed8c9","to_connector_id":"a9157f35-14e5-4a08-afb2-490a916f6881","when":{"heading":"forward"},"final_heading":"forward"}],"sources":[{"property":"","dataset":"OpenStreetMap","license":"ODbL-1.0","record_id":"w1086116165@3","update_time":"2026-06-20T00:39:57Z","confidence":null,"between":null,"provider":"osm","resource":"planet","version":"2026-08-05"}],"version":1}},
{"id":"9989b997-4124-4523-8a79-4d12801ed8c9","type":"Feature","geometry":{"type":"LineString","coordinates":[[127.094729,37.4087417],[127.0944518,37.4088056],[127.0942732,37.4088337],[127.0939525,37.4088574],[127.093877,37.4088555]]},"properties":{"subtype":"road","class":"motorway","subclass":"link","subclass_rules":[{"value":"link","between":null}],"connectors":[{"connector_id":"9b54b7f2-9b8f-4f27-b6b5-9e18f9b1fad0","at":0.0},{"connector_id":"a9157f35-14e5-4a08-afb2-490a916f6881","at":1.0}],"road_flags":[{"values":["is_link"],"between":null}],"access_restrictions":[{"access_type":"denied","when":{"during":null,"heading":"backward","using":null,"recognized":null,"mode":null,"vehicle":null},"between":null}],"destinations":[{"labels":[{"value":"서울","type":"unknown"},{"value":"양재","type":"unknown"},{"value":"한남대교","type":"unknown"}],"symbols":null,"from_connector_id":"a9157f35-14e5-4a08-afb2-490a916f6881","to_segment_id":"2aaf5a53-3dc5-4e55-bea4-358a23583351","to_connector_id":"a9157f35-14e5-4a08-afb2-490a916f6881","when":{"heading":"forward"},"final_heading":"forward"},{"labels":[{"value":"서울","type":"unknown"},{"value":"양재","type":"unknown"},{"value":"한남대교","type":"unknown"}],"symbols":null,"from_connector_id":"a9157f35-14e5-4a08-afb2-490a916f6881","to_segment_id":"9989b997-4124-4523-8a79-4d12801ed8c9","to_connector_id":"a9157f35-14e5-4a08-afb2-490a916f6881","when":{"heading":"forward"},"final_heading":"forward"}],"sources":[{"property":"","dataset":"OpenStreetMap","license":"ODbL-1.0","record_id":"w431736304@9","update_time":"2025-11-24T05:52:23Z","confidence":null,"between":null,"provider":"osm","resource":"planet","version":"2026-08-05"}],"version":5}},
{"id":"c56a9684-1a62-4d3b-8db6-23c3fcdd7c7d","type":"Feature","geometry":{"type":"LineString","coordinates":[[127.0941115,37.4091149],[127.0941097,37.4089876],[127.0941872,37.4089364],[127.0942866,37.4089186],[127.0943635,37.4089305],[127.0943996,37.4089592]]},"properties":{"subtype":"road","class":"tertiary","subclass":"link","subclass_rules":[{"value":"link","between":null}],"connectors":[{"connector_id":"9022afb2-0ee6-499c-b885-cd639ab7ba9c","at":0.0},{"connector_id":"fbbae7af-9218-4b1d-8486-671ab6d00cc4","at":1.0}],"road_flags":[{"values":["is_link"],"between":null}],"access_restrictions":[{"access_type":"denied","when":{"during":null,"heading":"backward","using":null,"recognized":null,"mode":null,"vehicle":null},"between":null}],"sources":[{"property":"","dataset":"OpenStreetMap","license":"ODbL-1.0","record_id":"w1086116163@3","update_time":"2026-06-20T00:39:57Z","confidence":null,"between":null,"provider":"osm","resource":"planet","version":"2026-08-05"}],"version":1}},
{"id":"e0823d84-0c98-4ec9-a444-0e7bd43ec44a","type":"Feature","geometry":{"type":"LineString","coordinates":[[127.094729,37.4087417],[127.0945241,37.4088233],[127.0943996,37.4089592]]},"properties":{"subtype":"road","class":"tertiary","subclass":"link","subclass_rules":[{"value":"link","between":null}],"connectors":[{"connector_id":"9b54b7f2-9b8f-4f27-b6b5-9e18f9b1fad0","at":0.0},{"connector_id":"fbbae7af-9218-4b1d-8486-671ab6d00cc4","at":1.0}],"road_flags":[{"values":["is_link"],"between":null}],"access_restrictions":[{"access_type":"denied","when":{"during":null,"heading":"backward","using":null,"recognized":null,"mode":null,"vehicle":null},"between":null}],"sources":[{"property":"","dataset":"OpenStreetMap","license":"ODbL-1.0","record_id":"w1086116164@3","update_time":"2026-06-20T00:39:57Z","confidence":null,"between":null,"provider":"osm","resource":"planet","version":"2026-08-05"}],"version":1}},
{"id":"07d8713f-f534-4dca-96bf-0f67ee84d095","type":"Feature","geometry":{"type":"LineString","coordinates":[[127.0942677,37.4087815],[127.0943565,37.4087748],[127.094588,37.4087297],[127.0947437,37.408693],[127.094838,37.4086621],[127.0950185,37.4085578]]},"properties":{"subtype":"road","class":"motorway","subclass":"link","subclass_rules":[{"value":"link","between":null}],"connectors":[{"connector_id":"b8842039-6583-484d-9ff6-f498cc2c71f7","at":0.0},{"connector_id":"7f8e48ca-ffed-49f0-be41-73f46d9a1c40","at":1.0}],"road_flags":[{"values":["is_link"],"between":null}],"access_restrictions":[{"access_type":"denied","when":{"during":null,"heading":"backward","using":null,"recognized":null,"mode":null,"vehicle":null},"between":null}],"destinations":[{"labels":[{"value":"서울","type":"unknown"},{"value":"양재","type":"unknown"},{"value":"한남대교","type":"unknown"}],"symbols":null,"from_connector_id":"7f8e48ca-ffed-49f0-be41-73f46d9a1c40","to_segment_id":"b7b57aad-6ffa-4a12-a9d7-749f57c930da","to_connector_id":"7f8e48ca-ffed-49f0-be41-73f46d9a1c40","when":{"heading":"forward"},"final_heading":"forward"}],"sources":[{"property":"","dataset":"OpenStreetMap","license":"ODbL-1.0","record_id":"w431736317@6","update_time":"2025-11-24T05:52:23Z","confidence":null,"between":null,"provider":"osm","resource":"planet","version":"2026-08-05"}],"version":2}},
{"id":"b7b57aad-6ffa-4a12-a9d7-749f57c930da","type":"Feature","geometry":{"type":"LineString","coordinates":[[127.0950185,37.4085578],[127.0949594,37.4086276],[127.0949172,37.4086659],[127.0948609,37.4086986],[127.0947385,37.4087395],[127.094729,37.4087417]]},"properties":{"subtype":"road","class":"motorway","subclass":"link","subclass_rules":[{"value":"link","between":null}],"connectors":[{"connector_id":"7f8e48ca-ffed-49f0-be41-73f46d9a1c40","at":0.0},{"connector_id":"9b54b7f2-9b8f-4f27-b6b5-9e18f9b1fad0","at":1.0}],"road_flags":[{"values":["is_link"],"between":null}],"access_restrictions":[{"access_type":"denied","when":{"during":null,"heading":"backward","using":null,"recognized":null,"mode":null,"vehicle":null},"between":null}],"destinations":[{"labels":[{"value":"서울","type":"unknown"},{"value":"양재","type":"unknown"},{"value":"한남대교","type":"unknown"}],"symbols":null,"from_connector_id":"9b54b7f2-9b8f-4f27-b6b5-9e18f9b1fad0","to_segment_id":"9989b997-4124-4523-8a79-4d12801ed8c9","to_connector_id":"9b54b7f2-9b8f-4f27-b6b5-9e18f9b1fad0","when":{"heading":"forward"},"final_heading":"forward"},{"labels":[{"value":"서울","type":"unknown"},{"value":"양재","type":"unknown"},{"value":"한남대교","type":"unknown"}],"symbols":null,"from_connector_id":"9b54b7f2-9b8f-4f27-b6b5-9e18f9b1fad0","to_segment_id":"b7b57aad-6ffa-4a12-a9d7-749f57c930da","to_connector_id":"9b54b7f2-9b8f-4f27-b6b5-9e18f9b1fad0","when":{"heading":"forward"},"final_heading":"forward"}],"sources":[{"property":"","dataset":"OpenStreetMap","license":"ODbL-1.0","record_id":"w431736304@9","update_time":"2025-11-24T05:52:23Z","confidence":null,"between":null,"provider":"osm","resource":"planet","version":"2026-08-05"}],"version":1}},
{"id":"8cade7ec-b2ef-4285-be19-6a6b8f96a81e","type":"Feature","geometry":{"type":"LineString","coordinates":[[127.0943996,37.4089592],[127.0946667,37.4092785],[127.0949373,37.4096962],[127.0948709,37.4100471]]},"properties":{"subtype":"road","class":"tertiary","subclass":"link","subclass_rules":[{"value":"link","between":null}],"connectors":[{"connector_id":"fbbae7af-9218-4b1d-8486-671ab6d00cc4","at":0.0},{"connector_id":"6f73911a-4ced-4fa3-aa91-8b2eaf4c05ed","at":1.0}],"road_flags":[{"values":["is_link"],"between":null}],"access_restrictions":[{"access_type":"denied","when":{"during":null,"heading":"backward","using":null,"recognized":null,"mode":null,"vehicle":null},"between":null}],"sources":[{"property":"","dataset":"OpenStreetMap","license":"ODbL-1.0","record_id":"w1086116164@3","update_time":"2026-06-20T00:39:57Z","confidence":null,"between":null,"provider":"osm","resource":"planet","version":"2026-08-05"}],"version":1}},
{"id":"f4117dd9-baff-44ea-a325-17fb0a8d963c","type":"Feature","geometry":{"type":"LineString","coordinates":[[127.0948709,37.4100471],[127.0946011,37.4096562],[127.0941115,37.4091149]]},"properties":{"subtype":"road","class":"tertiary","subclass":"link","subclass_rules":[{"value":"link","between":null}],"connectors":[{"connector_id":"6f73911a-4ced-4fa3-aa91-8b2eaf4c05ed","at":0.0},{"connector_id":"9022afb2-0ee6-499c-b885-cd639ab7ba9c","at":1.0}],"road_flags":[{"values":["is_link"],"between":null}],"access_restrictions":[{"access_type":"denied","when":{"during":null,"heading":"backward","using":null,"recognized":null,"mode":null,"vehicle":null},"between":null}],"sources":[{"property":"","dataset":"OpenStreetMap","license":"ODbL-1.0","record_id":"w1086116165@3","update_time":"2026-06-20T00:39:57Z","confidence":null,"between":null,"provider":"osm","resource":"planet","version":"2026-08-05"}],"version":1}},
{"id":"34fa5f7a-0b5c-4eb4-bbf6-1882868dc7c7","type":"Feature","geometry":{"type":"LineString","coordinates":[[127.0948509,37.4108037],[127.0948762,37.4102175],[127.0948709,37.4100471]]},"properties":{"names":{"primary":"창업로","common":[["ko","창업로"],["en","Changeop-ro"]],"rules":[{"variant":"common","language":null,"perspectives":null,"value":"창업로","between":null,"side":null}]},"subtype":"road","class":"tertiary","connectors":[{"connector_id":"1d73eaea-4ab5-404c-9a83-0355b40b41d9","at":0.0},{"connector_id":"6f73911a-4ced-4fa3-aa91-8b2eaf4c05ed","at":1.0}],"sources":[{"property":"","dataset":"OpenStreetMap","license":"ODbL-1.0","record_id":"w1010963587@2","update_time":"2022-08-14T04:28:10Z","confidence":null,"between":null,"provider":"osm","resource":"planet","version":"2026-08-05"}],"version":1}},
{"id":"ceb89526-efad-45ba-b983-30e42ddc2ecc","type":"Feature","geometry":{"type":"LineString","coordinates":[[127.0924321,37.4094478],[127.0923192,37.4095432]]},"properties":{"subtype":"road","class":"service","subclass":"alley","subclass_rules":[{"value":"alley","between":null}],"connectors":[{"connector_id":"50176712-0ec7-43df-8348-df4844f4c928","at":0.0},{"connector_id":"495f3d3c-541a-4488-98dc-aa062aeca70c","at":1.0}],"sources":[{"property":"","dataset":"OpenStreetMap","license":"ODbL-1.0","record_id":"w431736276@2","update_time":"2018-07-25T23:49:04Z","confidence":null,"between":null,"provider":"osm","resource":"planet","version":"2026-08-05"}],"version":1}},
{"id":"2aaf5a53-3dc5-4e55-bea4-358a23583351","type":"Feature","geometry":{"type":"LineString","coordinates":[[127.093877,37.4088555],[127.0938083,37.4088538],[127.0937235,37.4088458],[127.0936366,37.4088299],[127.0935709,37.4088145],[127.0935068,37.4087991],[127.0931642,37.4087174],[127.0930664,37.4086995],[127.092902,37.4086604],[127.0927664,37.4086351],[127.0926362,37.4086216],[127.0925377,37.4086212],[127.0924128,37.4086394],[127.0923051,37.4086708],[127.0921776,37.4087284],[127.0920333,37.4088281],[127.091819,37.4089755],[127.0916304,37.4091034],[127.0914746,37.4092392],[127.0912433,37.4094422],[127.0910042,37.4096644],[127.0907277,37.4099214],[127.0897639,37.4107349]]},"properties":{"subtype":"road","class":"motorway","subclass":"link","subclass_rules":[{"value":"link","between":null}],"connectors":[{"connector_id":"a9157f35-14e5-4a08-afb2-490a916f6881","at":0.0},{"connector_id":"2e5593de-df67-4507-9023-9273dc8f5592","at":0.059311507},{"connector_id":"29377b9d-2c48-4a82-8062-c0c6359191e1","at":1.0}],"road_flags":[{"values":["is_link"],"between":[0.0,0.159169139]},{"values":["is_bridge","is_link"],"between":[0.159169139,0.191810953]},{"values":["is_link"],"between":[0.191810953,1.0]}],"access_restrictions":[{"access_type":"denied","when":{"during":null,"heading":"backward","using":null,"recognized":null,"mode":null,"vehicle":null},"between":null}],"destinations":[{"labels":[{"value":"서울","type":"unknown"},{"value":"양재","type":"unknown"},{"value":"한남대교","type":"unknown"}],"symbols":null,"from_connector_id":"29377b9d-2c48-4a82-8062-c0c6359191e1","to_segment_id":"2aaf5a53-3dc5-4e55-bea4-358a23583351","to_connector_id":"29377b9d-2c48-4a82-8062-c0c6359191e1","when":{"heading":"forward"},"final_heading":"forward"},{"labels":[{"value":"서울","type":"unknown"},{"value":"양재","type":"unknown"},{"value":"한남대교","type":"unknown"}],"symbols":null,"from_connector_id":"2e5593de-df67-4507-9023-9273dc8f5592","to_segment_id":"2aaf5a53-3dc5-4e55-bea4-358a23583351","to_connector_id":"2e5593de-df67-4507-9023-9273dc8f5592","when":{"heading":"forward"},"final_heading":"forward"}],"sources":[{"property":"","dataset":"OpenStreetMap","license":"ODbL-1.0","record_id":"w431736304@9","update_time":"2025-11-24T05:52:23Z","confidence":null,"between":[0.0,0.159169139],"provider":"osm","resource":"planet","version":"2026-08-05"},{"property":"","dataset":"OpenStreetMap","license":"ODbL-1.0","record_id":"w431736282@7","update_time":"2024-09-06T14:09:56Z","confidence":null,"between":[0.159169139,0.191810953],"provider":"osm","resource":"planet","version":"2026-08-05"},{"property":"","dataset":"OpenStreetMap","license":"ODbL-1.0","record_id":"w431736307@10","update_time":"2024-09-08T06:20:25Z","confidence":null,"between":[0.191810953,1.0],"provider":"osm","resource":"planet","version":"2026-08-05"}],"version":5}},
{"id":"a65caa1d-2f38-44da-9fa3-6c3252b2b5f5","type":"Feature","geometry":{"type":"LineString","coordinates":[[127.089584,37.4106239],[127.0904554,37.4094921],[127.0904861,37.4094554],[127.0908449,37.4090283],[127.0910797,37.4087246],[127.0911634,37.4086425],[127.0912576,37.4085849],[127.0913374,37.4085561],[127.0914991,37.4085375],[127.0922838,37.4084847],[127.0924727,37.4084832],[127.0926822,37.4085066],[127.0928992,37.408547],[127.0931209,37.4085921],[127.0934772,37.4086848],[127.0935872,37.4087134],[127.0937119,37.4087443],[127.0938107,37.4087673],[127.093924,37.4087859],[127.0942677,37.4087815]]},"properties":{"subtype":"road","class":"motorway","subclass":"link","subclass_rules":[{"value":"link","between":null}],"connectors":[{"connector_id":"4152f0a0-dd05-4fd9-8772-82f1934b7da3","at":0.0},{"connector_id":"b8842039-6583-484d-9ff6-f498cc2c71f7","at":1.0}],"road_flags":[{"values":["is_link"],"between":[0.0,0.769904189]},{"values":["is_bridge","is_link"],"between":[0.769904189,0.807190269]},{"values":["is_link"],"between":[0.807190269,1.0]}],"access_restrictions":[{"access_type":"denied","when":{"during":null,"heading":null,"using":null,"recognized":null,"mode":null,"vehicle":[{"dimension":"height","comparison":"greater_than","value":3.0,"unit":"m"}]},"between":[0.0,0.769904189]},{"access_type":"denied","when":{"during":null,"heading":"backward","using":null,"recognized":null,"mode":null,"vehicle":null},"between":null}],"speed_limits":[{"min_speed":null,"max_speed":{"value":30,"unit":"km/h"},"is_max_speed_variable":null,"when":null,"between":[0.0,0.769904189]}],"destinations":[{"labels":[{"value":"대왕판교","type":"unknown"},{"value":"성남","type":"unknown"}],"symbols":null,"from_connector_id":"b8842039-6583-484d-9ff6-f498cc2c71f7","to_segment_id":"a65caa1d-2f38-44da-9fa3-6c3252b2b5f5","to_connector_id":"b8842039-6583-484d-9ff6-f498cc2c71f7","when":{"heading":"forward"},"final_heading":"forward"}],"sources":[{"property":"","dataset":"OpenStreetMap","license":"ODbL-1.0","record_id":"w431736320@10","update_time":"2025-11-24T05:52:23Z","confidence":null,"between":[0.0,0.769904189],"provider":"osm","resource":"planet","version":"2026-08-05"},{"property":"","dataset":"OpenStreetMap","license":"ODbL-1.0","record_id":"w431736288@5","update_time":"2025-11-24T05:52:23Z","confidence":null,"between":[0.769904189,0.807190269],"provider":"osm","resource":"planet","version":"2026-08-05"},{"property":"","dataset":"OpenStreetMap","license":"ODbL-1.0","record_id":"w431736317@6","update_time":"2025-11-24T05:52:23Z","confidence":null,"between":[0.807190269,1.0],"provider":"osm","resource":"planet","version":"2026-08-05"}],"version":3}},
{"id":"618c5e05-a54a-45af-9482-62c081a63ca4","type":"Feature","geometry":{"type":"LineString","coordinates":[[127.0929222,37.4087579],[127.0928571,37.4087214],[127.0927758,37.4087099],[127.0926657,37.4087041],[127.092559,37.4087006],[127.092464,37.408713],[127.0922828,37.4087682],[127.0921313,37.4088573],[127.091982,37.4089744],[127.0918434,37.4090918],[127.0917392,37.4091909],[127.0915883,37.4092934],[127.0914142,37.40942],[127.0912287,37.4095526],[127.0911595,37.4096062],[127.0911016,37.4096384],[127.0910016,37.4097202],[127.0909726,37.4097616],[127.0909954,37.4097944],[127.0910301,37.4098209],[127.0910954,37.4098359],[127.0913144,37.4098841],[127.0913594,37.4099083],[127.0913434,37.4099659],[127.0913449,37.4100361],[127.0913826,37.4101029],[127.0914072,37.4101352]]},"properties":{"subtype":"road","class":"track","connectors":[{"connector_id":"6b84c196-52d2-4112-a9fc-7ff158a9a9f2","at":0.0},{"connector_id":"69fbf5b5-9f13-4d38-93a7-209a64b5b97c","at":1.0}],"sources":[{"property":"","dataset":"OpenStreetMap","license":"ODbL-1.0","record_id":"w431736262@1","update_time":"2016-07-18T18:05:39Z","confidence":null,"between":null,"provider":"osm","resource":"planet","version":"2026-08-05"}],"version":1}},
{"id":"cc5ab692-550e-4314-941f-f0dac5413781","type":"Feature","geometry":{"type":"LineString","coordinates":[[127.0940057,37.4066123],[127.0933367,37.4071994],[127.0923269,37.4082063],[127.0919967,37.408525],[127.0897639,37.4107349]]},"properties":{"names":{"primary":"경부고속도로","common":[["zh-Hant","京釜高速公路"],["ko","경부고속도로"],["el","Αυτοκινητόδρομος Γκιόνγκμπου"],["ko-Latn","Gyeongbugosokdoro"],["ko-Hani","京釜高速道路"],["zh","京釜高速公路"]],"rules":[{"variant":"common","language":null,"perspectives":null,"value":"경부고속도로","between":null,"side":null},{"variant":"common","language":"en","perspectives":null,"value":"Gyeongbu Expressway North","between":[0.0,0.148733561],"side":null},{"variant":"common","language":"en","perspectives":null,"value":"Gyeongbu Expressway","between":[0.148733561,0.39044671],"side":null},{"variant":"common","language":"en","perspectives":null,"value":"Gyeongbu Expressway North","between":[0.39044671,0.467955035],"side":null},{"variant":"common","language":"en","perspectives":null,"value":"Gyeongbu Expressway","between":[0.467955035,1.0],"side":null}]},"subtype":"road","class":"motorway","connectors":[{"connector_id":"ba72bae8-3b36-41d0-9455-0dcf5f771971","at":0.0},{"connector_id":"29377b9d-2c48-4a82-8062-c0c6359191e1","at":1.0}],"road_surface":[{"value":"paved","between":[0.467955035,1.0]}],"road_flags":[{"values":["is_bridge"],"between":[0.0,0.148733561]},{"values":["is_bridge"],"between":[0.39044671,0.467955035]}],"width_rules":[{"value":16.0,"between":[0.467955035,1.0]}],"level_rules":[{"value":1,"between":[0.0,0.148733561]},{"value":1,"between":[0.39044671,0.467955035]}],"access_restrictions":[{"access_type":"denied","when":{"during":null,"heading":"backward","using":null,"recognized":null,"mode":null,"vehicle":null},"between":null}],"speed_limits":[{"min_speed":{"value":50,"unit":"km/h"},"max_speed":{"value":110,"unit":"km/h"},"is_max_speed_variable":null,"when":null,"between":null}],"routes":[{"name":"고속국도 경부선","network":"KR:expressway","ref":"1","symbol":null,"wikidata":"Q491254","between":null},{"name":"아시안 하이웨이 1호선","network":"AsianHighway","ref":"AH1","symbol":null,"wikidata":"Q494205","between":null}],"destinations":[{"labels":[{"value":"서울","type":"unknown"},{"value":"양재","type":"unknown"},{"value":"한남대교","type":"unknown"}],"symbols":null,"from_connector_id":"29377b9d-2c48-4a82-8062-c0c6359191e1","to_segment_id":"2aaf5a53-3dc5-4e55-bea4-358a23583351","to_connector_id":"29377b9d-2c48-4a82-8062-c0c6359191e1","when":{"heading":"forward"},"final_heading":"forward"}],"sources":[{"property":"/routes","dataset":"OpenStreetMap","license":"ODbL-1.0","record_id":"r3836355@504","update_time":null,"confidence":null,"between":null,"provider":"osm","resource":"planet","version":"2026-08-05"},{"property":"/routes","dataset":"OpenStreetMap","license":"ODbL-1.0","record_id":"r6818097@186","update_time":null,"confidence":null,"between":null,"provider":"osm","resource":"planet","version":"2026-08-05"},{"property":"","dataset":"OpenStreetMap","license":"ODbL-1.0","record_id":"w59242882@16","update_time":"2025-12-27T07:25:19Z","confidence":null,"between":[0.0,0.148733561],"provider":"osm","resource":"planet","version":"2026-08-05"},{"property":"","dataset":"OpenStreetMap","license":"ODbL-1.0","record_id":"w59242875@16","update_time":"2025-12-27T07:25:19Z","confidence":null,"between":[0.148733561,0.39044671],"provider":"osm","resource":"planet","version":"2026-08-05"},{"property":"","dataset":"OpenStreetMap","license":"ODbL-1.0","record_id":"w154281460@15","update_time":"2025-12-27T07:25:25Z","confidence":null,"between":[0.39044671,0.467955035],"provider":"osm","resource":"planet","version":"2026-08-05"},{"property":"","dataset":"OpenStreetMap","license":"ODbL-1.0","record_id":"w402926379@20","update_time":"2025-12-27T07:25:36Z","confidence":null,"between":[0.467955035,1.0],"provider":"osm","resource":"planet","version":"2026-08-05"}],"version":6}},
{"id":"6dd79fd7-3381-443c-8380-d9b8000f19ff","type":"Feature","geometry":{"type":"LineString","coordinates":[[127.0899191,37.4080066],[127.0902913,37.4079726],[127.0904684,37.4079385],[127.0906615,37.4078405],[127.090817,37.4077254],[127.0909082,37.4076189],[127.0909565,37.4074953],[127.0909833,37.4073803],[127.0909833,37.407261],[127.0909458,37.4071629],[127.0908546,37.4070479],[127.0906937,37.4069158],[127.0904254,37.4067752],[127.0899194,37.4065275]]},"properties":{"subtype":"road","class":"residential","connectors":[{"connector_id":"38243f2b-d28a-4ab3-9075-0653764e4a68","at":0.0},{"connector_id":"a3eed3cd-a5c0-4e7d-b6cf-abd815166d96","at":1.0}],"sources":[{"property":"","dataset":"OpenStreetMap","license":"ODbL-1.0","record_id":"w1010963590@3","update_time":"2026-06-20T00:16:43Z","confidence":null,"between":null,"provider":"osm","resource":"planet","version":"2026-08-05"}],"version":1}},
{"id":"1b24d2e9-71a4-4b4a-a9a3-92b514bd2a40","type":"Feature","geometry":{"type":"LineString","coordinates":[[127.0899194,37.4065275],[127.0902823,37.4059914]]},"properties":{"subtype":"road","class":"residential","connectors":[{"connector_id":"a3eed3cd-a5c0-4e7d-b6cf-abd815166d96","at":0.0},{"connector_id":"d7acf797-ea8e-4db5-8a6e-b09d3531e423","at":1.0}],"sources":[{"property":"","dataset":"OpenStreetMap","license":"ODbL-1.0","record_id":"w1208640688@2","update_time":"2026-06-20T00:16:43Z","confidence":null,"between":null,"provider":"osm","resource":"planet","version":"2026-08-05"}],"version":2}},
{"id":"2ba0005e-cd34-4f72-b407-60cecc4dd94f","type":"Feature","geometry":{"type":"LineString","coordinates":[[127.0894914,37.4070389],[127.0896226,37.4069054],[127.0896842,37.4068344],[127.0899194,37.4065275]]},"properties":{"subtype":"road","class":"residential","connectors":[{"connector_id":"c360b193-5fb8-40d6-bfc5-b1329c4e42b9","at":0.0},{"connector_id":"a3eed3cd-a5c0-4e7d-b6cf-abd815166d96","at":1.0}],"sources":[{"property":"","dataset":"OpenStreetMap","license":"ODbL-1.0","record_id":"w1208640688@2","update_time":"2026-06-20T00:16:43Z","confidence":null,"between":null,"provider":"osm","resource":"planet","version":"2026-08-05"}],"version":1}},
{"id":"a277c337-26eb-4684-a3c0-c08c37486b45","type":"Feature","geometry":{"type":"LineString","coordinates":[[127.0889901,37.4075277],[127.0893884,37.4071501],[127.0894285,37.4071085],[127.0894914,37.4070389]]},"properties":{"subtype":"road","class":"residential","connectors":[{"connector_id":"d57ea1d8-f55c-491b-9374-d616b8c8ca2c","at":0.0},{"connector_id":"c360b193-5fb8-40d6-bfc5-b1329c4e42b9","at":1.0}],"sources":[{"property":"","dataset":"OpenStreetMap","license":"ODbL-1.0","record_id":"w1010963592@3","update_time":"2024-02-19T02:29:50Z","confidence":null,"between":null,"provider":"osm","resource":"planet","version":"2026-08-05"}],"version":1}},
{"id":"2bd09de4-fa54-470b-9634-732af695b680","type":"Feature","geometry":{"type":"LineString","coordinates":[[127.0899191,37.4080066],[127.0899215,37.4079074],[127.0899054,37.4077412],[127.089841,37.4075153],[127.0897445,37.4073279],[127.0896291,37.4071808],[127.0895245,37.4070637],[127.0894914,37.4070389]]},"properties":{"subtype":"road","class":"residential","connectors":[{"connector_id":"38243f2b-d28a-4ab3-9075-0653764e4a68","at":0.0},{"connector_id":"c360b193-5fb8-40d6-bfc5-b1329c4e42b9","at":1.0}],"sources":[{"property":"","dataset":"OpenStreetMap","license":"ODbL-1.0","record_id":"w1010963589@4","update_time":"2026-06-20T00:16:43Z","confidence":null,"between":null,"provider":"osm","resource":"planet","version":"2026-08-05"}],"version":2}},
{"id":"dded0ab5-003a-4933-a0c6-2caa34b53574","type":"Feature","geometry":{"type":"LineString","coordinates":[[127.0893638,37.4080269],[127.0899191,37.4080066]]},"properties":{"subtype":"road","class":"residential","connectors":[{"connector_id":"5eb3ee46-25b0-4db7-8b32-60f318d00a04","at":0.0},{"connector_id":"38243f2b-d28a-4ab3-9075-0653764e4a68","at":1.0}],"sources":[{"property":"","dataset":"OpenStreetMap","license":"ODbL-1.0","record_id":"w1010963590@3","update_time":"2026-06-20T00:16:43Z","confidence":null,"between":null,"provider":"osm","resource":"planet","version":"2026-08-05"}],"version":1}},
{"id":"0d66bf94-d7a7-4e81-9f6a-d18e9d9dc378","type":"Feature","geometry":{"type":"LineString","coordinates":[[127.0899605,37.4085897],[127.0899191,37.4080066]]},"properties":{"subtype":"road","class":"residential","connectors":[{"connector_id":"0ac0698f-73c1-41f0-8041-174473b9be6c","at":0.0},{"connector_id":"38243f2b-d28a-4ab3-9075-0653764e4a68","at":1.0}],"sources":[{"property":"","dataset":"OpenStreetMap","license":"ODbL-1.0","record_id":"w1010963589@4","update_time":"2026-06-20T00:16:43Z","confidence":null,"between":null,"provider":"osm","resource":"planet","version":"2026-08-05"}],"version":1}},
{"id":"45b8af65-1ab4-46f4-b0c0-685511e3b272","type":"Feature","geometry":{"type":"LineString","coordinates":[[127.0893638,37.4080269],[127.0893231,37.4078944],[127.0892573,37.407802]]},"properties":{"names":{"primary":"금토로","common":[["ko","금토로"],["en","Geumto-ro"]],"rules":[{"variant":"common","language":null,"perspectives":null,"value":"금토로","between":null,"side":null}]},"subtype":"road","class":"residential","connectors":[{"connector_id":"5eb3ee46-25b0-4db7-8b32-60f318d00a04","at":0.0},{"connector_id":"51685fd7-0072-4b09-8f61-711abec7cd11","at":1.0}],"sources":[{"property":"","dataset":"OpenStreetMap","license":"ODbL-1.0","record_id":"w431740251@8","update_time":"2026-05-06T12:12:03Z","confidence":null,"between":null,"provider":"osm","resource":"planet","version":"2026-08-05"}],"version":1}},
{"id":"9646b90b-b85e-451f-bcab-296d3bc8ec44","type":"Feature","geometry":{"type":"LineString","coordinates":[[127.0892129,37.408434],[127.0892768,37.4083489],[127.0893176,37.4082684],[127.0893592,37.408172],[127.0893796,37.4080783],[127.0893638,37.4080269]]},"properties":{"names":{"primary":"금토로","common":[["ko","금토로"],["en","Geumto-ro"]],"rules":[{"variant":"common","language":null,"perspectives":null,"value":"금토로","between":null,"side":null}]},"subtype":"road","class":"residential","connectors":[{"connector_id":"8ebb4645-6581-4345-9580-8821d232902c","at":0.0},{"connector_id":"5eb3ee46-25b0-4db7-8b32-60f318d00a04","at":1.0}],"sources":[{"property":"","dataset":"OpenStreetMap","license":"ODbL-1.0","record_id":"w431740251@8","update_time":"2026-05-06T12:12:03Z","confidence":null,"between":null,"provider":"osm","resource":"planet","version":"2026-08-05"}],"version":1}},
{"id":"e811ed59-92ce-4a4e-8729-deccaf9148d9","type":"Feature","geometry":{"type":"LineString","coordinates":[[127.0894644,37.408709],[127.0894563,37.4086587],[127.0894275,37.408593],[127.0893471,37.4085198],[127.0892129,37.408434]]},"properties":{"names":{"primary":"금토로","common":[["ko","금토로"],["en","Geumto-ro"]],"rules":[{"variant":"common","language":null,"perspectives":null,"value":"금토로","between":null,"side":null}]},"subtype":"road","class":"residential","connectors":[{"connector_id":"6374b56c-f37e-4f90-b335-691527b4df36","at":0.0},{"connector_id":"8ebb4645-6581-4345-9580-8821d232902c","at":1.0}],"sources":[{"property":"","dataset":"OpenStreetMap","license":"ODbL-1.0","record_id":"w431740251@8","update_time":"2026-05-06T12:12:03Z","confidence":null,"between":null,"provider":"osm","resource":"planet","version":"2026-08-05"}],"version":1}},
{"id":"56fa88fe-0111-4391-8e3c-16b526b258d0","type":"Feature","geometry":{"type":"LineString","coordinates":[[127.0899605,37.4085897],[127.0894644,37.408709]]},"properties":{"names":{"primary":"달래내로","common":[["ko","달래내로"],["en","Dallaenae-ro"]],"rules":[{"variant":"common","language":null,"perspectives":null,"value":"달래내로","between":null,"side":null}]},"subtype":"road","class":"tertiary","connectors":[{"connector_id":"0ac0698f-73c1-41f0-8041-174473b9be6c","at":0.0},{"connector_id":"6374b56c-f37e-4f90-b335-691527b4df36","at":1.0}],"sources":[{"property":"","dataset":"OpenStreetMap","license":"ODbL-1.0","record_id":"w1462793888@3","update_time":"2026-06-20T00:16:43Z","confidence":null,"between":null,"provider":"osm","resource":"planet","version":"2026-08-05"}],"version":1}},
{"id":"45d21efc-0798-472f-befb-8ff9194d431b","type":"Feature","geometry":{"type":"LineString","coordinates":[[127.0894644,37.408709],[127.0891998,37.4087929],[127.0891324,37.4088993],[127.0889427,37.4091987],[127.0888947,37.4093811],[127.088734,37.4098871],[127.0885766,37.4103852],[127.088409,37.4109192],[127.0881249,37.4112847],[127.0876691,37.4117325],[127.0874518,37.4119926],[127.0869018,37.4124124],[127.0862777,37.4128217],[127.0853394,37.4131832],[127.0849672,37.4132796]]},"properties":{"names":{"primary":"달래내로","common":[["ko","달래내로"],["en","Dallaenae-ro"]],"rules":[{"variant":"common","language":null,"perspectives":null,"value":"달래내로","between":null,"side":null}]},"subtype":"road","class":"tertiary","connectors":[{"connector_id":"6374b56c-f37e-4f90-b335-691527b4df36","at":0.0},{"connector_id":"d9bf940a-d8eb-4bf7-b931-8390e895ce09","at":0.056145299},{"connector_id":"8157aca5-1516-430d-aa61-53dc20ca4395","at":1.0}],"destinations":[{"labels":[{"value":"금토","type":"unknown"},{"value":"판교","type":"unknown"}],"symbols":null,"from_connector_id":"8157aca5-1516-430d-aa61-53dc20ca4395","to_segment_id":"727edf86-72a4-4ec9-a1c9-60c6de5f57a2","to_connector_id":"8157aca5-1516-430d-aa61-53dc20ca4395","when":{"heading":"forward"},"final_heading":"forward"},{"labels":[{"value":"금토","type":"unknown"},{"value":"판교","type":"unknown"}],"symbols":null,"from_connector_id":"8157aca5-1516-430d-aa61-53dc20ca4395","to_segment_id":"727edf86-72a4-4ec9-a1c9-60c6de5f57a2","to_connector_id":"8157aca5-1516-430d-aa61-53dc20ca4395","when":{"heading":"backward"},"final_heading":"forward"}],"sources":[{"property":"","dataset":"OpenStreetMap","license":"ODbL-1.0","record_id":"w1462793888@3","update_time":"2026-06-20T00:16:43Z","confidence":null,"between":null,"provider":"osm","resource":"planet","version":"2026-08-05"}],"version":2}},
{"id":"0e3afd4d-3332-49e6-8c45-aea94a140d13","type":"Feature","geometry":{"type":"LineString","coordinates":[[127.0882716,37.4083055],[127.0869909,37.4096941]]},"properties":{"subtype":"road","class":"unknown","connectors":[{"connector_id":"bbd69dd0-c5cd-4cdb-9f62-25547b057b24","at":0.0},{"connector_id":"53361faf-ead4-42b4-a513-aaba3dbb37a8","at":1.0}],"sources":[{"property":"","dataset":"OpenStreetMap","license":"ODbL-1.0","record_id":"w1530938837@1","update_time":"2026-06-20T00:16:43Z","confidence":null,"between":null,"provider":"osm","resource":"planet","version":"2026-08-05"}],"version":1}},
{"id":"2d6fcd4d-e97c-45fb-80dc-472426b74dc0","type":"Feature","geometry":{"type":"LineString","coordinates":[[127.0889901,37.4075277],[127.0889285,37.4074809],[127.0887386,37.4073864],[127.0885464,37.4072562],[127.0883987,37.4071399],[127.088255,37.4070667],[127.0881245,37.4070322],[127.0879855,37.4070154],[127.0877569,37.4070229],[127.0876025,37.407045],[127.0875115,37.407058],[127.0872145,37.4071491],[127.0869923,37.4071952],[127.0867878,37.4072144],[127.0864653,37.4072233],[127.086185,37.4072202],[127.0857964,37.4071618]]},"properties":{"names":{"primary":"금토로","common":[["ko","금토로"],["en","Geumto-ro"]],"rules":[{"variant":"common","language":null,"perspectives":null,"value":"금토로","between":null,"side":null}]},"subtype":"road","class":"residential","connectors":[{"connector_id":"d57ea1d8-f55c-491b-9374-d616b8c8ca2c","at":0.0},{"connector_id":"c45f9208-bd95-4734-94f5-c2c0e739c66f","at":1.0}],"sources":[{"property":"","dataset":"OpenStreetMap","license":"ODbL-1.0","record_id":"w431740251@8","update_time":"2026-05-06T12:12:03Z","confidence":null,"between":null,"provider":"osm","resource":"planet","version":"2026-08-05"}],"version":2}},
{"id":"844fe523-de61-451f-8547-8ce9cc3460d4","type":"Feature","geometry":{"type":"LineString","coordinates":[[127.0894914,37.4070389],[127.0893368,37.406923],[127.089208,37.4068378],[127.0890149,37.4067441],[127.088677,37.406629],[127.0884248,37.4065523],[127.088103,37.4064671],[127.0877918,37.406416],[127.0871749,37.4063606],[127.0858988,37.4062959]]},"properties":{"subtype":"road","class":"residential","connectors":[{"connector_id":"c360b193-5fb8-40d6-bfc5-b1329c4e42b9","at":0.0},{"connector_id":"29ee6ef2-072c-49f7-8b8b-87df6ff80cc2","at":0.500016448},{"connector_id":"f78a812b-2d2e-47eb-9c91-be47a40731e3","at":1.0}],"sources":[{"property":"","dataset":"OpenStreetMap","license":"ODbL-1.0","record_id":"w1010963589@4","update_time":"2026-06-20T00:16:43Z","confidence":null,"between":null,"provider":"osm","resource":"planet","version":"2026-08-05"}],"version":3}},
{"id":"0d41acaf-a336-430d-92be-2ee0bc40a72e","type":"Feature","geometry":{"type":"LineString","coordinates":[[127.0881205,37.4053379],[127.0879363,37.4059122],[127.0877918,37.406416]]},"properties":{"subtype":"road","class":"pedestrian","connectors":[{"connector_id":"4c6e984e-415e-492c-8bb1-e025dfc47465","at":0.0},{"connector_id":"c0d84028-d8bf-4a61-bfe2-83bdc26fb396","at":0.534237615},{"connector_id":"29ee6ef2-072c-49f7-8b8b-87df6ff80cc2","at":1.0}],"sources":[{"property":"","dataset":"OpenStreetMap","license":"ODbL-1.0","record_id":"w1530938835@1","update_time":"2026-06-20T00:16:43Z","confidence":null,"between":null,"provider":"osm","resource":"planet","version":"2026-08-05"}],"version":1}},
{"id":"0e5ec389-f76e-43ad-bea5-4282559be4e7","type":"Feature","geometry":{"type":"LineString","coordinates":[[127.0899194,37.4065275],[127.0890772,37.4062569],[127.0880231,37.4059352],[127.0879363,37.4059122],[127.0878139,37.4058798],[127.0859701,37.4056335]]},"properties":{"subtype":"road","class":"pedestrian","connectors":[{"connector_id":"a3eed3cd-a5c0-4e7d-b6cf-abd815166d96","at":0.0},{"connector_id":"c0d84028-d8bf-4a61-bfe2-83bdc26fb396","at":0.515699948},{"connector_id":"d6b322d8-f0ef-495e-b5b7-e53583e176dc","at":1.0}],"sources":[{"property":"","dataset":"OpenStreetMap","license":"ODbL-1.0","record_id":"w1530938833@1","update_time":"2026-06-20T00:16:43Z","confidence":null,"between":null,"provider":"osm","resource":"planet","version":"2026-08-05"}],"version":1}},
{"id":"b01a1824-d777-4fc5-a169-fed58b0adb3a","type":"Feature","geometry":{"type":"LineString","coordinates":[[127.0891324,37.4088993],[127.0885155,37.4084379],[127.0882716,37.4083055],[127.0883732,37.407918],[127.0889901,37.4075277]]},"properties":{"subtype":"road","class":"unknown","connectors":[{"connector_id":"d9bf940a-d8eb-4bf7-b931-8390e895ce09","at":0.0},{"connector_id":"bbd69dd0-c5cd-4cdb-9f62-25547b057b24","at":0.470508453},{"connector_id":"d57ea1d8-f55c-491b-9374-d616b8c8ca2c","at":1.0}],"sources":[{"property":"","dataset":"OpenStreetMap","license":"ODbL-1.0","record_id":"w1530938836@1","update_time":"2026-06-20T00:16:43Z","confidence":null,"between":null,"provider":"osm","resource":"planet","version":"2026-08-05"}],"version":1}},
{"id":"56ab2907-de7b-4c2c-bd06-b784fb12ad29","type":"Feature","geometry":{"type":"LineString","coordinates":[[127.0892129,37.408434],[127.0887104,37.4081667],[127.0888077,37.4080655],[127.0889068,37.4079938],[127.0890059,37.4079348],[127.0891492,37.4078589],[127.0892573,37.407802]]},"properties":{"subtype":"road","class":"living_street","connectors":[{"connector_id":"8ebb4645-6581-4345-9580-8821d232902c","at":0.0},{"connector_id":"51685fd7-0072-4b09-8f61-711abec7cd11","at":1.0}],"sources":[{"property":"","dataset":"OpenStreetMap","license":"ODbL-1.0","record_id":"w1390075020@2","update_time":"2025-12-30T10:09:26Z","confidence":null,"between":null,"provider":"osm","resource":"planet","version":"2026-08-05"}],"version":1}},
{"id":"563e72ef-416c-4d53-976e-cfe090dd4f7f","type":"Feature","geometry":{"type":"LineString","coordinates":[[127.0892573,37.407802],[127.0892312,37.4077653],[127.0890637,37.4075836],[127.0889901,37.4075277]]},"properties":{"names":{"primary":"금토로","common":[["ko","금토로"],["en","Geumto-ro"]],"rules":[{"variant":"common","language":null,"perspectives":null,"value":"금토로","between":null,"side":null}]},"subtype":"road","class":"residential","connectors":[{"connector_id":"51685fd7-0072-4b09-8f61-711abec7cd11","at":0.0},{"connector_id":"d57ea1d8-f55c-491b-9374-d616b8c8ca2c","at":1.0}],"sources":[{"property":"","dataset":"OpenStreetMap","license":"ODbL-1.0","record_id":"w431740251@8","update_time":"2026-05-06T12:12:03Z","confidence":null,"between":null,"provider":"osm","resource":"planet","version":"2026-08-05"}],"version":1}},
{"id":"814bbe27-1c83-4833-b8a6-847a0c85af2c","type":"Feature","geometry":{"type":"LineString","coordinates":[[127.0902823,37.4059914],[127.0899946,37.4058733],[127.089131,37.4055878],[127.0886938,37.4054557],[127.0881205,37.4053379],[127.0875265,37.4052104],[127.085974,37.4049937]]},"properties":{"subtype":"road","class":"tertiary","connectors":[{"connector_id":"d7acf797-ea8e-4db5-8a6e-b09d3531e423","at":0.0},{"connector_id":"4c6e984e-415e-492c-8bb1-e025dfc47465","at":0.514046273},{"connector_id":"2563a8b1-e48a-4b1d-86d1-846facaecfc1","at":1.0}],"sources":[{"property":"","dataset":"OpenStreetMap","license":"ODbL-1.0","record_id":"w1208640690@1","update_time":"2026-06-20T00:16:43Z","confidence":null,"between":null,"provider":"osm","resource":"planet","version":"2026-08-05"}],"version":2}},
{"id":"2b9014b6-b5f5-4845-b54a-3645eb60958c","type":"Feature","geometry":{"type":"LineString","coordinates":[[127.1034263,37.4101731],[127.1032716,37.4100138],[127.1031479,37.4098849],[127.1030201,37.4097625],[127.102859,37.4096205],[127.102638,37.4094392],[127.1022963,37.4091659],[127.1019899,37.4089539],[127.1017735,37.4088102],[127.1015606,37.4086792],[127.1013156,37.4085558],[127.1011612,37.4084773],[127.1009821,37.4083926],[127.100767,37.4083029],[127.100429,37.4081818],[127.0910799,37.4051274],[127.0901047,37.4047834],[127.0891392,37.4044302],[127.0883013,37.4041018],[127.0881086,37.4040059],[127.0853151,37.4025423],[127.0850645,37.4024114],[127.0824911,37.4014213],[127.0819278,37.4012152],[127.0808001,37.4009336],[127.079798,37.4007534],[127.0789256,37.4006277],[127.0783277,37.4005608],[127.0758276,37.4003549]]},"properties":{"names":{"primary":"제2경인고속도로","common":[["zh-Hant","第二京仁高速公路"],["ko","제2경인고속도로"],["el","Αυτοκινητόδρομος Τζε 2(ι) Γκιόνγιν"],["en","Je2gyeongin Expressway"],["ko-Hani","第二京仁高速道路"],["zh","第二京仁高速公路"]],"rules":[{"variant":"common","language":null,"perspectives":null,"value":"제2경인고속도로","between":null,"side":null},{"variant":"alternate","language":null,"perspectives":null,"value":"안양성남고속도로","between":null,"side":null},{"variant":"alternate","language":"en","perspectives":null,"value":"Anyang-Seongnam Expressway","between":null,"side":null},{"variant":"alternate","language":"ko","perspectives":null,"value":"안양성남고속도로","between":null,"side":null}]},"subtype":"road","class":"motorway","connectors":[{"connector_id":"76cde058-8b1d-4e64-9aee-c39ab803a1b0","at":0.0},{"connector_id":"431936a9-0b18-4ba8-8371-4ceea7d75239","at":1.0}],"road_surface":[{"value":"paved","between":null}],"road_flags":[{"values":["is_bridge"],"between":[0.095936035,0.458081584]}],"level_rules":[{"value":1,"between":[0.0,0.095936035]},{"value":4,"between":[0.095936035,0.458081584]}],"access_restrictions":[{"access_type":"denied","when":{"during":null,"heading":"backward","using":null,"recognized":null,"mode":null,"vehicle":null},"between":null}],"speed_limits":[{"min_speed":{"value":30,"unit":"km/h"},"max_speed":{"value":100,"unit":"km/h"},"is_max_speed_variable":null,"when":null,"between":null},{"min_speed":null,"max_speed":{"value":80,"unit":"km/h"},"is_max_speed_variable":null,"when":{"during":null,"heading":null,"using":null,"recognized":null,"mode":["hgv"],"vehicle":null},"between":null}],"routes":[{"name":"고속국도 제2경인선","network":"KR:expressway","ref":"110","symbol":null,"wikidata":"Q482896","between":null}],"sources":[{"property":"/routes","dataset":"OpenStreetMap","license":"ODbL-1.0","record_id":"r6955530@54","update_time":null,"confidence":null,"between":null,"provider":"osm","resource":"planet","version":"2026-08-05"},{"property":"","dataset":"OpenStreetMap","license":"ODbL-1.0","record_id":"w547574288@15","update_time":"2025-12-20T08:16:39Z","confidence":null,"between":[0.0,0.095936035],"provider":"osm","resource":"planet","version":"2026-08-05"},{"property":"","dataset":"OpenStreetMap","license":"ODbL-1.0","record_id":"w511731785@20","update_time":"2026-03-04T07:21:16Z","confidence":null,"between":[0.095936035,0.458081584],"provider":"osm","resource":"planet","version":"2026-08-05"},{"property":"","dataset":"OpenStreetMap","license":"ODbL-1.0","record_id":"w511731787@22","update_time":"2026-07-01T09:51:13Z","confidence":null,"between":[0.458081584,1.0],"provider":"osm","resource":"planet","version":"2026-08-05"}],"version":5}},
{"id":"2161e689-b385-4d90-ae42-a0268b910b0a","type":"Feature","geometry":{"type":"LineString","coordinates":[[127.0787298,37.4004339],[127.0797578,37.4005907],[127.0807949,37.4007837],[127.081769,37.4010624],[127.0825891,37.4013126],[127.0851939,37.4023045],[127.087221,37.4033785],[127.0881987,37.4038982],[127.0884408,37.4040282],[127.0892603,37.4043702],[127.0908572,37.4049129],[127.1005891,37.408131],[127.1009935,37.4082901],[127.1013471,37.4084514],[127.1016528,37.4086159],[127.1020007,37.4088419],[127.102539,37.4091842],[127.1031418,37.4096789],[127.1032858,37.4098158],[127.1034164,37.4099648]]},"properties":{"names":{"primary":"제2경인고속도로","common":[["zh-Hant","第二京仁高速公路"],["ko","제2경인고속도로"],["el","Αυτοκινητόδρομος Τζε 2(ι) Γκιόνγιν"],["en","Je2gyeongin Expressway"],["ko-Hani","第二京仁高速道路"],["zh","第二京仁高速公路"]],"rules":[{"variant":"common","language":null,"perspectives":null,"value":"제2경인고속도로","between":null,"side":null},{"variant":"alternate","language":null,"perspectives":null,"value":"안양성남고속도로","between":null,"side":null},{"variant":"alternate","language":"en","perspectives":null,"value":"Anyang-Seongnam Expressway","between":null,"side":null},{"variant":"alternate","language":"ko","perspectives":null,"value":"안양성남고속도로","between":null,"side":null}]},"subtype":"road","class":"motorway","connectors":[{"connector_id":"9535cb01-74a9-4985-8f7b-bc9bc328a3f6","at":0.0},{"connector_id":"bed230b2-aee4-4095-ad64-21042f25f5c9","at":1.0}],"road_surface":[{"value":"paved","between":[0.898060202,1.0]}],"road_flags":[{"values":["is_bridge"],"between":[0.486574547,0.898060202]}],"level_rules":[{"value":4,"between":[0.486574547,0.898060202]},{"value":1,"between":[0.898060202,1.0]}],"access_restrictions":[{"access_type":"denied","when":{"during":null,"heading":"backward","using":null,"recognized":null,"mode":null,"vehicle":null},"between":null}],"speed_limits":[{"min_speed":{"value":30,"unit":"km/h"},"max_speed":{"value":50,"unit":"km/h"},"is_max_speed_variable":null,"when":null,"between":[0.0,0.486574547]},{"min_speed":{"value":50,"unit":"km/h"},"max_speed":{"value":100,"unit":"km/h"},"is_max_speed_variable":null,"when":null,"between":[0.486574547,1.0]},{"min_speed":null,"max_speed":{"value":80,"unit":"km/h"},"is_max_speed_variable":null,"when":{"during":null,"heading":null,"using":null,"recognized":null,"mode":["hgv"],"vehicle":null},"between":[0.0,0.486574547]}],"routes":[{"name":"고속국도 제2경인선","network":"KR:expressway","ref":"110","symbol":null,"wikidata":"Q482896","between":null}],"destinations":[{"labels":[{"value":"분당","type":"unknown"},{"value":"죽전","type":"unknown"},{"value":"판교","type":"unknown"}],"symbols":null,"from_connector_id":"bed230b2-aee4-4095-ad64-21042f25f5c9","to_segment_id":"4a251a2c-89a4-49cd-8e5d-810c4bac09ec","to_connector_id":"bed230b2-aee4-4095-ad64-21042f25f5c9","when":{"heading":"forward"},"final_heading":"forward"}],"sources":[{"property":"/routes","dataset":"OpenStreetMap","license":"ODbL-1.0","record_id":"r6955530@54","update_time":null,"confidence":null,"between":null,"provider":"osm","resource":"planet","version":"2026-08-05"},{"property":"","dataset":"OpenStreetMap","license":"ODbL-1.0","record_id":"w511731790@21","update_time":"2026-07-01T09:51:13Z","confidence":null,"between":[0.0,0.486574547],"provider":"osm","resource":"planet","version":"2026-08-05"},{"property":"","dataset":"OpenStreetMap","license":"ODbL-1.0","record_id":"w511731789@18","update_time":"2025-12-20T08:16:39Z","confidence":null,"between":[0.486574547,0.898060202],"provider":"osm","resource":"planet","version":"2026-08-05"},{"property":"","dataset":"OpenStreetMap","license":"ODbL-1.0","record_id":"w511731786@21","update_time":"2026-02-15T06:40:47Z","confidence":null,"between":[0.898060202,1.0],"provider":"osm","resource":"planet","version":"2026-08-05"}],"version":5}},
{"id":"6f579fd9-6214-4a7e-8ff0-fe0be7b7371f","type":"Feature","geometry":{"type":"LineString","coordinates":[[127.091865,37.4035068],[127.0918474,37.4035598],[127.0918482,37.4035996],[127.0918765,37.4036431],[127.0919296,37.4036755],[127.0919951,37.4036923],[127.092051,37.403701]]},"properties":{"names":{"primary":"판교로209번길","common":[["ko","판교로209번길"],["en","Pangyo-ro 209beon-gil"]],"rules":[{"variant":"common","language":null,"perspectives":null,"value":"판교로209번길","between":null,"side":null}]},"subtype":"road","class":"residential","connectors":[{"connector_id":"f417e1c1-d39b-430f-9abf-291a56d45ddd","at":0.0},{"connector_id":"22f9e97f-07fe-49af-821d-8cecc81da8f9","at":1.0}],"sources":[{"property":"","dataset":"OpenStreetMap","license":"ODbL-1.0","record_id":"w284164577@11","update_time":"2024-09-03T18:47:32Z","confidence":null,"between":null,"provider":"osm","resource":"planet","version":"2026-08-05"}],"version":1}},
{"id":"e76346a4-1e3d-4558-87e7-6132a4857e2d","type":"Feature","geometry":{"type":"LineString","coordinates":[[127.0916721,37.402481],[127.0916868,37.4025154],[127.0917311,37.4026195]]},"properties":{"subtype":"road","class":"service","connectors":[{"connector_id":"a7b74661-b9c6-417e-a2e3-8afa4fc4f22a","at":0.0},{"connector_id":"3c3135ca-481a-4512-9019-4ce8bfc1632d","at":1.0}],"road_flags":[{"values":["is_tunnel"],"between":[0.248231395,1.0]}],"sources":[{"property":"","dataset":"OpenStreetMap","license":"ODbL-1.0","record_id":"w464103011@1","update_time":"2017-01-06T13:18:52Z","confidence":null,"between":[0.0,0.248231395],"provider":"osm","resource":"planet","version":"2026-08-05"},{"property":"","dataset":"OpenStreetMap","license":"ODbL-1.0","record_id":"w464103012@1","update_time":"2017-01-06T13:18:52Z","confidence":null,"between":[0.248231395,1.0],"provider":"osm","resource":"planet","version":"2026-08-05"}],"version":1}},
{"id":"552d0f49-0a77-455a-a91b-37aa62884126","type":"Feature","geometry":{"type":"LineString","coordinates":[[127.0903042,37.4024107],[127.090736,37.4025172],[127.0908406,37.4025428],[127.0909398,37.402562],[127.0910659,37.4025833],[127.0911598,37.4025918],[127.0912402,37.4025918],[127.0913288,37.4025811],[127.0914736,37.4025534],[127.0915675,37.4025193],[127.0916721,37.402481],[127.0917579,37.4024533],[127.091833,37.4024362],[127.0919001,37.4024299],[127.0919698,37.4024256],[127.0920556,37.4024384],[127.0921388,37.4024618],[127.0921783,37.4024791],[127.0922166,37.4024959],[127.0922944,37.4025407],[127.0923453,37.4025811],[127.0924151,37.402628],[127.0925149,37.4027022]]},"properties":{"subtype":"road","class":"service","connectors":[{"connector_id":"b0298e98-5e3b-49ae-acf7-008f600c8cad","at":0.0},{"connector_id":"333ed3f5-cc93-43f1-b6b1-a2c035257bb0","at":0.277379689},{"connector_id":"a7b74661-b9c6-417e-a2e3-8afa4fc4f22a","at":0.595363395},{"connector_id":"db8431a5-1939-4dd8-9aac-48046739b3b4","at":0.816403224},{"connector_id":"fa04c5ef-fdb5-4a8c-ac2e-0033595f5b58","at":1.0}],"sources":[{"property":"","dataset":"OpenStreetMap","license":"ODbL-1.0","record_id":"w464103008@1","update_time":"2021-09-28T08:03:06Z","confidence":null,"between":null,"provider":"osm","resource":"planet","version":"2026-08-05"}],"version":1}},
{"id":"1d481852-b163-4e26-8db3-97abfdd00e3c","type":"Feature","geometry":{"type":"LineString","coordinates":[[127.0909398,37.402562],[127.0909152,37.4025115],[127.0908513,37.4023808]]},"properties":{"subtype":"road","class":"service","connectors":[{"connector_id":"333ed3f5-cc93-43f1-b6b1-a2c035257bb0","at":0.0},{"connector_id":"3ad41684-1df7-40cd-9fca-3f0e9c3c195f","at":1.0}],"road_flags":[{"values":["is_tunnel"],"between":[0.27845773,1.0]}],"sources":[{"property":"","dataset":"OpenStreetMap","license":"ODbL-1.0","record_id":"w464103013@1","update_time":"2017-01-06T13:18:52Z","confidence":null,"between":[0.0,0.27845773],"provider":"osm","resource":"planet","version":"2026-08-05"},{"property":"","dataset":"OpenStreetMap","license":"ODbL-1.0","record_id":"w464103014@1","update_time":"2017-01-06T13:18:52Z","confidence":null,"between":[0.27845773,1.0],"provider":"osm","resource":"planet","version":"2026-08-05"}],"version":1}},
{"id":"53328624-8d6f-4fe4-800b-38476f87da1e","type":"Feature","geometry":{"type":"LineString","coordinates":[[127.0857232,37.3912493],[127.0858772,37.3915084],[127.085963,37.3917812],[127.0861239,37.3923693],[127.0862312,37.3927018],[127.0863492,37.3930598],[127.0864672,37.3933581],[127.0870788,37.3943725],[127.0879586,37.3953953],[127.088892,37.3963073],[127.089643,37.3969551],[127.0903618,37.3974665],[127.0906622,37.3976413],[127.0913425,37.3980833],[127.0918511,37.3983697],[127.0924113,37.3986578],[127.0928126,37.3988627]]},"properties":{"names":{"primary":"판교로","common":[["ko","판교로"],["en","Pangyo-ro"]],"rules":[{"variant":"common","language":null,"perspectives":null,"value":"판교로","between":null,"side":null}]},"subtype":"road","class":"secondary","connectors":[{"connector_id":"ccbbd51c-f5c1-45dc-af95-6e7a6cef5eb6","at":0.0},{"connector_id":"54459af0-b8c3-4a0f-9250-cc51851f86d6","at":1.0}],"road_flags":[{"values":["is_tunnel"],"between":[0.119436759,0.754470554]}],"access_restrictions":[{"access_type":"denied","when":{"during":null,"heading":null,"using":null,"recognized":null,"mode":["foot","bicycle"],"vehicle":null},"between":[0.119436759,0.754470554]},{"access_type":"denied","when":{"during":null,"heading":"backward","using":null,"recognized":null,"mode":null,"vehicle":null},"between":null}],"sources":[{"property":"","dataset":"OpenStreetMap","license":"ODbL-1.0","record_id":"w435601116@7","update_time":"2026-07-01T14:39:05Z","confidence":null,"between":[0.0,0.119436759],"provider":"osm","resource":"planet","version":"2026-08-05"},{"property":"","dataset":"OpenStreetMap","license":"ODbL-1.0","record_id":"w435601119@11","update_time":"2026-07-01T14:39:05Z","confidence":null,"between":[0.119436759,0.754470554],"provider":"osm","resource":"planet","version":"2026-08-05"},{"property":"","dataset":"OpenStreetMap","license":"ODbL-1.0","record_id":"w435601123@7","update_time":"2026-07-01T14:39:05Z","confidence":null,"between":[0.754470554,1.0],"provider":"osm","resource":"planet","version":"2026-08-05"}],"version":3}},
{"id":"dc5ff1d6-6c75-42ed-9e5d-8a1710f7b69a","type":"Feature","geometry":{"type":"LineString","coordinates":[[127.0935541,37.4014098],[127.0934138,37.4014601],[127.0933186,37.4015038],[127.093277,37.4014878],[127.0932756,37.4014068],[127.0932917,37.4013631],[127.0933092,37.4013099],[127.0933172,37.4012417],[127.0932641,37.4012439],[127.0931013,37.4012108],[127.0927921,37.4012099],[127.0926359,37.4011927],[127.0925273,37.4011586],[127.0924045,37.4010873],[127.0923181,37.4010776],[127.0922363,37.4010286],[127.0921397,37.4010062],[127.0920558,37.4009115],[127.091956,37.4007676],[127.0918265,37.4006132],[127.0917025,37.4005428],[127.0914638,37.4005599],[127.0912834,37.4005131],[127.0910829,37.4004469],[127.0907912,37.4004438],[127.0904894,37.4004097],[127.0900884,37.4004087],[127.0896593,37.4003405],[127.0890584,37.400528],[127.0889291,37.4005609],[127.0887742,37.4006899],[127.0886046,37.4006738],[127.0884892,37.400595],[127.0883101,37.400545],[127.0880493,37.4004906],[127.0878354,37.4003916],[127.0877677,37.4003649],[127.0876068,37.4003414],[127.0873204,37.4003235],[127.0867303,37.4001956],[127.086601,37.4000687],[127.0864427,37.400024],[127.0863843,37.3999036],[127.0862737,37.399683],[127.0861187,37.3994882],[127.0860034,37.3992239],[127.0858794,37.3991098],[127.0856896,37.399045],[127.0854885,37.3988106],[127.085453,37.3987508],[127.0854268,37.3986209],[127.0854329,37.3985889],[127.0853765,37.3985388],[127.0852518,37.398461],[127.085129,37.3984494],[127.0850319,37.398395],[127.0847669,37.3983461],[127.0847422,37.3982586],[127.0847261,37.3981425],[127.0846207,37.3980616],[127.0844954,37.3979326],[127.0844115,37.3977846],[127.0843881,37.3976854],[127.0843828,37.397598],[127.0844069,37.3975256],[127.0844276,37.3974617],[127.0844243,37.3973935],[127.0843377,37.397238],[127.0842755,37.3971282],[127.0841467,37.3970259],[127.0840803,37.39688]]},"properties":{"subtype":"road","class":"path","connectors":[{"connector_id":"d46ce5b9-221c-4d33-b326-8cc7c4b9e235","at":0.0},{"connector_id":"53267a6d-8429-44b2-a1df-e4290a3fd70b","at":0.783806374},{"connector_id":"a2161e20-a8b9-4ffe-95fb-5de5d2fa92de","at":0.937325386},{"connector_id":"8769839a-8795-4799-a6dd-4198c9ed1c72","at":1.0}],"sources":[{"property":"","dataset":"OpenStreetMap","license":"ODbL-1.0","record_id":"w144064231@2","update_time":"2023-09-28T11:45:00Z","confidence":null,"between":null,"provider":"osm","resource":"planet","version":"2026-08-05"}],"version":1}},
{"id":"368ec540-3a26-4ac6-8073-2c802d1a1874","type":"Feature","geometry":{"type":"LineString","coordinates":[[127.0854268,37.3986209],[127.0856917,37.3986752],[127.0859814,37.3986858],[127.0862308,37.3986496],[127.0864776,37.3985558],[127.0866063,37.398477],[127.086904,37.3984344],[127.0871294,37.3983534],[127.0872501,37.3982426],[127.0874029,37.3980061],[127.0874646,37.3979336],[127.0875826,37.397842],[127.0880225,37.3975671],[127.0880815,37.3974819],[127.0880735,37.3974286],[127.0880681,37.3972177],[127.0880574,37.3971559],[127.087985,37.3970408],[127.0879126,37.3968426],[127.0878214,37.3964612],[127.0877624,37.396295],[127.087478,37.3957814],[127.0873842,37.3956962],[127.0872393,37.3955854],[127.0871428,37.3954831],[127.0870918,37.3953936],[127.0870784,37.3951677],[127.0871058,37.3950219],[127.0868328,37.3942749],[127.086896,37.3941726],[127.0869816,37.394134],[127.087385,37.39417],[127.0878538,37.3937994],[127.0882511,37.3933079],[127.0882461,37.3931481],[127.0884624,37.3927485],[127.0883668,37.392229],[127.0883316,37.3913419],[127.088616,37.3912777]]},"properties":{"subtype":"road","class":"path","connectors":[{"connector_id":"53267a6d-8429-44b2-a1df-e4290a3fd70b","at":0.0},{"connector_id":"5dfe13fe-6947-4e81-ad72-3b2264e51f8c","at":0.268791279},{"connector_id":"ed71278b-49e7-4f8e-869b-59e0bb551ded","at":0.531331055},{"connector_id":"4e38069a-b0d1-44db-b51b-d9bab5c09afe","at":0.773845862},{"connector_id":"b5c863f6-63ec-467d-b3b5-719b5ce17cb8","at":1.0}],"sources":[{"property":"","dataset":"OpenStreetMap","license":"ODbL-1.0","record_id":"w839832081@2","update_time":"2023-09-28T11:45:00Z","confidence":null,"between":[0.0,0.976224145],"provider":"osm","resource":"planet","version":"2026-08-05"},{"property":"","dataset":"OpenStreetMap","license":"ODbL-1.0","record_id":"w972481984@1","update_time":"2021-10-01T09:01:19Z","confidence":null,"between":[0.976224145,1.0],"provider":"osm","resource":"planet","version":"2026-08-05"}],"version":1}},
{"id":"bf51b394-48ef-418d-bfb6-bd0e3000e21a","type":"Feature","geometry":{"type":"LineString","coordinates":[[127.0791293,37.3969686],[127.0794883,37.397238],[127.0796312,37.3973391],[127.0798316,37.3974085],[127.080116,37.397434],[127.080165,37.3974414],[127.0801945,37.3974638],[127.0803399,37.3975982],[127.0804822,37.397647],[127.0806424,37.3976763],[127.0807376,37.3977632],[127.0808913,37.397877],[127.08128,37.3981181],[127.0815161,37.3981202],[127.0816764,37.398035900000004],[127.0819211,37.3978794],[127.0821115,37.3978006],[127.0822692,37.3976524],[127.0823851,37.3976301],[127.0825165,37.3976046],[127.0829215,37.3976131],[127.0832005,37.3975449],[127.083458,37.3973574],[127.0838013,37.3971187],[127.0840803,37.39688],[127.0841367,37.3967931],[127.0841897,37.3966972],[127.0842393,37.3966391],[127.0843016,37.3965785],[127.0843707,37.3965166],[127.084445,37.396488],[127.0847884,37.3964368],[127.0849702,37.3963525],[127.0850271,37.3962834],[127.0850989,37.396197],[127.085239,37.3960959],[127.0854758,37.3959732],[127.0855823,37.3958966],[127.0857312,37.3957144],[127.0859948,37.3955236],[127.0860973,37.395414],[127.0861375,37.3953074],[127.0863301,37.3951827],[127.0865921,37.3950346],[127.0868585,37.3950111],[127.0871058,37.3950219],[127.0878139,37.3951071],[127.0884362,37.3950219],[127.0886628,37.3949899],[127.0889082,37.3950219],[127.0890713,37.3950814],[127.0892917,37.3951039],[127.0894441,37.3950569],[127.089686,37.3950389],[127.0900267,37.3950208],[127.0902815,37.3950368],[127.0903708,37.3949706],[127.0904124,37.3949578],[127.0905551,37.3949984],[127.0909414,37.3950027],[127.0913664,37.3949345],[127.0916521,37.3948631],[127.0918125,37.394847],[127.0919767,37.3948514],[127.0922342,37.3948855],[127.0923744,37.3948087],[127.0925635,37.3947426],[127.0926499,37.3946895],[127.0926901,37.3946053],[127.0927741,37.3944581],[127.0929471,37.3942983],[127.0930114,37.3942248],[127.0930496,37.3941184],[127.0931067,37.3940266],[127.0931783,37.393965],[127.0932655,37.3939074],[127.0932636,37.3937709],[127.0933025,37.3937006],[127.0933802,37.3936303],[127.0934934,37.3935729],[127.0936793,37.3935077],[127.0937933,37.3934481],[127.0938475,37.3934131],[127.0939408,37.3933074],[127.0939534,37.393233],[127.0939583,37.3931252],[127.0939878,37.3930187],[127.0939642,37.3928866],[127.0940709,37.3927875],[127.09415,37.3927694],[127.0941868,37.3927375],[127.0943056,37.3926639],[127.094425,37.3926596],[127.094514,37.3926949],[127.0946664,37.3927662],[127.0948091,37.3927546],[127.0949399,37.3927598],[127.0950566,37.3928045],[127.0951229,37.3928046],[127.0953141,37.3927917],[127.0954743,37.3928057],[127.0955507,37.3928206],[127.0956655,37.3928194],[127.09575,37.3928503],[127.0958304,37.3928461],[127.09599,37.3928194],[127.0962301,37.3927459],[127.0963749,37.3926916],[127.0964849,37.3926351],[127.0966633,37.3925744],[127.0967813,37.3925435],[127.0968483,37.3925413],[127.0969301,37.3925893],[127.0969637,37.3925914],[127.0970441,37.392552],[127.0970508,37.3925115],[127.0970495,37.3924582],[127.0971568,37.3923623],[127.0971917,37.3923059],[127.0971568,37.3922632],[127.0971072,37.3921769],[127.0971273,37.3921503],[127.0972185,37.3920491],[127.0973392,37.39195],[127.0974451,37.3919244],[127.0975471,37.3919106],[127.0976262,37.3919713],[127.0976865,37.3919138],[127.0976999,37.3917678],[127.097716,37.3917177],[127.0978294,37.3917731],[127.0979185,37.3915928]]},"properties":{"subtype":"road","class":"path","connectors":[{"connector_id":"4c28f3af-e2e1-4050-908e-4cd09e2bf9a6","at":0.0},{"connector_id":"6968de9f-3ccb-478a-9eb4-73572b46d7d7","at":0.090831611},{"connector_id":"8769839a-8795-4799-a6dd-4198c9ed1c72","at":0.251878431},{"connector_id":"ed71278b-49e7-4f8e-869b-59e0bb551ded","at":0.421370515},{"connector_id":"098343a0-c915-426e-8d22-1c8fba7b63e6","at":0.661106985},{"connector_id":"ff4508f4-c391-4e92-aa33-6b6abdf5e111","at":0.665822861},{"connector_id":"7b931e9b-49df-4a51-ae56-87b19c176541","at":0.705585317},{"connector_id":"572fdbf5-982b-490b-9dab-65c5ddda3bbc","at":1.0}],"sources":[{"property":"","dataset":"OpenStreetMap","license":"ODbL-1.0","record_id":"w144064232@6","update_time":"2025-02-04T22:20:49Z","confidence":null,"between":null,"provider":"osm","resource":"planet","version":"2026-08-05"}],"version":2}},
{"id":"3302c1d2-acae-4f2d-a150-dc723c08f11e","type":"Feature","geometry":{"type":"LineString","coordinates":[[127.0927419,37.3989511],[127.092076,37.3986267],[127.0915587,37.398417],[127.0911847,37.3982571],[127.0908397,37.3980887],[127.0905149,37.3978875],[127.0903994,37.397816],[127.0897892,37.3974164],[127.0892648,37.397068],[127.0886056,37.3964975],[127.0880538,37.395944],[127.0877012,37.3955818],[127.0873916,37.3952197],[127.0871034,37.3948576],[127.0868153,37.3944784],[127.0864949,37.3939117],[127.086196,37.393345],[127.0860151,37.3928721],[127.0858772,37.3923992],[127.0858021,37.3920028],[127.0857591,37.3917727],[127.0857232,37.3912493]]},"properties":{"names":{"primary":"판교로","common":[["ko","판교로"],["en","Pangyo-ro"]],"rules":[{"variant":"common","language":null,"perspectives":null,"value":"판교로","between":null,"side":null}]},"subtype":"road","class":"secondary","connectors":[{"connector_id":"5d78c942-780f-47e7-82b7-cb7c6488e7e0","at":0.0},{"connector_id":"ccbbd51c-f5c1-45dc-af95-6e7a6cef5eb6","at":1.0}],"road_flags":[{"values":["is_tunnel"],"between":[0.219297994,0.884135212]}],"access_restrictions":[{"access_type":"denied","when":{"during":null,"heading":null,"using":null,"recognized":null,"mode":["foot","bicycle"],"vehicle":null},"between":[0.219297994,0.884135212]},{"access_type":"denied","when":{"during":null,"heading":"backward","using":null,"recognized":null,"mode":null,"vehicle":null},"between":null}],"sources":[{"property":"","dataset":"OpenStreetMap","license":"ODbL-1.0","record_id":"w435601115@8","update_time":"2026-07-01T14:39:05Z","confidence":null,"between":[0.0,0.219297994],"provider":"osm","resource":"planet","version":"2026-08-05"},{"property":"","dataset":"OpenStreetMap","license":"ODbL-1.0","record_id":"w435601121@11","update_time":"2026-07-01T14:39:05Z","confidence":null,"between":[0.219297994,0.884135212],"provider":"osm","resource":"planet","version":"2026-08-05"},{"property":"","dataset":"OpenStreetMap","license":"ODbL-1.0","record_id":"w435601118@7","update_time":"2026-07-01T14:39:05Z","confidence":null,"between":[0.884135212,1.0],"provider":"osm","resource":"planet","version":"2026-08-05"}],"version":3}},
{"id":"e10a521f-c997-4d30-9ccf-179a3aab5637","type":"Feature","geometry":{"type":"LineString","coordinates":[[127.0917024,37.3978437],[127.0918258,37.3976903],[127.0923059,37.3976967],[127.0923569,37.3977031],[127.0924079,37.397718],[127.0924615,37.3977478],[127.0928987,37.3981037],[127.0929363,37.3981335],[127.0929819,37.398157],[127.093246,37.3982907]]},"properties":{"names":{"primary":"판교로156번길","common":[["ko","판교로156번길"],["en","Pangyo-ro 156beon-gil"]],"rules":[{"variant":"common","language":null,"perspectives":null,"value":"판교로156번길","between":null,"side":null}]},"subtype":"road","class":"residential","connectors":[{"connector_id":"88d718fe-e8a9-4afa-ab0e-8c75d97f05bd","at":0.0},{"connector_id":"ddc0ebcb-96a3-4219-845e-51a0c2434140","at":1.0}],"sources":[{"property":"","dataset":"OpenStreetMap","license":"ODbL-1.0","record_id":"w463855422@2","update_time":"2020-03-25T22:00:05Z","confidence":null,"between":null,"provider":"osm","resource":"planet","version":"2026-08-05"}],"version":1}},
{"id":"a87d8f6f-6f83-4fa0-a30c-c447061a642a","type":"Feature","geometry":{"type":"LineString","coordinates":[[127.0930556,37.3985462],[127.0917024,37.3978437]]},"properties":{"names":{"primary":"판교로156번길","common":[["ko","판교로156번길"],["en","Pangyo-ro 156beon-gil"]],"rules":[{"variant":"common","language":null,"perspectives":null,"value":"판교로156번길","between":null,"side":null}]},"subtype":"road","class":"residential","connectors":[{"connector_id":"c8020c73-ed9f-49f3-a527-e28012726781","at":0.0},{"connector_id":"88d718fe-e8a9-4afa-ab0e-8c75d97f05bd","at":1.0}],"sources":[{"property":"","dataset":"OpenStreetMap","license":"ODbL-1.0","record_id":"w463855422@2","update_time":"2020-03-25T22:00:05Z","confidence":null,"between":null,"provider":"osm","resource":"planet","version":"2026-08-05"}],"version":1}},
{"id":"04f16a1d-365f-4e8b-85f1-c0db6b262a6e","type":"Feature","geometry":{"type":"LineString","coordinates":[[127.0924304,37.3996055],[127.0924942,37.3996631],[127.0925371,37.3996886],[127.0925961,37.3997099],[127.0926524,37.3997163],[127.0927114,37.3997163],[127.0927934,37.3996951]]},"properties":{"subtype":"road","class":"service","connectors":[{"connector_id":"7fdf8183-159d-4a44-aac0-84bfa1231703","at":0.0},{"connector_id":"f7f64556-58c8-4bdd-af4e-afaab7643c5a","at":1.0}],"sources":[{"property":"","dataset":"OpenStreetMap","license":"ODbL-1.0","record_id":"w464101813@1","update_time":"2017-01-06T13:10:55Z","confidence":null,"between":null,"provider":"osm","resource":"planet","version":"2026-08-05"}],"version":1}},
{"id":"032bd5bc-8b4c-4c57-942b-c5bcb21a7076","type":"Feature","geometry":{"type":"LineString","coordinates":[[127.0928126,37.3988627],[127.0927419,37.3989511]]},"properties":{"subtype":"road","class":"tertiary","connectors":[{"connector_id":"54459af0-b8c3-4a0f-9250-cc51851f86d6","at":0.0},{"connector_id":"5d78c942-780f-47e7-82b7-cb7c6488e7e0","at":1.0}],"sources":[{"property":"","dataset":"OpenStreetMap","license":"ODbL-1.0","record_id":"w709015426@1","update_time":"2019-07-30T20:54:38Z","confidence":null,"between":null,"provider":"osm","resource":"planet","version":"2026-08-05"}],"version":1}},
{"id":"5123df0f-d92f-434e-8555-81969b0bab41","type":"Feature","geometry":{"type":"LineString","coordinates":[[127.0930556,37.3985462],[127.0928126,37.3988627]]},"properties":{"names":{"primary":"판교로156번길","common":[["ko","판교로156번길"],["en","Pangyo-ro 156beon-gil"]],"rules":[{"variant":"common","language":null,"perspectives":null,"value":"판교로156번길","between":null,"side":null}]},"subtype":"road","class":"tertiary","connectors":[{"connector_id":"c8020c73-ed9f-49f3-a527-e28012726781","at":0.0},{"connector_id":"54459af0-b8c3-4a0f-9250-cc51851f86d6","at":1.0}],"sources":[{"property":"","dataset":"OpenStreetMap","license":"ODbL-1.0","record_id":"w463855421@3","update_time":"2020-03-25T22:00:05Z","confidence":null,"between":null,"provider":"osm","resource":"planet","version":"2026-08-05"}],"version":1}},
{"id":"c1db954f-3afb-41b1-ba61-5fb71400015b","type":"Feature","geometry":{"type":"LineString","coordinates":[[127.0942231,37.4005862],[127.0941297,37.4005094],[127.0940043,37.4004131],[127.0939345,37.4003534],[127.0938755,37.4003108],[127.0938219,37.4002874],[127.0937629,37.4002682],[127.0937092,37.4002597],[127.0936368,37.4002512],[127.0935778,37.4002363],[127.0935161,37.4002128],[127.0934598,37.4001872],[127.0933981,37.4001468],[127.0933257,37.4000914],[127.0932667,37.4000296],[127.093205,37.3999656],[127.0931138,37.3998911],[127.0930333,37.3998357],[127.092926,37.3997696],[127.0928214,37.3997078],[127.0927934,37.3996951],[127.0927275,37.3996652],[127.0926256,37.399629],[127.0925425,37.3996119],[127.09247,37.3996077],[127.0924304,37.3996055],[127.0923923,37.3996034],[127.0923279,37.3995906],[127.0922662,37.3995501],[127.0922072,37.3995054],[127.0919148,37.3993115],[127.0918719,37.3992753],[127.0918585,37.399239],[127.0918585,37.3991879],[127.0918639,37.3991495]]},"properties":{"subtype":"road","class":"service","connectors":[{"connector_id":"b89865c1-954e-48ea-9abc-d5b2534eb6c9","at":0.0},{"connector_id":"7c2a47cc-bdd3-46c2-a464-1d7f7e4c4a3d","at":0.043192497},{"connector_id":"f7f64556-58c8-4bdd-af4e-afaab7643c5a","at":0.596189867},{"connector_id":"7fdf8183-159d-4a44-aac0-84bfa1231703","at":0.720351016},{"connector_id":"3daa3adb-5190-4e74-95a3-4497db5cd619","at":1.0}],"sources":[{"property":"","dataset":"OpenStreetMap","license":"ODbL-1.0","record_id":"w464101812@1","update_time":"2019-07-30T20:54:38Z","confidence":null,"between":null,"provider":"osm","resource":"planet","version":"2026-08-05"}],"version":1}},
{"id":"098b4741-2faa-490d-afb0-16297f6bdd27","type":"Feature","geometry":{"type":"LineString","coordinates":[[127.0935813,37.3978325],[127.093246,37.3982907]]},"properties":{"names":{"primary":"판교로156번길","common":[["ko","판교로156번길"],["en","Pangyo-ro 156beon-gil"]],"rules":[{"variant":"common","language":null,"perspectives":null,"value":"판교로156번길","between":null,"side":null}]},"subtype":"road","class":"tertiary","connectors":[{"connector_id":"3d6310f8-8431-4d24-a02d-1aa417a3d2ba","at":0.0},{"connector_id":"ddc0ebcb-96a3-4219-845e-51a0c2434140","at":1.0}],"sources":[{"property":"","dataset":"OpenStreetMap","license":"ODbL-1.0","record_id":"w463855421@3","update_time":"2020-03-25T22:00:05Z","confidence":null,"between":null,"provider":"osm","resource":"planet","version":"2026-08-05"}],"version":1}},
{"id":"adb7e169-86fe-4ab6-b92b-309da69d3ac7","type":"Feature","geometry":{"type":"LineString","coordinates":[[127.093246,37.3982907],[127.0930556,37.3985462]]},"properties":{"names":{"primary":"판교로156번길","common":[["ko","판교로156번길"],["en","Pangyo-ro 156beon-gil"]],"rules":[{"variant":"common","language":null,"perspectives":null,"value":"판교로156번길","between":null,"side":null}]},"subtype":"road","class":"tertiary","connectors":[{"connector_id":"ddc0ebcb-96a3-4219-845e-51a0c2434140","at":0.0},{"connector_id":"c8020c73-ed9f-49f3-a527-e28012726781","at":1.0}],"sources":[{"property":"","dataset":"OpenStreetMap","license":"ODbL-1.0","record_id":"w463855421@3","update_time":"2020-03-25T22:00:05Z","confidence":null,"between":null,"provider":"osm","resource":"planet","version":"2026-08-05"}],"version":1}},
{"id":"3fe56628-24a6-4868-8dcf-730ce4ac0ae0","type":"Feature","geometry":{"type":"LineString","coordinates":[[127.0928126,37.3988627],[127.0948008,37.3998701]]},"properties":{"names":{"primary":"판교로","common":[["ko","판교로"],["en","Pangyo-ro"]],"rules":[{"variant":"common","language":null,"perspectives":null,"value":"판교로","between":null,"side":null}]},"subtype":"road","class":"secondary","connectors":[{"connector_id":"54459af0-b8c3-4a0f-9250-cc51851f86d6","at":0.0},{"connector_id":"3c8ea5dc-3c68-45d9-b273-7d8dc6287d5c","at":1.0}],"road_surface":[{"value":"paved","between":null}],"access_restrictions":[{"access_type":"denied","when":{"during":null,"heading":"backward","using":null,"recognized":null,"mode":null,"vehicle":null},"between":null}],"sources":[{"property":"","dataset":"OpenStreetMap","license":"ODbL-1.0","record_id":"w285188822@13","update_time":"2026-07-01T14:39:05Z","confidence":null,"between":null,"provider":"osm","resource":"planet","version":"2026-08-05"}],"version":2}},
{"id":"359ee341-6012-48c5-9e20-6543537da742","type":"Feature","geometry":{"type":"LineString","coordinates":[[127.0947224,37.3999693],[127.0927419,37.3989511]]},"properties":{"names":{"primary":"판교로","common":[["ko","판교로"],["en","Pangyo-ro"]],"rules":[{"variant":"common","language":null,"perspectives":null,"value":"판교로","between":null,"side":null}]},"subtype":"road","class":"secondary","connectors":[{"connector_id":"98efcdea-41ea-44ef-a5fa-124abeb5139b","at":0.0},{"connector_id":"5d78c942-780f-47e7-82b7-cb7c6488e7e0","at":1.0}],"access_restrictions":[{"access_type":"denied","when":{"during":null,"heading":"backward","using":null,"recognized":null,"mode":null,"vehicle":null},"between":null}],"sources":[{"property":"","dataset":"OpenStreetMap","license":"ODbL-1.0","record_id":"w709015425@6","update_time":"2026-07-01T14:39:05Z","confidence":null,"between":null,"provider":"osm","resource":"planet","version":"2026-08-05"}],"version":2}},
{"id":"d8005756-5c99-4e55-98a8-d9feb40e5a6b","type":"Feature","geometry":{"type":"LineString","coordinates":[[127.0961827,37.3981789],[127.0957048,37.3977821],[127.095635,37.3977288],[127.0955412,37.3976777],[127.0954285,37.3976201],[127.0953481,37.3975988],[127.0952274,37.397586],[127.0950852,37.3975818],[127.0949886,37.397586],[127.0948948,37.3975967],[127.0947714,37.3976201],[127.094656,37.3976478],[127.0946011,37.3976649],[127.0945568,37.3976905],[127.0945058,37.3977373],[127.0944388,37.3978119],[127.0943878,37.3978865],[127.094353,37.3979568],[127.0943208,37.3980506],[127.0942993,37.3981379],[127.0942822,37.398196],[127.0942549,37.3982463],[127.0942131,37.398296],[127.094182,37.3983457],[127.094172,37.3983816],[127.0941665,37.3984213],[127.0941645,37.3984672],[127.0941679,37.398513],[127.094184,37.398579],[127.0942108,37.3986323],[127.0942537,37.3986898],[127.0943288,37.3987601],[127.0944281,37.3988411],[127.0945085,37.3988901],[127.0945997,37.398937],[127.0947177,37.3989839],[127.0947928,37.3990073],[127.0948706,37.3990308],[127.0949404,37.3990499],[127.0950262,37.3990776],[127.0950916,37.399102],[127.0953193,37.3991775]]},"properties":{"subtype":"road","class":"service","connectors":[{"connector_id":"251f075f-0e8a-4881-a38d-c6f8a7eabbf6","at":0.0},{"connector_id":"3dad9180-bdc2-481b-b176-3f6c86cb9702","at":1.0}],"sources":[{"property":"","dataset":"OpenStreetMap","license":"ODbL-1.0","record_id":"w464099647@1","update_time":"2021-09-28T08:03:06Z","confidence":null,"between":null,"provider":"osm","resource":"planet","version":"2026-08-05"}],"version":1}},
{"id":"be8878ff-d6ac-4839-bf81-ad5b83654b9a","type":"Feature","geometry":{"type":"LineString","coordinates":[[127.0953193,37.3991775],[127.094842,37.3998229],[127.0948008,37.3998701]]},"properties":{"names":{"primary":"서판교로","common":[["ko","서판교로"],["en","Seopangyo-ro"]],"rules":[{"variant":"common","language":null,"perspectives":null,"value":"서판교로","between":null,"side":null}]},"subtype":"road","class":"tertiary","connectors":[{"connector_id":"3dad9180-bdc2-481b-b176-3f6c86cb9702","at":0.0},{"connector_id":"3c8ea5dc-3c68-45d9-b273-7d8dc6287d5c","at":1.0}],"road_surface":[{"value":"paved","between":null}],"sources":[{"property":"","dataset":"OpenStreetMap","license":"ODbL-1.0","record_id":"w172741337@24","update_time":"2025-02-04T22:20:49Z","confidence":null,"between":null,"provider":"osm","resource":"planet","version":"2026-08-05"}],"version":1}},
{"id":"6eead73f-bbe3-44a3-a6c9-239a01b7f008","type":"Feature","geometry":{"type":"LineString","coordinates":[[127.0953804,37.3999707],[127.0955139,37.3997897]]},"properties":{"names":{"primary":"판교로","common":[["ko","판교로"],["en","Pangyo-ro"]],"rules":[{"variant":"common","language":null,"perspectives":null,"value":"판교로","between":null,"side":null}]},"subtype":"road","class":"residential","connectors":[{"connector_id":"b94aada5-3dda-4f58-9c6a-6511af8ec3d5","at":0.0},{"connector_id":"7b59dd62-8194-47dc-8960-68665c57c180","at":1.0}],"sources":[{"property":"","dataset":"OpenStreetMap","license":"ODbL-1.0","record_id":"w987627980@1","update_time":"2021-09-28T08:03:06Z","confidence":null,"between":null,"provider":"osm","resource":"planet","version":"2026-08-05"}],"version":1}},
{"id":"adc3d487-ba8d-48c0-b4a5-aad5140558fc","type":"Feature","geometry":{"type":"LineString","coordinates":[[127.0955139,37.3997897],[127.0958012,37.3994069]]},"properties":{"names":{"primary":"판교로","common":[["ko","판교로"],["en","Pangyo-ro"]],"rules":[{"variant":"common","language":null,"perspectives":null,"value":"판교로","between":null,"side":null}]},"subtype":"road","class":"residential","connectors":[{"connector_id":"7b59dd62-8194-47dc-8960-68665c57c180","at":0.0},{"connector_id":"a1592e2d-de43-43b5-869a-40618cd23e8f","at":1.0}],"sources":[{"property":"","dataset":"OpenStreetMap","license":"ODbL-1.0","record_id":"w987627980@1","update_time":"2021-09-28T08:03:06Z","confidence":null,"between":null,"provider":"osm","resource":"planet","version":"2026-08-05"}],"version":1}},
{"id":"0881f143-c08c-4409-b4d2-72d126896057","type":"Feature","geometry":{"type":"LineString","coordinates":[[127.0953193,37.3991775],[127.0958012,37.3994069]]},"properties":{"names":{"primary":"서판교로","common":[["ko","서판교로"],["en","Seopangyo-ro"]],"rules":[{"variant":"common","language":null,"perspectives":null,"value":"서판교로","between":null,"side":null}]},"subtype":"road","class":"residential","connectors":[{"connector_id":"3dad9180-bdc2-481b-b176-3f6c86cb9702","at":0.0},{"connector_id":"a1592e2d-de43-43b5-869a-40618cd23e8f","at":1.0}],"sources":[{"property":"","dataset":"OpenStreetMap","license":"ODbL-1.0","record_id":"w722662263@2","update_time":"2021-09-28T08:03:06Z","confidence":null,"between":null,"provider":"osm","resource":"planet","version":"2026-08-05"}],"version":1}},
{"id":"28200b1b-e409-4d35-9ba2-cf3646bbacca","type":"Feature","geometry":{"type":"LineString","coordinates":[[127.0963223,37.3982312],[127.0961724,37.3983674],[127.0960951,37.3984297],[127.0959947,37.3985098],[127.0959124,37.3985743],[127.09583,37.3986368],[127.0957652,37.3986835],[127.0957058,37.3987334],[127.0956504,37.3987895],[127.095603,37.3988392],[127.0955542,37.3988878],[127.095489,37.3989707],[127.0953432,37.3991442],[127.0953193,37.3991775]]},"properties":{"names":{"primary":"서판교로","common":[["ko","서판교로"],["en","Seopangyo-ro"]],"rules":[{"variant":"common","language":null,"perspectives":null,"value":"서판교로","between":null,"side":null}]},"subtype":"road","class":"tertiary","connectors":[{"connector_id":"deac1d18-33c4-493d-97e2-14bf470ef190","at":0.0},{"connector_id":"3dad9180-bdc2-481b-b176-3f6c86cb9702","at":1.0}],"road_surface":[{"value":"paved","between":null}],"sources":[{"property":"","dataset":"OpenStreetMap","license":"ODbL-1.0","record_id":"w172741337@24","update_time":"2025-02-04T22:20:49Z","confidence":null,"between":null,"provider":"osm","resource":"planet","version":"2026-08-05"}],"version":1}},
{"id":"4c79180d-7623-4f97-ae21-2d74bde85549","type":"Feature","geometry":{"type":"LineString","coordinates":[[127.0958012,37.3994069],[127.0963345,37.3996682]]},"properties":{"names":{"primary":"서판교로","common":[["ko","서판교로"],["en","Seopangyo-ro"]],"rules":[{"variant":"common","language":null,"perspectives":null,"value":"서판교로","between":null,"side":null}]},"subtype":"road","class":"residential","connectors":[{"connector_id":"a1592e2d-de43-43b5-869a-40618cd23e8f","at":0.0},{"connector_id":"892865c9-3c44-479a-ab02-fe94a883d349","at":1.0}],"sources":[{"property":"","dataset":"OpenStreetMap","license":"ODbL-1.0","record_id":"w722662263@2","update_time":"2021-09-28T08:03:06Z","confidence":null,"between":null,"provider":"osm","resource":"planet","version":"2026-08-05"}],"version":1}},
{"id":"438bf5da-f67a-4596-bafc-bbd2c4dd5ed4","type":"Feature","geometry":{"type":"LineString","coordinates":[[127.0960339,37.4000582],[127.0963345,37.3996682]]},"properties":{"subtype":"road","class":"residential","connectors":[{"connector_id":"0c0711a9-2be0-4025-bfaa-c1fd4e78ae10","at":0.0},{"connector_id":"892865c9-3c44-479a-ab02-fe94a883d349","at":1.0}],"sources":[{"property":"","dataset":"OpenStreetMap","license":"ODbL-1.0","record_id":"w987627979@1","update_time":"2021-09-28T08:03:06Z","confidence":null,"between":null,"provider":"osm","resource":"planet","version":"2026-08-05"}],"version":1}},
{"id":"2b9e5d3f-a8ed-434f-babd-25faeea78d02","type":"Feature","geometry":{"type":"LineString","coordinates":[[127.0967308,37.3984275],[127.0973197,37.3979383]]},"properties":{"names":{"primary":"서판교로126번길","common":[["ko","서판교로126번길"],["en","Seopangyo-ro 126beon-gil"]],"rules":[{"variant":"common","language":null,"perspectives":null,"value":"서판교로126번길","between":null,"side":null}]},"subtype":"road","class":"residential","connectors":[{"connector_id":"bf3378b2-851e-4f03-8e92-03bec68b8b5d","at":0.0},{"connector_id":"067e30bd-2198-4eee-af5c-ebf2832663ff","at":1.0}],"sources":[{"property":"","dataset":"OpenStreetMap","license":"ODbL-1.0","record_id":"w722662262@1","update_time":"2021-09-28T08:03:06Z","confidence":null,"between":null,"provider":"osm","resource":"planet","version":"2026-08-05"}],"version":1}},
{"id":"654fb4bc-1745-45ad-b4cb-88f011c512cd","type":"Feature","geometry":{"type":"LineString","coordinates":[[127.0969886,37.3977555],[127.0968403,37.3978729],[127.0967361,37.3979491],[127.0966649,37.3979965],[127.0965858,37.3980542],[127.0965053,37.3981075],[127.0963223,37.3982312]]},"properties":{"names":{"primary":"서판교로","common":[["ko","서판교로"],["en","Seopangyo-ro"]],"rules":[{"variant":"common","language":null,"perspectives":null,"value":"서판교로","between":null,"side":null}]},"subtype":"road","class":"tertiary","connectors":[{"connector_id":"35ae9cb6-ef3c-46b6-a7c7-d340b4b23741","at":0.0},{"connector_id":"deac1d18-33c4-493d-97e2-14bf470ef190","at":1.0}],"road_surface":[{"value":"paved","between":null}],"sources":[{"property":"","dataset":"OpenStreetMap","license":"ODbL-1.0","record_id":"w172741337@24","update_time":"2025-02-04T22:20:49Z","confidence":null,"between":null,"provider":"osm","resource":"planet","version":"2026-08-05"}],"version":1}},
{"id":"ad8c2a81-928b-4ee9-933b-2e557d4e7d36","type":"Feature","geometry":{"type":"LineString","coordinates":[[127.0963223,37.3982312],[127.0967308,37.3984275]]},"properties":{"names":{"primary":"서판교로132번길","common":[["ko","서판교로132번길"],["en","Seopangyo-ro 132beon-gil"]],"rules":[{"variant":"common","language":null,"perspectives":null,"value":"서판교로132번길","between":null,"side":null}]},"subtype":"road","class":"residential","connectors":[{"connector_id":"deac1d18-33c4-493d-97e2-14bf470ef190","at":0.0},{"connector_id":"bf3378b2-851e-4f03-8e92-03bec68b8b5d","at":1.0}],"sources":[{"property":"","dataset":"OpenStreetMap","license":"ODbL-1.0","record_id":"w284219107@3","update_time":"2021-09-28T08:03:06Z","confidence":null,"between":null,"provider":"osm","resource":"planet","version":"2026-08-05"}],"version":1}},
{"id":"38924124-312a-48a5-aaea-b68d38702dc0","type":"Feature","geometry":{"type":"LineString","coordinates":[[127.0967308,37.3984275],[127.097327,37.3987337],[127.09748,37.3988144],[127.097698,37.3989276]]},"properties":{"names":{"primary":"서판교로132번길","common":[["ko","서판교로132번길"],["en","Seopangyo-ro 132beon-gil"]],"rules":[{"variant":"common","language":null,"perspectives":null,"value":"서판교로132번길","between":null,"side":null}]},"subtype":"road","class":"residential","connectors":[{"connector_id":"bf3378b2-851e-4f03-8e92-03bec68b8b5d","at":0.0},{"connector_id":"17ef8fb3-7265-4693-8873-c3de9281d419","at":0.774324833},{"connector_id":"a54a799c-272a-4e7e-bcf2-a75ce1ce5ce0","at":1.0}],"sources":[{"property":"","dataset":"OpenStreetMap","license":"ODbL-1.0","record_id":"w284219107@3","update_time":"2021-09-28T08:03:06Z","confidence":null,"between":null,"provider":"osm","resource":"planet","version":"2026-08-05"}],"version":1}},
{"id":"e1a3894c-0a85-4ab5-8544-91e995da59ac","type":"Feature","geometry":{"type":"LineString","coordinates":[[127.0974575,37.3998161],[127.0971227,37.3996381]]},"properties":{"names":{"primary":"서판교로132번길","common":[["ko","서판교로132번길"],["en","Seopangyo-ro 132beon-gil"]],"rules":[{"variant":"common","language":null,"perspectives":null,"value":"서판교로132번길","between":null,"side":null}]},"subtype":"road","class":"residential","connectors":[{"connector_id":"3bcc4fb6-fe89-4255-a86e-16275deb877d","at":0.0},{"connector_id":"23d4bb2c-7a37-494c-9f76-84daee5aeadd","at":1.0}],"sources":[{"property":"","dataset":"OpenStreetMap","license":"ODbL-1.0","record_id":"w463787640@2","update_time":"2021-09-28T08:03:06Z","confidence":null,"between":null,"provider":"osm","resource":"planet","version":"2026-08-05"}],"version":1}},
{"id":"50e65a10-bec5-42b7-8a4f-5681643fd0b0","type":"Feature","geometry":{"type":"LineString","coordinates":[[127.0971227,37.3996381],[127.097698,37.3989276]]},"properties":{"names":{"primary":"서판교로132번길","common":[["ko","서판교로132번길"],["en","Seopangyo-ro 132beon-gil"]],"rules":[{"variant":"common","language":null,"perspectives":null,"value":"서판교로132번길","between":null,"side":null}]},"subtype":"road","class":"living_street","connectors":[{"connector_id":"23d4bb2c-7a37-494c-9f76-84daee5aeadd","at":0.0},{"connector_id":"a54a799c-272a-4e7e-bcf2-a75ce1ce5ce0","at":1.0}],"sources":[{"property":"","dataset":"OpenStreetMap","license":"ODbL-1.0","record_id":"w722662268@2","update_time":"2024-06-11T11:21:04Z","confidence":null,"between":null,"provider":"osm","resource":"planet","version":"2026-08-05"}],"version":1}},
{"id":"706dd88f-dae5-4e39-a55d-a9de95a2a394","type":"Feature","geometry":{"type":"LineString","coordinates":[[127.0974575,37.3998161],[127.0980405,37.3990862]]},"properties":{"names":{"primary":"판교로198번길","common":[["ko","판교로198번길"],["en","Pangyo-ro 198beon-gil"]],"rules":[{"variant":"common","language":null,"perspectives":null,"value":"판교로198번길","between":null,"side":null}]},"subtype":"road","class":"residential","connectors":[{"connector_id":"3bcc4fb6-fe89-4255-a86e-16275deb877d","at":0.0},{"connector_id":"11626fb6-d2f6-4f2c-a84c-e16311c45541","at":1.0}],"sources":[{"property":"","dataset":"OpenStreetMap","license":"ODbL-1.0","record_id":"w285188815@2","update_time":"2021-09-28T08:03:06Z","confidence":null,"between":null,"provider":"osm","resource":"planet","version":"2026-08-05"}],"version":1}},
{"id":"8e7d74a7-e05f-4e57-8443-37bf08bdd30f","type":"Feature","geometry":{"type":"LineString","coordinates":[[127.0973197,37.3979383],[127.0979396,37.3982377],[127.0981213,37.3983274]]},"properties":{"names":{"primary":"서판교로126번길","common":[["ko","서판교로126번길"],["en","Seopangyo-ro 126beon-gil"]],"rules":[{"variant":"common","language":null,"perspectives":null,"value":"서판교로126번길","between":null,"side":null}]},"subtype":"road","class":"living_street","connectors":[{"connector_id":"067e30bd-2198-4eee-af5c-ebf2832663ff","at":0.0},{"connector_id":"c0b744c1-036b-4bb7-802d-1c2cdba64d43","at":0.772281193},{"connector_id":"65ba5440-5d46-433b-aa67-fe1d2121944d","at":1.0}],"road_surface":[{"value":"paved","between":null}],"sources":[{"property":"","dataset":"OpenStreetMap","license":"ODbL-1.0","record_id":"w284219502@5","update_time":"2024-06-11T11:21:04Z","confidence":null,"between":null,"provider":"osm","resource":"planet","version":"2026-08-05"}],"version":1}},
{"id":"333e1306-c02d-4d9f-8dbd-814211946066","type":"Feature","geometry":{"type":"LineString","coordinates":[[126.6380988,37.3847983],[126.6410589,37.3875128],[126.6429869,37.3892102],[126.6456305,37.3917334],[126.650746,37.3966431],[126.6541792,37.3999842],[126.6554202,37.4011852],[126.6587161,37.4061625],[126.6622524,37.4114939],[126.6635204,37.4131051],[126.6655093,37.4162677],[126.6673117,37.4202487],[126.6689769,37.424066],[126.6698867,37.4254701],[126.6713973,37.4270651],[126.6732961,37.4284581],[126.6780782,37.4301195],[126.6836822,37.4316028],[126.6885838,37.4321487],[126.6940533,37.4325522],[126.696011,37.4328844],[126.6973858,37.4337269],[126.6981779,37.4346407],[126.6989699,37.4373936],[126.6995079,37.4392565],[126.6996274,37.4399565],[126.7000864,37.4428275],[126.7006866,37.4467389],[126.7017606,37.4542544],[126.7021952,37.4580371],[126.7023331,37.4596769],[126.7023834,37.4615229],[126.7023671,37.4628373],[126.7023216,37.4646082],[126.7024777,37.4657854],[126.7026761,37.4669801],[126.7030809,37.4697755],[126.7031647,37.4717317],[126.7032577,37.4740836],[126.7033771,37.4761206],[126.703457,37.4775154],[126.7036347,37.4790652],[126.7037767,37.4795425],[126.7042238,37.4803249],[126.7049231,37.4810371],[126.7060971,37.4821055],[126.7075613,37.4832265],[126.7088807,37.4842218],[126.7107239,37.4854418],[126.7127285,37.4867202],[126.7148881,37.4884316],[126.7159971,37.4891516],[126.7163679,37.4893658],[126.7177176,37.4898097],[126.7187812,37.4899052],[126.7198772,37.4898535],[126.7223097,37.4895539],[126.7259018,37.4893246],[126.729556,37.4892464],[126.7310645,37.4892132],[126.7319541,37.4892552],[126.7327444,37.4893817],[126.733702,37.4896222],[126.7343258,37.4898654],[126.7350959,37.4904398],[126.7360223,37.4913017],[126.7372296,37.4927303],[126.7391527,37.4948828],[126.7410161,37.4969088],[126.7445359,37.5009059],[126.7468549,37.5044844],[126.7478486,37.5053877],[126.7485486,37.5057397],[126.750043,37.5060066],[126.7512609,37.5060184],[126.7527329,37.5060006],[126.7546906,37.5058999],[126.7618625,37.5050709],[126.7698683,37.5040385],[126.7788698,37.5028183],[126.780329,37.5026384],[126.781453,37.5027479],[126.7892715,37.5042027],[126.7959068,37.5053837],[126.8013097,37.5064474],[126.8050366,37.5066977],[126.807038,37.5066586],[126.8106367,37.5062285],[126.8175868,37.5049169],[126.8259775,37.5028731],[126.8289695,37.5021443],[126.8349539,37.5007097],[126.8505593,37.4964393],[126.855131,37.4951464],[126.8567562,37.4948052],[126.8625582,37.4941204],[126.863283,37.4940671],[126.8647101,37.4942509],[126.8664156,37.4949419],[126.8703683,37.4967678],[126.8731927,37.498060099999996],[126.8776486,37.5001563],[126.878743,37.5009463],[126.882312,37.5039264],[126.883505,37.5048571],[126.8871037,37.5067577],[126.8902627,37.5087681],[126.8947086,37.5105788],[126.8976563,37.5118324],[126.9003218,37.5128067],[126.9023823,37.5138031],[126.9083829,37.5165691],[126.9108924,37.5176312],[126.9135144,37.5192136],[126.9140862,37.519847],[126.9144313,37.52041],[126.9148059,37.5215517],[126.9151116,37.5220678],[126.9154764,37.522537],[126.9163834,37.5233658],[126.9173989,37.5239054],[126.9183652,37.5242494],[126.9195384,37.5243511],[126.9207216,37.524312],[126.9215783,37.524125],[126.922216,37.5237403],[126.9233869,37.5228839],[126.9262099,37.5199845],[126.9288816,37.5170642],[126.9320615,37.5147017],[126.93357,37.5141035],[126.9350045,37.5138915],[126.9361402,37.5139213],[126.9371716,37.514024],[126.9389121,37.5142246],[126.9436963,37.514989],[126.9454797,37.5154217],[126.947415,37.5166188],[126.9489169,37.5179583],[126.9516068,37.520554],[126.9553951,37.5235467],[126.957547,37.5253423],[126.9617688,37.5287327],[126.9636484,37.5302915],[126.966189,37.5321905],[126.9677234,37.5332543],[126.9687636,37.5339149],[126.9696121,37.5348153],[126.97015,37.5355338],[126.9705917,37.5364858],[126.9707786,37.5378373],[126.9708922,37.5398602],[126.9708981,37.5419565],[126.9708542,37.5447147],[126.9708514,37.5453905],[126.9708603,37.5463658],[126.9708005,37.547758],[126.9709424,37.5495115],[126.9712025,37.5514874],[126.9717188,37.5546851],[126.972005,37.5559614],[126.9723156,37.5572832],[126.9726419,37.558145],[126.9751077,37.5612285],[126.9762294,37.5627411],[126.9773299,37.5642249],[126.9781742,37.5651607],[126.979564,37.5662979],[126.9841518,37.5676897],[126.9862963,37.5681339],[126.9889339,37.5682109],[126.9930659,37.5685781],[126.9964283,37.5687794],[127.0003946,37.5695542],[127.0021954,37.5697607],[127.0073711,37.5698594],[127.0104063,37.5697517],[127.017496,37.5687553],[127.0265224,37.5674626],[127.031902,37.5666996],[127.0336121,37.5664662],[127.0347685,37.5663137],[127.0358352,37.5664839],[127.0370972,37.5668602],[127.0375655,37.5672005],[127.0384241,37.5682626],[127.0396796,37.5699692],[127.0402775,37.5705549],[127.0416132,37.5719066],[127.0420353,37.5723982],[127.0425013,37.5729113],[127.0431495,37.5736693],[127.0436425,37.5742749],[127.044446,37.5753884],[127.0450573,37.5762186],[127.0456538,37.576875],[127.0463267,37.5774435],[127.0471524,37.5782522],[127.0476848,37.5788988],[127.0483281,37.579772],[127.0488157,37.5804389],[127.0492179,37.5809889],[127.0496567,37.5816823],[127.0501447,37.5825086],[127.0505169,37.583288],[127.0507511,37.5836396],[127.051106,37.5841162],[127.0515694,37.5846865],[127.052368,37.5856905],[127.0529325,37.5863019],[127.0531444,37.5864894],[127.0538543,37.587046],[127.0547244,37.587548],[127.0553357,37.5879172],[127.0563635,37.5884895],[127.0572074,37.588707],[127.0596348,37.5894333],[127.0725118,37.5931436],[127.0827503,37.5961705],[127.0862681,37.5975225],[127.0882145,37.5985289],[127.0890129,37.5989784],[127.0901089,37.5994662],[127.0908089,37.5997064],[127.0926453,37.6003917],[127.0934323,37.6006365],[127.0949252,37.6009328],[127.0986158,37.6020989],[127.1003579,37.6027971],[127.1022509,37.6042773],[127.1029213,37.6051443],[127.1032418,37.6060895],[127.1032861,37.6067924],[127.1031333,37.6107094]]},"properties":{"names":{"primary":"수도권광역급행철도비선","common":[["en","Great Train eXpress Line B"],["ko","수도권광역급행철도비선"],["ko-Hani","首都圈廣域急行鐵道B線"],["zh","首都圈广域高速铁路B线"],["ja","首都圏広域急行鉄道 B路線"]],"rules":[{"variant":"common","language":null,"perspectives":null,"value":"수도권광역급행철도비선","between":null,"side":null},{"variant":"alternate","language":null,"perspectives":null,"value":"수도권 광역급행철도 B노선","between":null,"side":null},{"variant":"short","language":"en","perspectives":null,"value":"GTX Line B;GTX-B","between":null,"side":null}]},"subtype":"rail","class":"unknown","connectors":[{"connector_id":"31d91384-821a-4fdf-bbde-085420bb5e15","at":0.0},{"connector_id":"4620ded8-8520-4d50-925d-689927ed1e6a","at":1.0}],"rail_flags":[{"values":["is_tunnel","is_under_construction"],"between":null}],"level_rules":[{"value":-6,"between":null}],"sources":[{"property":"","dataset":"OpenStreetMap","license":"ODbL-1.0","record_id":"w1272494852@7","update_time":"2026-05-28T21:22:46Z","confidence":null,"between":null,"provider":"osm","resource":"planet","version":"2026-08-05"}],"version":4}},
{"id":"0879cfb9-8ab5-4d5d-bceb-27c5093da5b0","type":"Feature","geometry":{"type":"LineString","coordinates":[[127.1033754,37.6108005],[127.1036145,37.6081783],[127.1035924,37.6067134],[127.1034727,37.6060956],[127.1033069,37.605454],[127.1029881,37.6048588],[127.1024222,37.6042584],[127.1013131,37.6033283],[127.1001232,37.602565],[127.0967038,37.6013327],[127.095026,37.6009064],[127.0927755,37.6002928],[127.0907399,37.5995164],[127.0888969,37.5988773],[127.0871757,37.5978309],[127.0830371,37.5962123],[127.0761031,37.5940928],[127.069199,37.5920088],[127.0642226,37.5905701],[127.0596629,37.589284],[127.0565622,37.5883778],[127.0547135,37.587452],[127.0531558,37.5864324],[127.052987,37.5862429],[127.0528003,37.5860041],[127.0524553,37.5856028],[127.0518575,37.5848681],[127.0509228,37.5837524],[127.0502232,37.5825359],[127.0493422,37.5810982],[127.0490166,37.5805555],[127.0485498,37.5799525],[127.0470609,37.5780062],[127.0450941,37.5761855],[127.0435443,37.5739714],[127.042352,37.5726246],[127.0400943,37.5702795],[127.0391116,37.5691488],[127.0381602,37.5677109],[127.0374626,37.5669154],[127.0363348,37.5664445],[127.0355321,37.5663345],[127.0347881,37.5662193],[127.0336347,37.5662597],[127.0282552,37.5669419],[127.0213467,37.5681],[127.0092304,37.5696733],[127.0048331,37.5695249],[127.0013627,37.5694545],[126.9964401,37.5685986],[126.9921217,37.5681922],[126.9886315,37.5680203],[126.9863835,37.5680046],[126.9843821,37.5675983],[126.9805074,37.5664885],[126.9790656,37.5657115],[126.97785,37.5646514],[126.9752945,37.5612225],[126.9729905,37.5581938],[126.9724134,37.5572373],[126.9721649,37.5561638],[126.9719169,37.5549888],[126.9710345,37.5495042],[126.9709496,37.5476497],[126.9709067,37.5456715],[126.9709338,37.5445541],[126.9709693,37.5421351],[126.9709286,37.5412041],[126.9710062,37.5394531],[126.9709264,37.5380169],[126.970732,37.536512],[126.9703395,37.5355526],[126.9697358,37.5346382],[126.9688031,37.5336837],[126.9668922,37.5324313],[126.9649745,37.5311604],[126.9597432,37.5267256],[126.9564785,37.5242045],[126.9550215,37.522883],[126.9519356,37.5201866],[126.9493951,37.5179464],[126.948376,37.5172548],[126.9476022,37.5165502],[126.9457684,37.5154061],[126.9441662,37.5148914],[126.9390224,37.5141486],[126.9374084,37.5139867],[126.9362888,37.5138598],[126.9348991,37.5138035],[126.9335632,37.5140123],[126.9325228,37.5141236],[126.9301368,37.5153899],[126.9285187,37.5168306],[126.9249059,37.5206483],[126.9222671,37.5234181],[126.922004,37.5236569],[126.9213214,37.5240346],[126.9203191,37.5242143],[126.9188628,37.524149],[126.9177822,37.5239178],[126.9167855,37.5234508],[126.9157549,37.5225705],[126.9153213,37.5220796],[126.9150277,37.5216257],[126.9145998,37.5202889],[126.9145091,37.5201592],[126.9141873,37.5196991],[126.9137544,37.5192058],[126.9133006,37.5188232],[126.9109876,37.5175066],[126.9062449,37.5155639],[126.9025498,37.5137768],[126.9005086,37.5125927],[126.8971638,37.5110612],[126.8942069,37.5097641],[126.8910183,37.5083241],[126.8894004,37.5075888],[126.8869928,37.5060194],[126.8852954,37.5050273],[126.8838415,37.5039747],[126.8829209,37.5032334],[126.8816415,37.502023],[126.8802938,37.5007471],[126.8781355,37.4996512],[126.8735962,37.4977222],[126.8723914,37.4972516],[126.8657488,37.4941096],[126.8644926,37.493761],[126.864232,37.4936887],[126.863313,37.4936353],[126.8622295,37.4937124],[126.8599132,37.4941155],[126.8545259,37.4951708],[126.8505078,37.4961942],[126.8347303,37.5005509],[126.8202647,37.5040548],[126.8173187,37.5048613],[126.8104859,37.5061672],[126.8061017,37.506611],[126.8030245,37.5063817],[126.7964779,37.505185],[126.7885904,37.5038241],[126.7808114,37.5024006],[126.7797565,37.5024162],[126.773693,37.5032453],[126.7673632,37.5040979],[126.7605208,37.5049817],[126.7547819,37.5056812],[126.7524532,37.5057586],[126.7511476,37.5057127],[126.7494503,37.5057613],[126.7483658,37.505511],[126.7469529,37.5042518],[126.744852,37.5010433],[126.7412815,37.4970121],[126.7391014,37.4946423],[126.7374661,37.4927734],[126.7367844,37.4919064],[126.7361407,37.491273],[126.7355059,37.490544],[126.7342438,37.489659],[126.7328658,37.4892797],[126.7313221,37.4891722],[126.7260983,37.4892894],[126.7195158,37.4896962],[126.7184478,37.4896693],[126.7176493,37.489503],[126.7164828,37.4890537],[126.7140365,37.487517],[126.7112958,37.4857422],[126.7089854,37.4842369],[126.7060871,37.482057],[126.7043048,37.4803794],[126.7037194,37.479316],[126.7036322,37.4785205],[126.7034164,37.4761176],[126.7033186,37.4736882],[126.7032289,37.4702309],[126.7026312,37.4646681],[126.7026175,37.4642752],[126.7024885,37.4605804],[126.7023417,37.4579858],[126.7019736,37.4551783],[126.7013311,37.4507295],[126.700808,37.4469212],[126.7002999,37.443255],[126.6997476,37.4398251],[126.699061,37.4366629],[126.6982885,37.4343866],[126.6974474,37.4334802],[126.6964689,37.4329554],[126.6954926,37.4325802],[126.6935507,37.432342],[126.6850606,37.4316114],[126.6812349,37.4308163],[126.6754965,37.4291312],[126.6736449,37.4283929],[126.6721521,37.4274411],[126.6711632,37.4264837],[126.6698673,37.4250181],[126.6691534,37.4235584],[126.6678524,37.4204175],[126.6668247,37.4177104],[126.6648854,37.414503],[126.6637083,37.4126523],[126.6583105,37.4051454],[126.6555924,37.4010879],[126.6548222,37.4003321],[126.6510282,37.3966163],[126.6470983,37.3929632],[126.6411357,37.3873749],[126.63829,37.3846631]]},"properties":{"names":{"primary":"수도권광역급행철도비선","common":[["en","Great Train eXpress Line B"],["ko","수도권광역급행철도비선"],["ko-Hani","首都圈廣域急行鐵道B線"],["zh","首都圈广域高速铁路B线"],["ja","首都圏広域急行鉄道 B路線"]],"rules":[{"variant":"common","language":null,"perspectives":null,"value":"수도권광역급행철도비선","between":null,"side":null},{"variant":"alternate","language":null,"perspectives":null,"value":"수도권 광역급행철도 B노선","between":null,"side":null},{"variant":"short","language":"en","perspectives":null,"value":"GTX Line B;GTX-B","between":null,"side":null}]},"subtype":"rail","class":"unknown","connectors":[{"connector_id":"0ddb07e0-2d8d-403b-889e-b6555dd743eb","at":0.0},{"connector_id":"c15a1aaf-c999-48d0-bc5f-edc5c9201415","at":0.096323239},{"connector_id":"f40947fc-a981-43ae-9841-7b796a48ae08","at":1.0}],"rail_flags":[{"values":["is_tunnel","is_under_construction"],"between":null}],"level_rules":[{"value":-6,"between":null}],"sources":[{"property":"","dataset":"OpenStreetMap","license":"ODbL-1.0","record_id":"w1272494853@9","update_time":"2026-05-21T19:55:03Z","confidence":null,"between":null,"provider":"osm","resource":"planet","version":"2026-08-05"}],"version":5}}]}