{"type": "FeatureCollection", "features": [
{"id":"40520f3c-a518-4d0a-bcff-9a7409523d5f","type":"Feature","geometry":{"type":"Polygon","coordinates":[[[127.0781735,37.4002706],[127.0782258,37.4002317],[127.0783518,37.4002445],[127.0783921,37.4002967],[127.0783545,37.4004874],[127.0783047,37.4005196],[127.0781696,37.4005034],[127.0781346,37.4004427],[127.0781735,37.4002706]]]},"properties":{"sources":[{"property":"","dataset":"OpenStreetMap","license":"ODbL-1.0","record_id":"w1531992250@1","update_time":"2026-06-24T16:37:35.000Z","confidence":null,"between":null,"provider":"osm","resource":"planet","version":"2026-08-02T00:00:00.000Z"}],"level":2,"is_underground":false,"subtype":"outbuilding","class":"roof","has_parts":false,"version":1}},
{"id":"3c1aa1b2-6f38-4136-9763-8d5e68a747fa","type":"Feature","geometry":{"type":"Polygon","coordinates":[[[127.080231,37.4032507],[127.080323,37.403188],[127.0805248,37.4033749],[127.0804327,37.4034376],[127.080231,37.4032507]]]},"properties":{"sources":[{"property":"","dataset":"doi:10.5281/zenodo.8174931","license":null,"record_id":null,"update_time":"2024-11-01T00:00:00.000Z","confidence":null,"between":null,"provider":"zenodo","resource":"east_asian_buildings","version":"2024-11-01"}],"is_underground":false,"has_parts":false,"version":1}},
{"id":"3df9fbc6-c433-46fc-8b40-235f5abeef5e","type":"Feature","geometry":{"type":"Polygon","coordinates":[[[127.0792882,37.4049511],[127.0792406,37.4050077],[127.0789554,37.4048563],[127.079003,37.4047997],[127.0792882,37.4049511]]]},"properties":{"sources":[{"property":"","dataset":"doi:10.5281/zenodo.8174931","license":null,"record_id":null,"update_time":"2024-11-01T00:00:00.000Z","confidence":null,"between":null,"provider":"zenodo","resource":"east_asian_buildings","version":"2024-11-01"}],"is_underground":false,"has_parts":false,"version":1}},
{"id":"2c38e5d0-0d7b-4c47-8bc5-e0192c73c937","type":"Feature","geometry":{"type":"Polygon","coordinates":[[[127.079459,37.4048002],[127.0793483,37.4049235],[127.0792708,37.4048795],[127.0792486,37.4049042],[127.0789539,37.4047371],[127.0790535,37.4046262],[127.0791156,37.4046614],[127.0791488,37.4046244],[127.079459,37.4048002]]]},"properties":{"sources":[{"property":"","dataset":"doi:10.5281/zenodo.8174931","license":null,"record_id":null,"update_time":"2024-11-01T00:00:00.000Z","confidence":null,"between":null,"provider":"zenodo","resource":"east_asian_buildings","version":"2024-11-01"}],"is_underground":false,"has_parts":false,"version":1}},
{"id":"c1c270e9-e503-471a-96af-0c95b0ad10b9","type":"Feature","geometry":{"type":"Polygon","coordinates":[[[127.0778587,37.4042693],[127.0779614,37.4042434],[127.0779818,37.4042944],[127.077879,37.4043203],[127.0778587,37.4042693]]]},"properties":{"sources":[{"property":"","dataset":"doi:10.5281/zenodo.8174931","license":null,"record_id":null,"update_time":"2024-11-01T00:00:00.000Z","confidence":null,"between":null,"provider":"zenodo","resource":"east_asian_buildings","version":"2024-11-01"}],"is_underground":false,"has_parts":false,"version":1}},
{"id":"50059209-4bee-48d7-bf8a-e0192667f9f9","type":"Feature","geometry":{"type":"Polygon","coordinates":[[[127.0783214,37.4045745],[127.0784702,37.4042309],[127.0788756,37.4043417],[127.0787982,37.4045207],[127.0788612,37.4045379],[127.0787899,37.4047025],[127.0783214,37.4045745]]]},"properties":{"sources":[{"property":"","dataset":"doi:10.5281/zenodo.8174931","license":null,"record_id":null,"update_time":"2024-11-01T00:00:00.000Z","confidence":null,"between":null,"provider":"zenodo","resource":"east_asian_buildings","version":"2024-11-01"}],"is_underground":false,"has_parts":false,"version":1}},
{"id":"e1e26b73-8688-4cd6-9167-71b9e4dc3733","type":"Feature","geometry":{"type":"Polygon","coordinates":[[[127.0787907,37.4047871],[127.0785485,37.4047457],[127.0785525,37.4047309],[127.0787947,37.4047723],[127.0787907,37.4047871]]]},"properties":{"sources":[{"property":"","dataset":"doi:10.5281/zenodo.8174931","license":null,"record_id":null,"update_time":"2024-11-01T00:00:00.000Z","confidence":null,"between":null,"provider":"zenodo","resource":"east_asian_buildings","version":"2024-11-01"}],"is_underground":false,"has_parts":false,"version":1}},
{"id":"31ea61b2-c8f1-402b-bdf2-3ef4024be9b2","type":"Feature","geometry":{"type":"Polygon","coordinates":[[[127.0782796,37.4046553],[127.0784101,37.4047016],[127.0783945,37.4047292],[127.078264,37.4046829],[127.0782796,37.4046553]]]},"properties":{"sources":[{"property":"","dataset":"doi:10.5281/zenodo.8174931","license":null,"record_id":null,"update_time":"2024-11-01T00:00:00.000Z","confidence":null,"between":null,"provider":"zenodo","resource":"east_asian_buildings","version":"2024-11-01"}],"is_underground":false,"has_parts":false,"version":1}},
{"id":"116a1ca4-1b65-442d-9d2c-507b9862323e","type":"Feature","geometry":{"type":"Polygon","coordinates":[[[127.0777863,37.4043058],[127.0776633,37.4042944],[127.0776577,37.404332],[127.0774969,37.404317],[127.0775124,37.4042118],[127.0777963,37.4042382],[127.0777863,37.4043058]]]},"properties":{"sources":[{"property":"","dataset":"doi:10.5281/zenodo.8174931","license":null,"record_id":null,"update_time":"2024-11-01T00:00:00.000Z","confidence":null,"between":null,"provider":"zenodo","resource":"east_asian_buildings","version":"2024-11-01"}],"is_underground":false,"has_parts":false,"version":1}},
{"id":"98ecb5b5-ea63-4ef7-9f7e-25b96e1ea1ba","type":"Feature","geometry":{"type":"Polygon","coordinates":[[[127.0777611,37.4043088],[127.0777786,37.4043377],[127.0777179,37.4043609],[127.0777004,37.404332],[127.0777611,37.4043088]]]},"properties":{"sources":[{"property":"","dataset":"doi:10.5281/zenodo.8174931","license":null,"record_id":null,"update_time":"2024-11-01T00:00:00.000Z","confidence":null,"between":null,"provider":"zenodo","resource":"east_asian_buildings","version":"2024-11-01"}],"is_underground":false,"has_parts":false,"version":1}},
{"id":"7b670b34-fc00-4f9a-8b1c-d3866745de26","type":"Feature","geometry":{"type":"Polygon","coordinates":[[[127.0778968,37.4040962],[127.077402,37.4040757],[127.0774129,37.4039094],[127.0779077,37.4039299],[127.0778968,37.4040962]]]},"properties":{"sources":[{"property":"","dataset":"doi:10.5281/zenodo.8174931","license":null,"record_id":null,"update_time":"2024-11-01T00:00:00.000Z","confidence":null,"between":null,"provider":"zenodo","resource":"east_asian_buildings","version":"2024-11-01"}],"is_underground":false,"has_parts":false,"version":1}},
{"id":"7f006a66-d85d-41f6-b374-6f892a1f57e7","type":"Feature","geometry":{"type":"Polygon","coordinates":[[[127.078642,37.4048912],[127.0788271,37.4049515],[127.078809,37.4049865],[127.0786239,37.4049262],[127.078642,37.4048912]]]},"properties":{"sources":[{"property":"","dataset":"doi:10.5281/zenodo.8174931","license":null,"record_id":null,"update_time":"2024-11-01T00:00:00.000Z","confidence":null,"between":null,"provider":"zenodo","resource":"east_asian_buildings","version":"2024-11-01"}],"is_underground":false,"has_parts":false,"version":1}},
{"id":"a3538285-c55c-48fb-b67b-2fe1bb0fadad","type":"Feature","geometry":{"type":"Polygon","coordinates":[[[127.0815635,37.4060845],[127.0813885,37.4060917],[127.0813822,37.4059955],[127.0815572,37.4059883],[127.0815635,37.4060845]]]},"properties":{"sources":[{"property":"","dataset":"doi:10.5281/zenodo.8174931","license":null,"record_id":null,"update_time":"2024-11-01T00:00:00.000Z","confidence":null,"between":null,"provider":"zenodo","resource":"east_asian_buildings","version":"2024-11-01"}],"is_underground":false,"has_parts":false,"version":1}},
{"id":"a5ad93eb-394d-40d6-9b18-60e62c71d529","type":"Feature","geometry":{"type":"Polygon","coordinates":[[[127.0806772,37.4069057],[127.0807438,37.4068977],[127.0807478,37.4069188],[127.0806812,37.4069269],[127.0806772,37.4069057]]]},"properties":{"sources":[{"property":"","dataset":"doi:10.5281/zenodo.8174931","license":null,"record_id":null,"update_time":"2024-11-01T00:00:00.000Z","confidence":null,"between":null,"provider":"zenodo","resource":"east_asian_buildings","version":"2024-11-01"}],"is_underground":false,"has_parts":false,"version":1}},
{"id":"30974522-672c-427f-9777-f993e10a8c03","type":"Feature","geometry":{"type":"Polygon","coordinates":[[[127.0806706,37.406799],[127.0807379,37.4067979],[127.0807394,37.4068514],[127.080672,37.4068525],[127.0806706,37.406799]]]},"properties":{"sources":[{"property":"","dataset":"doi:10.5281/zenodo.8174931","license":null,"record_id":null,"update_time":"2024-11-01T00:00:00.000Z","confidence":null,"between":null,"provider":"zenodo","resource":"east_asian_buildings","version":"2024-11-01"}],"is_underground":false,"has_parts":false,"version":1}},
{"id":"891d56f0-224f-4cfd-aa52-683f54b12df6","type":"Feature","geometry":{"type":"Polygon","coordinates":[[[127.0807055,37.4070324],[127.0807094,37.4070965],[127.0804941,37.4071049],[127.0804901,37.4070408],[127.0807055,37.4070324]]]},"properties":{"sources":[{"property":"","dataset":"doi:10.5281/zenodo.8174931","license":null,"record_id":null,"update_time":"2024-11-01T00:00:00.000Z","confidence":null,"between":null,"provider":"zenodo","resource":"east_asian_buildings","version":"2024-11-01"}],"is_underground":false,"has_parts":false,"version":1}},
{"id":"dd1bf0b9-f8b1-416c-aec4-d6b9221dea08","type":"Feature","geometry":{"type":"Polygon","coordinates":[[[127.0801361,37.4077269],[127.0801223,37.4076527],[127.0802423,37.4076386],[127.0802561,37.4077127],[127.0801361,37.4077269]]]},"properties":{"sources":[{"property":"","dataset":"doi:10.5281/zenodo.8174931","license":null,"record_id":null,"update_time":"2024-11-01T00:00:00.000Z","confidence":null,"between":null,"provider":"zenodo","resource":"east_asian_buildings","version":"2024-11-01"}],"is_underground":false,"has_parts":false,"version":1}},
{"id":"ab165dba-50ac-4100-80fa-fc83e863dfaa","type":"Feature","geometry":{"type":"Polygon","coordinates":[[[127.0816234,37.4081138],[127.0817224,37.4081593],[127.0817033,37.4081855],[127.0816043,37.40814],[127.0816234,37.4081138]]]},"properties":{"sources":[{"property":"","dataset":"doi:10.5281/zenodo.8174931","license":null,"record_id":null,"update_time":"2024-11-01T00:00:00.000Z","confidence":null,"between":null,"provider":"zenodo","resource":"east_asian_buildings","version":"2024-11-01"}],"is_underground":false,"has_parts":false,"version":1}},
{"id":"3d18adf1-0ee8-48cf-826e-8b6f5da34c3b","type":"Feature","geometry":{"type":"Polygon","coordinates":[[[127.0817472,37.408583900000004],[127.0814635,37.4086523],[127.0813931,37.4084679],[127.0814447,37.4084555],[127.0814212,37.408394],[127.0817049,37.4083257],[127.0817479,37.4084384],[127.0816964,37.4084508],[127.0817472,37.408583900000004]]]},"properties":{"sources":[{"property":"","dataset":"doi:10.5281/zenodo.8174931","license":null,"record_id":null,"update_time":"2024-11-01T00:00:00.000Z","confidence":null,"between":null,"provider":"zenodo","resource":"east_asian_buildings","version":"2024-11-01"}],"is_underground":false,"has_parts":false,"version":1}},
{"id":"f98f1ef4-334a-4abb-a296-fdf2fd0f60ea","type":"Feature","geometry":{"type":"Polygon","coordinates":[[[127.0787902,37.4080271],[127.0788393,37.4080638],[127.0786916,37.4081885],[127.0786425,37.4081519],[127.0787902,37.4080271]]]},"properties":{"sources":[{"property":"","dataset":"doi:10.5281/zenodo.8174931","license":null,"record_id":null,"update_time":"2024-11-01T00:00:00.000Z","confidence":null,"between":null,"provider":"zenodo","resource":"east_asian_buildings","version":"2024-11-01"}],"is_underground":false,"has_parts":false,"version":1}},
{"id":"139301ed-78f0-40ed-93d9-95f69b48e24c","type":"Feature","geometry":{"type":"Polygon","coordinates":[[[127.0789229,37.4089026],[127.0785972,37.4086929],[127.0786392,37.4086518],[127.0789649,37.4088614],[127.0789229,37.4089026]]]},"properties":{"sources":[{"property":"","dataset":"doi:10.5281/zenodo.8174931","license":null,"record_id":null,"update_time":"2024-11-01T00:00:00.000Z","confidence":null,"between":null,"provider":"zenodo","resource":"east_asian_buildings","version":"2024-11-01"}],"is_underground":false,"has_parts":false,"version":1}},
{"id":"729aedde-b337-4a81-b7cb-448396acec9b","type":"Feature","geometry":{"type":"Polygon","coordinates":[[[127.0763381,37.4074159],[127.0763058,37.4073342],[127.0764344,37.4073021],[127.0764667,37.4073838],[127.0763381,37.4074159]]]},"properties":{"sources":[{"property":"","dataset":"doi:10.5281/zenodo.8174931","license":null,"record_id":null,"update_time":"2024-11-01T00:00:00.000Z","confidence":null,"between":null,"provider":"zenodo","resource":"east_asian_buildings","version":"2024-11-01"}],"is_underground":false,"has_parts":false,"version":1}},
{"id":"7454b158-128c-41c6-9a27-71a2c52b4c6d","type":"Feature","geometry":{"type":"Polygon","coordinates":[[[127.0791599,37.4092838],[127.0792787,37.4092642],[127.0792869,37.4092956],[127.0791682,37.4093153],[127.0791599,37.4092838]]]},"properties":{"sources":[{"property":"","dataset":"doi:10.5281/zenodo.8174931","license":null,"record_id":null,"update_time":"2024-11-01T00:00:00.000Z","confidence":null,"between":null,"provider":"zenodo","resource":"east_asian_buildings","version":"2024-11-01"}],"is_underground":false,"has_parts":false,"version":1}},
{"id":"ebb9ba69-e8f0-4afb-8486-f9bf913bb304","type":"Feature","geometry":{"type":"Polygon","coordinates":[[[127.0812053,37.4108896],[127.0809284,37.4110135],[127.0808338,37.4108791],[127.0811028,37.4107542],[127.0812606,37.4106805],[127.0816064,37.410519],[127.0817866,37.4104277],[127.0818884,37.4103765],[127.0819929,37.4105277],[127.0819072,37.4105681],[127.0817183,37.4106561],[127.0813708,37.4108143],[127.0812053,37.4108896]]]},"properties":{"names":{"primary":"금토TG","common":[["en","Geumto TG"]],"rules":null},"sources":[{"property":"","dataset":"OpenStreetMap","license":"ODbL-1.0","record_id":"w480572127@5","update_time":"2021-11-29T15:45:50.000Z","confidence":null,"between":null,"provider":"osm","resource":"planet","version":"2026-08-02T00:00:00.000Z"}],"is_underground":false,"has_parts":false,"version":1}},
{"id":"0f684c74-98e1-4c5f-943f-ed12d5c9398e","type":"Feature","geometry":{"type":"Polygon","coordinates":[[[127.0805201,37.4110766],[127.0805675,37.4110562],[127.0807602,37.4113384],[127.0807129,37.4113589],[127.0805201,37.4110766]]]},"properties":{"sources":[{"property":"","dataset":"doi:10.5281/zenodo.8174931","license":null,"record_id":null,"update_time":"2024-11-01T00:00:00.000Z","confidence":null,"between":null,"provider":"zenodo","resource":"east_asian_buildings","version":"2024-11-01"}],"is_underground":false,"has_parts":false,"version":1}},
{"id":"72577a9f-7c19-4682-9e3f-edfecfc57783","type":"Feature","geometry":{"type":"Polygon","coordinates":[[[127.0846938,37.4139293],[127.0847995,37.4138629],[127.0848998,37.4139637],[127.0847941,37.41403],[127.0846938,37.4139293]]]},"properties":{"sources":[{"property":"","dataset":"doi:10.5281/zenodo.8174931","license":null,"record_id":null,"update_time":"2024-11-01T00:00:00.000Z","confidence":null,"between":null,"provider":"zenodo","resource":"east_asian_buildings","version":"2024-11-01"}],"is_underground":false,"has_parts":false,"version":1}},
{"id":"b8f256df-81bc-4fed-bee3-ba7ebcca35f5","type":"Feature","geometry":{"type":"Polygon","coordinates":[[[127.0849158,37.4137579],[127.0850824,37.4136493],[127.0851935,37.4137569],[127.0849748,37.4138994],[127.0849321,37.4138581],[127.0849841,37.4138241],[127.0849158,37.4137579]]]},"properties":{"sources":[{"property":"","dataset":"doi:10.5281/zenodo.8174931","license":null,"record_id":null,"update_time":"2024-11-01T00:00:00.000Z","confidence":null,"between":null,"provider":"zenodo","resource":"east_asian_buildings","version":"2024-11-01"}],"is_underground":false,"has_parts":false,"version":1}},
{"id":"5a21047d-f676-45f3-9184-a52f390620af","type":"Feature","geometry":{"type":"Polygon","coordinates":[[[127.0854224,37.4134646],[127.0853735,37.4134278],[127.0854013,37.4134045],[127.0854502,37.4134412],[127.0854224,37.4134646]]]},"properties":{"sources":[{"property":"","dataset":"doi:10.5281/zenodo.8174931","license":null,"record_id":null,"update_time":"2024-11-01T00:00:00.000Z","confidence":null,"between":null,"provider":"zenodo","resource":"east_asian_buildings","version":"2024-11-01"}],"is_underground":false,"has_parts":false,"version":1}},
{"id":"ee617358-79ba-4054-bae5-2ec4dfcd31bf","type":"Feature","geometry":{"type":"Polygon","coordinates":[[[127.0981478,37.4130202],[127.0982365,37.4130223],[127.0986603,37.4128237],[127.0990741,37.4133155],[127.0990066,37.4135695],[127.0982488,37.4140026],[127.097994,37.413717],[127.098064,37.4136775],[127.0980244,37.413633],[127.0979591,37.4136697],[127.0976451,37.4132931],[127.0976222,37.413306],[127.0975841,37.4133001],[127.0975493,37.4132607],[127.097547,37.4132489],[127.097555,37.4132391],[127.0976407,37.4131948],[127.0977234,37.4129985],[127.0978216,37.4130072],[127.0978411,37.4129111],[127.0980692,37.4129304],[127.0981636,37.4129425],[127.0981478,37.4130202]]]},"properties":{"names":{"primary":"파이어스몰","common":null,"rules":null},"sources":[{"property":"","dataset":"OpenStreetMap","license":"ODbL-1.0","record_id":"w1465355960@1","update_time":"2026-01-08T15:56:05.000Z","confidence":null,"between":null,"provider":"osm","resource":"planet","version":"2026-08-02T00:00:00.000Z"}],"is_underground":false,"subtype":"commercial","class":"commercial","has_parts":false,"version":2}},
{"id":"f625fe2a-e49c-4c86-b66d-d78a724bd06b","type":"Feature","geometry":{"type":"Polygon","coordinates":[[[127.0981424,37.4063066],[127.0976389,37.4057466],[127.0979438,37.405571],[127.097951,37.4055779],[127.0979903,37.4055549],[127.097986,37.4055462],[127.0982847,37.4053748],[127.0989088,37.4060684],[127.0984839,37.4063137],[127.0983977,37.4062202],[127.0982272,37.4063169],[127.0981938,37.4062786],[127.0981424,37.4063066]]]},"properties":{"names":{"primary":"SKC&C판교캠퍼스A동","common":null,"rules":null},"sources":[{"property":"","dataset":"OpenStreetMap","license":"ODbL-1.0","record_id":"w684715306@4","update_time":"2023-06-12T03:32:41.000Z","confidence":null,"between":null,"provider":"osm","resource":"planet","version":"2026-08-02T00:00:00.000Z"}],"height":24.0,"is_underground":false,"num_floors":6,"subtype":"commercial","class":"office","has_parts":false,"version":1}},
{"id":"8a6b6c02-cbde-489e-a1ef-9e8b02e0dc60","type":"Feature","geometry":{"type":"Polygon","coordinates":[[[127.0975027,37.4052489],[127.0973474,37.4050742],[127.0977522,37.4048451],[127.0979024,37.4050076],[127.0976966,37.4051259],[127.0977801,37.4052253],[127.0979188,37.4051504],[127.0980639,37.4053149],[127.0976599,37.4055511],[127.0975142,37.4053904],[127.0975584,37.405366],[127.0975456,37.405349],[127.0975038,37.4053743],[127.097424,37.4052938],[127.0975027,37.4052489]]]},"properties":{"names":{"primary":"씨즈타워","common":[["ja","シーズタワー"]],"rules":null},"sources":[{"property":"","dataset":"OpenStreetMap","license":"ODbL-1.0","record_id":"w684715307@4","update_time":"2025-01-19T11:40:26.000Z","confidence":null,"between":null,"provider":"osm","resource":"planet","version":"2026-08-02T00:00:00.000Z"}],"height":32.0,"is_underground":false,"num_floors":8,"subtype":"commercial","class":"office","has_parts":false,"version":1}},
{"id":"c3244437-23dd-4181-9cb4-c09cfd57b8fb","type":"Feature","geometry":{"type":"Polygon","coordinates":[[[127.0973185,37.4078836],[127.0973523,37.4078294],[127.0974889,37.4078831],[127.0974551,37.4079374],[127.0973185,37.4078836]]]},"properties":{"sources":[{"property":"","dataset":"doi:10.5281/zenodo.8174931","license":null,"record_id":null,"update_time":"2024-11-01T00:00:00.000Z","confidence":null,"between":null,"provider":"zenodo","resource":"east_asian_buildings","version":"2024-11-01"}],"is_underground":false,"has_parts":false,"version":1}},
{"id":"396c42be-1d53-4c6f-9693-b2c9427e4d31","type":"Feature","geometry":{"type":"Polygon","coordinates":[[[127.0981004,37.4087025],[127.0979788,37.4087486],[127.097944,37.4086906],[127.0980656,37.4086445],[127.0981004,37.4087025]]]},"properties":{"sources":[{"property":"","dataset":"doi:10.5281/zenodo.8174931","license":null,"record_id":null,"update_time":"2024-11-01T00:00:00.000Z","confidence":null,"between":null,"provider":"zenodo","resource":"east_asian_buildings","version":"2024-11-01"}],"is_underground":false,"has_parts":false,"version":1}},
{"id":"fb428bcb-f952-4515-8b06-0e1455c5f01e","type":"Feature","geometry":{"type":"Polygon","coordinates":[[[127.097569,37.4084228],[127.0975197,37.4083998],[127.0975583,37.4083476],[127.0976076,37.4083706],[127.097569,37.4084228]]]},"properties":{"sources":[{"property":"","dataset":"doi:10.5281/zenodo.8174931","license":null,"record_id":null,"update_time":"2024-11-01T00:00:00.000Z","confidence":null,"between":null,"provider":"zenodo","resource":"east_asian_buildings","version":"2024-11-01"}],"is_underground":false,"has_parts":false,"version":1}},
{"id":"d56128aa-4b9f-4025-912d-fd8f0d114ff0","type":"Feature","geometry":{"type":"Polygon","coordinates":[[[127.0976775,37.4083978],[127.0976456,37.4084355],[127.097614,37.4084186],[127.0976459,37.4083809],[127.0976775,37.4083978]]]},"properties":{"sources":[{"property":"","dataset":"doi:10.5281/zenodo.8174931","license":null,"record_id":null,"update_time":"2024-11-01T00:00:00.000Z","confidence":null,"between":null,"provider":"zenodo","resource":"east_asian_buildings","version":"2024-11-01"}],"is_underground":false,"has_parts":false,"version":1}},
{"id":"4fd156eb-977f-4c94-9567-d7d1864acd47","type":"Feature","geometry":{"type":"Polygon","coordinates":[[[127.0974085,37.4087467],[127.097439,37.4086912],[127.0975613,37.4087335],[127.0975308,37.408789],[127.0974085,37.4087467]]]},"properties":{"sources":[{"property":"","dataset":"doi:10.5281/zenodo.8174931","license":null,"record_id":null,"update_time":"2024-11-01T00:00:00.000Z","confidence":null,"between":null,"provider":"zenodo","resource":"east_asian_buildings","version":"2024-11-01"}],"is_underground":false,"has_parts":false,"version":1}},
{"id":"d32aebd2-d0b4-4e37-ae3b-a127a6290d5d","type":"Feature","geometry":{"type":"Polygon","coordinates":[[[127.097035,37.4097981],[127.0970189,37.4097243],[127.0971118,37.4097115],[127.097128,37.4097853],[127.097035,37.4097981]]]},"properties":{"sources":[{"property":"","dataset":"doi:10.5281/zenodo.8174931","license":null,"record_id":null,"update_time":"2024-11-01T00:00:00.000Z","confidence":null,"between":null,"provider":"zenodo","resource":"east_asian_buildings","version":"2024-11-01"}],"is_underground":false,"has_parts":false,"version":1}},
{"id":"975d69f7-7a43-4ad3-b364-793429b01dd3","type":"Feature","geometry":{"type":"Polygon","coordinates":[[[127.0967656,37.4098345],[127.0967555,37.4097708],[127.0968357,37.4097627],[127.0968458,37.4098265],[127.0967656,37.4098345]]]},"properties":{"sources":[{"property":"","dataset":"doi:10.5281/zenodo.8174931","license":null,"record_id":null,"update_time":"2024-11-01T00:00:00.000Z","confidence":null,"between":null,"provider":"zenodo","resource":"east_asian_buildings","version":"2024-11-01"}],"is_underground":false,"has_parts":false,"version":1}},
{"id":"39576844-409c-4429-ac9e-a1ad1c3f2600","type":"Feature","geometry":{"type":"Polygon","coordinates":[[[127.0974896,37.4104576],[127.0974715,37.4104061],[127.0975623,37.4103859],[127.0975805,37.4104374],[127.0974896,37.4104576]]]},"properties":{"sources":[{"property":"","dataset":"doi:10.5281/zenodo.8174931","license":null,"record_id":null,"update_time":"2024-11-01T00:00:00.000Z","confidence":null,"between":null,"provider":"zenodo","resource":"east_asian_buildings","version":"2024-11-01"}],"is_underground":false,"has_parts":false,"version":1}},
{"id":"b39e3f46-3e7c-49b0-957e-472fa59df402","type":"Feature","geometry":{"type":"Polygon","coordinates":[[[127.0975024,37.4106158],[127.0976639,37.4106103],[127.0976697,37.4107173],[127.0975081,37.4107228],[127.0975024,37.4106158]]]},"properties":{"sources":[{"property":"","dataset":"doi:10.5281/zenodo.8174931","license":null,"record_id":null,"update_time":"2024-11-01T00:00:00.000Z","confidence":null,"between":null,"provider":"zenodo","resource":"east_asian_buildings","version":"2024-11-01"}],"is_underground":false,"has_parts":false,"version":1}},
{"id":"e5bd5207-0a1d-4a24-b107-3cad3fdf2927","type":"Feature","geometry":{"type":"Polygon","coordinates":[[[127.0982957,37.411215],[127.0984548,37.4113385],[127.0983485,37.4114546],[127.0982133,37.411353],[127.098176,37.4113906],[127.0981131,37.4113572],[127.0981489,37.4113181],[127.0979945,37.4112512],[127.0978325,37.4112263],[127.0978292,37.411276],[127.0977575,37.4112705],[127.0977608,37.4112201],[127.0975591,37.4112231],[127.0975726,37.4110867],[127.0978184,37.4110774],[127.0980723,37.4111191],[127.0982957,37.411215]]]},"properties":{"sources":[{"property":"","dataset":"OpenStreetMap","license":"ODbL-1.0","record_id":"w612792136@1","update_time":"2018-07-31T23:46:57.000Z","confidence":null,"between":null,"provider":"osm","resource":"planet","version":"2026-08-02T00:00:00.000Z"}],"is_underground":false,"subtype":"residential","class":"apartments","has_parts":false,"version":1}},
{"id":"1b069524-4a63-4a57-825c-3df0137a56ef","type":"Feature","geometry":{"type":"Polygon","coordinates":[[[127.0972434,37.4111235],[127.097463,37.4111001],[127.0974773,37.4112117],[127.0973236,37.411239],[127.0973311,37.4112807],[127.0972469,37.4112907],[127.0972367,37.4112544],[127.0971099,37.4112895],[127.0971089,37.4113312],[127.097017,37.4113325],[127.0970179,37.4112983],[127.0968062,37.4113001],[127.096613,37.4112704],[127.0965969,37.4112983],[127.0965177,37.4112774],[127.0965334,37.4112491],[127.096342,37.4111694],[127.0964142,37.4110624],[127.0966363,37.4111581],[127.0968327,37.4111883],[127.0970433,37.4111806],[127.0972434,37.4111235]]]},"properties":{"sources":[{"property":"","dataset":"OpenStreetMap","license":"ODbL-1.0","record_id":"w612792137@1","update_time":"2018-07-31T23:46:57.000Z","confidence":null,"between":null,"provider":"osm","resource":"planet","version":"2026-08-02T00:00:00.000Z"}],"is_underground":false,"subtype":"residential","class":"apartments","has_parts":false,"version":1}},
{"id":"0b584372-ae74-4677-a212-39f0e4518f93","type":"Feature","geometry":{"type":"Polygon","coordinates":[[[127.0976198,37.4123805],[127.0974451,37.4123385],[127.0973937,37.4125791],[127.0972645,37.4125612],[127.0968199,37.4124248],[127.0968998,37.4120405],[127.0970089,37.4120621],[127.0970843,37.4118274],[127.0969922,37.4118121],[127.0970739,37.4115908],[127.0973968,37.4116326],[127.097378,37.411725],[127.0974929,37.411733],[127.097544,37.4115908],[127.0976841,37.4115896],[127.0980538,37.4116632],[127.0982905,37.4117658],[127.0981761,37.4119195],[127.0982456,37.4120088],[127.0982666,37.4120273],[127.09829,37.4120187],[127.0982922,37.4119843],[127.0983794,37.4119404],[127.0984207,37.411928],[127.098451,37.4119193],[127.098486,37.411928],[127.0985614,37.4119813],[127.0989254,37.4122416],[127.0989543,37.4122601],[127.0989675,37.4122799],[127.0989699,37.412304],[127.0989629,37.4123238],[127.0985527,37.4125303],[127.0985247,37.4125489],[127.0982365,37.4130223],[127.0981478,37.4130202],[127.0981636,37.4129425],[127.0980692,37.4129304],[127.0979834,37.4125815],[127.0976024,37.4126096],[127.0975894,37.4125046],[127.0976198,37.4123805]],[[127.0980346,37.4120424],[127.0981389,37.4120672],[127.0981739,37.4120721],[127.0981903,37.4120622],[127.0981965,37.4120511],[127.0981895,37.4120387],[127.0981467,37.4119825],[127.0981249,37.4119992],[127.0980883,37.4120152],[127.0980471,37.4120227],[127.0980097,37.4120208],[127.0980346,37.4120424]],[[127.0978731,37.4121783],[127.0979162,37.4121163],[127.0979265,37.4120796],[127.0979193,37.4120518],[127.0978844,37.4120249],[127.0975814,37.4119735],[127.0975352,37.4119686],[127.0975321,37.4120943],[127.0972353,37.4120543],[127.0972384,37.4119393],[127.0971727,37.411936],[127.0971634,37.4119874],[127.0971655,37.4120306],[127.0971706,37.4120518],[127.0971901,37.4120796],[127.0972281,37.412104],[127.0978269,37.4122182],[127.0978484,37.4122068],[127.0978731,37.4121783]],[[127.0986932,37.4122325],[127.0985545,37.412124],[127.0983418,37.4122212],[127.0984356,37.4123506],[127.098487,37.4123271],[127.0984693,37.4123027],[127.0986333,37.4122278],[127.0986508,37.4122519],[127.0986932,37.4122325]],[[127.098184,37.4129271],[127.0984261,37.4125209],[127.0984304,37.4124962],[127.098409,37.4124572],[127.0981896,37.4121938],[127.0981647,37.4121778],[127.0981008,37.4121629],[127.0980283,37.4121565],[127.0980047,37.4121707],[127.0979935,37.4121998],[127.0980053,37.4122328],[127.098103,37.4124104],[127.0981197,37.4124545],[127.098184,37.4129271]]]},"properties":{"names":{"primary":"판교아이스퀘어포레나오피스텔","common":null,"rules":null},"sources":[{"property":"","dataset":"OpenStreetMap","license":"ODbL-1.0","record_id":"r20060240@1","update_time":"2026-01-08T15:56:05.000Z","confidence":null,"between":null,"provider":"osm","resource":"planet","version":"2026-08-02T00:00:00.000Z"}],"is_underground":false,"num_floors":10,"subtype":"commercial","class":"commercial","has_parts":false,"version":3}},
{"id":"4385a6fe-cf0c-4261-be32-d54c5ea2d94e","type":"Feature","geometry":{"type":"Polygon","coordinates":[[[127.0952502,37.4125421],[127.0956322,37.4122582],[127.0966551,37.4126204],[127.0965689,37.4128211],[127.0964035,37.4130328],[127.0962312,37.4130755],[127.0959636,37.4130326],[127.09573,37.4129896],[127.0954597,37.4127476],[127.0952502,37.4125421]]]},"properties":{"names":{"primary":"판교 제2 테크노 LH임대주택","common":null,"rules":null},"sources":[{"property":"","dataset":"OpenStreetMap","license":"ODbL-1.0","record_id":"w859561598@2","update_time":"2022-03-23T02:23:10.000Z","confidence":null,"between":null,"provider":"osm","resource":"planet","version":"2026-08-02T00:00:00.000Z"}],"is_underground":false,"num_floors":10,"subtype":"residential","class":"residential","has_parts":false,"version":1}},
{"id":"52f201dc-f26c-439f-a9f2-c8300db4416a","type":"Feature","geometry":{"type":"Polygon","coordinates":[[[127.0936623,37.4122965],[127.0938856,37.4119575],[127.0945284,37.4122857],[127.0948372,37.4121052],[127.0945915,37.411845],[127.0948486,37.4117017],[127.0953674,37.4121717],[127.0945873,37.4126063],[127.0945699,37.4126126],[127.0945535,37.4126154],[127.0945216,37.4126187],[127.0945039,37.4126195],[127.0944849,37.4126202],[127.0944562,37.4126191],[127.0944247,37.4126163],[127.0944065,37.4126136],[127.0943876,37.4126103],[127.094364,37.4126052],[127.0943452,37.4126001],[127.0943254,37.4125939],[127.0936623,37.4122965]]]},"properties":{"names":{"primary":"공공지식산업센터","common":null,"rules":null},"sources":[{"property":"","dataset":"OpenStreetMap","license":"ODbL-1.0","record_id":"w619101478@3","update_time":"2019-07-22T07:38:43.000Z","confidence":null,"between":null,"provider":"osm","resource":"planet","version":"2026-08-02T00:00:00.000Z"}],"is_underground":false,"has_parts":false,"version":1}},
{"id":"df8ff2b5-4b80-456a-aeb6-a54d47bcfaf0","type":"Feature","geometry":{"type":"Polygon","coordinates":[[[127.0935132,37.4119635],[127.0932456,37.4116842],[127.0934701,37.4115571],[127.0935742,37.4116727],[127.093782,37.4115619],[127.0937124,37.4112422],[127.0941313,37.4109619],[127.0946604,37.4108968],[127.0946946,37.4111367],[127.0942631,37.4111777],[127.0940783,37.4112819],[127.094042,37.4113355],[127.0941182,37.4116226],[127.0935132,37.4119635]]]},"properties":{"names":{"primary":"기업성장센터","common":null,"rules":null},"sources":[{"property":"","dataset":"OpenStreetMap","license":"ODbL-1.0","record_id":"w568884543@4","update_time":"2025-03-09T15:12:05.000Z","confidence":null,"between":null,"provider":"osm","resource":"planet","version":"2026-08-02T00:00:00.000Z"}],"is_underground":false,"num_floors":5,"has_parts":false,"version":1}},
{"id":"d8564d44-83d6-46b1-bf57-8e3b7d490033","type":"Feature","geometry":{"type":"MultiPolygon","coordinates":[[[[127.0954608,37.4113426],[127.0958227,37.4116926],[127.095949,37.4116102],[127.0956683,37.4113386],[127.0959333,37.41131],[127.0961222,37.4114878],[127.0969118,37.4116426],[127.0968392,37.4118761],[127.096074,37.411726],[127.0957377,37.4119611],[127.0951466,37.4114275],[127.0954608,37.4113426]]],[[[127.0962047,37.4118496],[127.0968045,37.4119823],[127.0966922,37.4123026],[127.0960924,37.4121698],[127.0962047,37.4118496]]]]},"properties":{"sources":[{"property":"","dataset":"OpenStreetMap","license":"ODbL-1.0","record_id":"r20060241@1","update_time":"2026-01-08T15:56:05.000Z","confidence":null,"between":null,"provider":"osm","resource":"planet","version":"2026-08-02T00:00:00.000Z"}],"is_underground":false,"has_parts":false,"version":2}},
{"id":"46520499-0aa0-465b-8f9a-316b29fdda4b","type":"Feature","geometry":{"type":"Polygon","coordinates":[[[127.0955092,37.4102417],[127.0957378,37.4102456],[127.0957258,37.410692],[127.0954971,37.4106881],[127.0955092,37.4102417]]]},"properties":{"sources":[{"property":"","dataset":"doi:10.5281/zenodo.8174931","license":null,"record_id":null,"update_time":"2024-11-01T00:00:00.000Z","confidence":null,"between":null,"provider":"zenodo","resource":"east_asian_buildings","version":"2024-11-01"}],"is_underground":false,"has_parts":false,"version":1}},
{"id":"9d4ff581-133b-4bce-ac83-28aeb418924d","type":"Feature","geometry":{"type":"Polygon","coordinates":[[[127.0967687,37.4093137],[127.0966476,37.4093187],[127.0966441,37.4092653],[127.0967652,37.4092603],[127.0967687,37.4093137]]]},"properties":{"sources":[{"property":"","dataset":"doi:10.5281/zenodo.8174931","license":null,"record_id":null,"update_time":"2024-11-01T00:00:00.000Z","confidence":null,"between":null,"provider":"zenodo","resource":"east_asian_buildings","version":"2024-11-01"}],"is_underground":false,"has_parts":false,"version":1}},
{"id":"3c41dd1a-0445-4828-acb6-529fbfacbe77","type":"Feature","geometry":{"type":"Polygon","coordinates":[[[127.096363,37.4091692],[127.096355,37.4091268],[127.0964883,37.4091111],[127.0964962,37.4091535],[127.096363,37.4091692]]]},"properties":{"sources":[{"property":"","dataset":"doi:10.5281/zenodo.8174931","license":null,"record_id":null,"update_time":"2024-11-01T00:00:00.000Z","confidence":null,"between":null,"provider":"zenodo","resource":"east_asian_buildings","version":"2024-11-01"}],"is_underground":false,"has_parts":false,"version":1}},
{"id":"19456ec8-ae03-41ae-9f50-85a63cc7e01f","type":"Feature","geometry":{"type":"Polygon","coordinates":[[[127.0963782,37.4092822],[127.0965801,37.4092744],[127.0965834,37.4093278],[127.0963815,37.4093357],[127.0963782,37.4092822]]]},"properties":{"sources":[{"property":"","dataset":"doi:10.5281/zenodo.8174931","license":null,"record_id":null,"update_time":"2024-11-01T00:00:00.000Z","confidence":null,"between":null,"provider":"zenodo","resource":"east_asian_buildings","version":"2024-11-01"}],"is_underground":false,"has_parts":false,"version":1}},
{"id":"c92eafbc-d66d-4577-bd21-80266c08ea36","type":"Feature","geometry":{"type":"Polygon","coordinates":[[[127.0959178,37.4092144],[127.0960657,37.4092079],[127.0960695,37.4092613],[127.0959215,37.4092678],[127.0959178,37.4092144]]]},"properties":{"sources":[{"property":"","dataset":"doi:10.5281/zenodo.8174931","license":null,"record_id":null,"update_time":"2024-11-01T00:00:00.000Z","confidence":null,"between":null,"provider":"zenodo","resource":"east_asian_buildings","version":"2024-11-01"}],"is_underground":false,"has_parts":false,"version":1}},
{"id":"8f742b4f-1ce8-4701-a5cf-569c097389cb","type":"Feature","geometry":{"type":"Polygon","coordinates":[[[127.094632,37.4106458],[127.0944986,37.4106471],[127.094492,37.4102158],[127.0946253,37.4102145],[127.094632,37.4106458]]]},"properties":{"sources":[{"property":"","dataset":"doi:10.5281/zenodo.8174931","license":null,"record_id":null,"update_time":"2024-11-01T00:00:00.000Z","confidence":null,"between":null,"provider":"zenodo","resource":"east_asian_buildings","version":"2024-11-01"}],"is_underground":false,"has_parts":false,"version":1}},
{"id":"7a4e96be-0d70-4619-b52e-d87c7239abbf","type":"Feature","geometry":{"type":"Polygon","coordinates":[[[127.0919002,37.4101886],[127.0915877,37.4101611],[127.091594,37.410116],[127.0919065,37.4101435],[127.0919002,37.4101886]]]},"properties":{"sources":[{"property":"","dataset":"doi:10.5281/zenodo.8174931","license":null,"record_id":null,"update_time":"2024-11-01T00:00:00.000Z","confidence":null,"between":null,"provider":"zenodo","resource":"east_asian_buildings","version":"2024-11-01"}],"is_underground":false,"has_parts":false,"version":1}},
{"id":"cf2f55ba-cd57-4a82-a845-1fc9e4dec3d7","type":"Feature","geometry":{"type":"Polygon","coordinates":[[[127.0899092,37.4093677],[127.0894431,37.4094249],[127.0893567,37.4089806],[127.0898227,37.4089234],[127.0899092,37.4093677]]]},"properties":{"sources":[{"property":"","dataset":"doi:10.5281/zenodo.8174931","license":null,"record_id":null,"update_time":"2024-11-01T00:00:00.000Z","confidence":null,"between":null,"provider":"zenodo","resource":"east_asian_buildings","version":"2024-11-01"}],"is_underground":false,"has_parts":false,"version":1}},
{"id":"6ed6536c-b05c-4886-95b3-aed9f6428d1a","type":"Feature","geometry":{"type":"Polygon","coordinates":[[[127.0899437,37.4097944],[127.089372,37.4097958],[127.0893708,37.4094779],[127.0899425,37.4094765],[127.0899437,37.4097944]]]},"properties":{"sources":[{"property":"","dataset":"doi:10.5281/zenodo.8174931","license":null,"record_id":null,"update_time":"2024-11-01T00:00:00.000Z","confidence":null,"between":null,"provider":"zenodo","resource":"east_asian_buildings","version":"2024-11-01"}],"is_underground":false,"has_parts":false,"version":1}},
{"id":"f570ab38-7ac7-48d3-a871-9a7801682b2c","type":"Feature","geometry":{"type":"Polygon","coordinates":[[[127.0894078,37.410355],[127.0893592,37.4103187],[127.0893331,37.4103407],[127.0892706,37.4102941],[127.0891401,37.4104043],[127.0889874,37.4102903],[127.089366,37.4099705],[127.0894492,37.4100327],[127.0893644,37.4101044],[127.0895449,37.4102392],[127.0894078,37.410355]]]},"properties":{"sources":[{"property":"","dataset":"doi:10.5281/zenodo.8174931","license":null,"record_id":null,"update_time":"2024-11-01T00:00:00.000Z","confidence":null,"between":null,"provider":"zenodo","resource":"east_asian_buildings","version":"2024-11-01"}],"is_underground":false,"has_parts":false,"version":1}},
{"id":"1f7cf211-bc6a-4c2d-be12-f1163827309e","type":"Feature","geometry":{"type":"Polygon","coordinates":[[[127.0875891,37.4114084],[127.0876274,37.4113783],[127.0876464,37.4113935],[127.087608,37.4114236],[127.0875891,37.4114084]]]},"properties":{"sources":[{"property":"","dataset":"doi:10.5281/zenodo.8174931","license":null,"record_id":null,"update_time":"2024-11-01T00:00:00.000Z","confidence":null,"between":null,"provider":"zenodo","resource":"east_asian_buildings","version":"2024-11-01"}],"is_underground":false,"has_parts":false,"version":1}},
{"id":"9b3b81ae-8244-4963-a37f-ad40c8036baf","type":"Feature","geometry":{"type":"Polygon","coordinates":[[[127.086573,37.4122881],[127.0867064,37.4123853],[127.0867193,37.4123741],[127.0866772,37.4123434],[127.0866836,37.4123378],[127.08681,37.4124299],[127.0867069,37.4125192],[127.0864893,37.4123605],[127.086573,37.4122881]]]},"properties":{"sources":[{"property":"","dataset":"doi:10.5281/zenodo.8174931","license":null,"record_id":null,"update_time":"2024-11-01T00:00:00.000Z","confidence":null,"between":null,"provider":"zenodo","resource":"east_asian_buildings","version":"2024-11-01"}],"is_underground":false,"has_parts":false,"version":1}},
{"id":"6d324944-3e5e-4fb4-85e7-271bc08a574e","type":"Feature","geometry":{"type":"Polygon","coordinates":[[[127.0867313,37.4122997],[127.0868259,37.4123744],[127.0867991,37.4123958],[127.0867044,37.4123212],[127.0867313,37.4122997]]]},"properties":{"sources":[{"property":"","dataset":"doi:10.5281/zenodo.8174931","license":null,"record_id":null,"update_time":"2024-11-01T00:00:00.000Z","confidence":null,"between":null,"provider":"zenodo","resource":"east_asian_buildings","version":"2024-11-01"}],"is_underground":false,"has_parts":false,"version":1}},
{"id":"2874b9c7-e407-4e39-8055-a8a8cc1fc42a","type":"Feature","geometry":{"type":"Polygon","coordinates":[[[127.083859,37.410982],[127.0839715,37.4110232],[127.0840034,37.4109683],[127.0842543,37.4110603],[127.0839467,37.4115894],[127.0836353,37.4114751],[127.0837951,37.4112003],[127.0837432,37.4111813],[127.083859,37.410982]]]},"properties":{"sources":[{"property":"","dataset":"doi:10.5281/zenodo.8174931","license":null,"record_id":null,"update_time":"2024-11-01T00:00:00.000Z","confidence":null,"between":null,"provider":"zenodo","resource":"east_asian_buildings","version":"2024-11-01"}],"is_underground":false,"has_parts":false,"version":1}},
{"id":"70de445d-a9d5-4b5b-a0a0-cfff301e2b79","type":"Feature","geometry":{"type":"Polygon","coordinates":[[[127.0844097,37.411011],[127.0845178,37.4110405],[127.0842481,37.4116631],[127.08414,37.4116336],[127.0844097,37.411011]]]},"properties":{"sources":[{"property":"","dataset":"doi:10.5281/zenodo.8174931","license":null,"record_id":null,"update_time":"2024-11-01T00:00:00.000Z","confidence":null,"between":null,"provider":"zenodo","resource":"east_asian_buildings","version":"2024-11-01"}],"is_underground":false,"has_parts":false,"version":1}},
{"id":"a05a402a-69cb-4cde-bdb9-04c9563ef81e","type":"Feature","geometry":{"type":"Polygon","coordinates":[[[127.084546,37.4117291],[127.0843816,37.4116903],[127.0846526,37.4109648],[127.084817,37.4110035],[127.084546,37.4117291]]]},"properties":{"sources":[{"property":"","dataset":"doi:10.5281/zenodo.8174931","license":null,"record_id":null,"update_time":"2024-11-01T00:00:00.000Z","confidence":null,"between":null,"provider":"zenodo","resource":"east_asian_buildings","version":"2024-11-01"}],"is_underground":false,"has_parts":false,"version":1}},
{"id":"d79b2386-66ad-4d40-a7da-ce222782de8e","type":"Feature","geometry":{"type":"Polygon","coordinates":[[[127.0850584,37.4110736],[127.0850022,37.411065],[127.0850311,37.4109461],[127.0850872,37.4109547],[127.0850584,37.4110736]]]},"properties":{"sources":[{"property":"","dataset":"doi:10.5281/zenodo.8174931","license":null,"record_id":null,"update_time":"2024-11-01T00:00:00.000Z","confidence":null,"between":null,"provider":"zenodo","resource":"east_asian_buildings","version":"2024-11-01"}],"is_underground":false,"has_parts":false,"version":1}},
{"id":"f2a05aad-eb6e-44a7-9672-bc04c1db9798","type":"Feature","geometry":{"type":"Polygon","coordinates":[[[127.0848746,37.4111845],[127.0849201,37.4109298],[127.0849767,37.4109362],[127.0849312,37.4111909],[127.0848746,37.4111845]]]},"properties":{"sources":[{"property":"","dataset":"doi:10.5281/zenodo.8174931","license":null,"record_id":null,"update_time":"2024-11-01T00:00:00.000Z","confidence":null,"between":null,"provider":"zenodo","resource":"east_asian_buildings","version":"2024-11-01"}],"is_underground":false,"has_parts":false,"version":1}},
{"id":"6dcf5013-91f6-47a4-bf0a-300c5924f310","type":"Feature","geometry":{"type":"Polygon","coordinates":[[[127.0833345,37.4110792],[127.08331,37.4111756],[127.0830671,37.4111366],[127.0830917,37.4110402],[127.0833345,37.4110792]]]},"properties":{"sources":[{"property":"","dataset":"doi:10.5281/zenodo.8174931","license":null,"record_id":null,"update_time":"2024-11-01T00:00:00.000Z","confidence":null,"between":null,"provider":"zenodo","resource":"east_asian_buildings","version":"2024-11-01"}],"is_underground":false,"has_parts":false,"version":1}},
{"id":"d1a8a453-317a-4041-808b-692ff46dcbfa","type":"Feature","geometry":{"type":"Polygon","coordinates":[[[127.0835272,37.4108973],[127.0835275,37.4108746],[127.0834036,37.4108737],[127.083404,37.4108434],[127.0832325,37.4108422],[127.0832329,37.4108043],[127.0835568,37.4108067],[127.0835564,37.4108445],[127.0835755,37.4108447],[127.0835748,37.4108977],[127.0835272,37.4108973]]]},"properties":{"sources":[{"property":"","dataset":"doi:10.5281/zenodo.8174931","license":null,"record_id":null,"update_time":"2024-11-01T00:00:00.000Z","confidence":null,"between":null,"provider":"zenodo","resource":"east_asian_buildings","version":"2024-11-01"}],"is_underground":false,"has_parts":false,"version":1}},
{"id":"54febb5b-b2d7-439b-818e-7c9a679ce12e","type":"Feature","geometry":{"type":"Polygon","coordinates":[[[127.083068,37.4108973],[127.083117,37.410851],[127.0831972,37.4109046],[127.0831482,37.4109509],[127.083068,37.4108973]]]},"properties":{"sources":[{"property":"","dataset":"doi:10.5281/zenodo.8174931","license":null,"record_id":null,"update_time":"2024-11-01T00:00:00.000Z","confidence":null,"between":null,"provider":"zenodo","resource":"east_asian_buildings","version":"2024-11-01"}],"is_underground":false,"has_parts":false,"version":1}},
{"id":"a38fc09c-15b6-4b1c-b981-b1adb3635695","type":"Feature","geometry":{"type":"Polygon","coordinates":[[[127.0850117,37.4100951],[127.085114,37.4101357],[127.0850885,37.4101763],[127.0849862,37.4101357],[127.0850117,37.4100951]]]},"properties":{"sources":[{"property":"","dataset":"doi:10.5281/zenodo.8174931","license":null,"record_id":null,"update_time":"2024-11-01T00:00:00.000Z","confidence":null,"between":null,"provider":"zenodo","resource":"east_asian_buildings","version":"2024-11-01"}],"is_underground":false,"has_parts":false,"version":1}},
{"id":"cc7ec484-fe30-4e32-910d-fed1ad76f854","type":"Feature","geometry":{"type":"Polygon","coordinates":[[[127.0871623,37.4094062],[127.0871657,37.4093382],[127.0872133,37.4093397],[127.0872099,37.4094077],[127.0871623,37.4094062]]]},"properties":{"sources":[{"property":"","dataset":"doi:10.5281/zenodo.8174931","license":null,"record_id":null,"update_time":"2024-11-01T00:00:00.000Z","confidence":null,"between":null,"provider":"zenodo","resource":"east_asian_buildings","version":"2024-11-01"}],"is_underground":false,"has_parts":false,"version":1}},
{"id":"f07a5917-55df-42a1-ae86-bbadad79ceb8","type":"Feature","geometry":{"type":"Polygon","coordinates":[[[127.0870283,37.4095748],[127.0869626,37.4096296],[127.0868936,37.4095774],[127.0869593,37.4095226],[127.0870283,37.4095748]]]},"properties":{"sources":[{"property":"","dataset":"doi:10.5281/zenodo.8174931","license":null,"record_id":null,"update_time":"2024-11-01T00:00:00.000Z","confidence":null,"between":null,"provider":"zenodo","resource":"east_asian_buildings","version":"2024-11-01"}],"is_underground":false,"has_parts":false,"version":1}},
{"id":"332edf43-5cd4-4909-9187-7738fd56bdfb","type":"Feature","geometry":{"type":"Polygon","coordinates":[[[127.0867016,37.4097843],[127.0867416,37.4097519],[127.086796,37.4097943],[127.086756,37.4098267],[127.0867016,37.4097843]]]},"properties":{"sources":[{"property":"","dataset":"doi:10.5281/zenodo.8174931","license":null,"record_id":null,"update_time":"2024-11-01T00:00:00.000Z","confidence":null,"between":null,"provider":"zenodo","resource":"east_asian_buildings","version":"2024-11-01"}],"is_underground":false,"has_parts":false,"version":1}},
{"id":"032589d5-dc5c-4b09-9850-a9f1921f87e9","type":"Feature","geometry":{"type":"Polygon","coordinates":[[[127.0870893,37.410066],[127.0870128,37.4100867],[127.0869433,37.4099246],[127.0870198,37.4099038],[127.0870893,37.410066]]]},"properties":{"sources":[{"property":"","dataset":"doi:10.5281/zenodo.8174931","license":null,"record_id":null,"update_time":"2024-11-01T00:00:00.000Z","confidence":null,"between":null,"provider":"zenodo","resource":"east_asian_buildings","version":"2024-11-01"}],"is_underground":false,"has_parts":false,"version":1}},
{"id":"47ad4212-c88f-49a8-8604-9dbfffd6eda3","type":"Feature","geometry":{"type":"Polygon","coordinates":[[[127.0867179,37.4099064],[127.0866454,37.4099766],[127.0865717,37.4099286],[127.0866443,37.4098584],[127.0867179,37.4099064]]]},"properties":{"sources":[{"property":"","dataset":"doi:10.5281/zenodo.8174931","license":null,"record_id":null,"update_time":"2024-11-01T00:00:00.000Z","confidence":null,"between":null,"provider":"zenodo","resource":"east_asian_buildings","version":"2024-11-01"}],"is_underground":false,"has_parts":false,"version":1}},
{"id":"3a5b0c92-578f-4197-bd88-2ac58617e044","type":"Feature","geometry":{"type":"Polygon","coordinates":[[[127.0865752,37.4099785],[127.0866633,37.4100363],[127.0866148,37.410083],[127.0865266,37.4100252],[127.0865752,37.4099785]]]},"properties":{"sources":[{"property":"","dataset":"doi:10.5281/zenodo.8174931","license":null,"record_id":null,"update_time":"2024-11-01T00:00:00.000Z","confidence":null,"between":null,"provider":"zenodo","resource":"east_asian_buildings","version":"2024-11-01"}],"is_underground":false,"has_parts":false,"version":1}},
{"id":"430fe262-6705-4921-98da-e1f0086a8cf1","type":"Feature","geometry":{"type":"Polygon","coordinates":[[[127.0858143,37.4106188],[127.0858807,37.4105449],[127.0859893,37.4106064],[127.0859229,37.4106803],[127.0858143,37.4106188]]]},"properties":{"sources":[{"property":"","dataset":"doi:10.5281/zenodo.8174931","license":null,"record_id":null,"update_time":"2024-11-01T00:00:00.000Z","confidence":null,"between":null,"provider":"zenodo","resource":"east_asian_buildings","version":"2024-11-01"}],"is_underground":false,"has_parts":false,"version":1}},
{"id":"afe74789-4cc9-490c-b337-8bec29968aaa","type":"Feature","geometry":{"type":"Polygon","coordinates":[[[127.0852221,37.4108736],[127.0856095,37.4104423],[127.0857801,37.410539],[127.0853927,37.4109703],[127.0852221,37.4108736]]]},"properties":{"sources":[{"property":"","dataset":"doi:10.5281/zenodo.8174931","license":null,"record_id":null,"update_time":"2024-11-01T00:00:00.000Z","confidence":null,"between":null,"provider":"zenodo","resource":"east_asian_buildings","version":"2024-11-01"}],"is_underground":false,"has_parts":false,"version":1}},
{"id":"477f66f5-7fff-44bc-bb6a-d26e112da163","type":"Feature","geometry":{"type":"Polygon","coordinates":[[[127.0858141,37.4107835],[127.0855502,37.4111431],[127.0854185,37.4110822],[127.0856824,37.4107225],[127.0858141,37.4107835]]]},"properties":{"sources":[{"property":"","dataset":"doi:10.5281/zenodo.8174931","license":null,"record_id":null,"update_time":"2024-11-01T00:00:00.000Z","confidence":null,"between":null,"provider":"zenodo","resource":"east_asian_buildings","version":"2024-11-01"}],"is_underground":false,"has_parts":false,"version":1}},
{"id":"425d6077-277a-4a14-b2f6-5aa72a830d28","type":"Feature","geometry":{"type":"Polygon","coordinates":[[[127.0863622,37.410792],[127.0864063,37.4108062],[127.086392,37.4108343],[127.0863478,37.41082],[127.0863622,37.410792]]]},"properties":{"sources":[{"property":"","dataset":"doi:10.5281/zenodo.8174931","license":null,"record_id":null,"update_time":"2024-11-01T00:00:00.000Z","confidence":null,"between":null,"provider":"zenodo","resource":"east_asian_buildings","version":"2024-11-01"}],"is_underground":false,"has_parts":false,"version":1}},
{"id":"f55b3d75-f091-4c11-8105-f9827281d5f7","type":"Feature","geometry":{"type":"Polygon","coordinates":[[[127.0860796,37.4106438],[127.0861214,37.4106748],[127.0860758,37.4107135],[127.0860341,37.4106825],[127.0860796,37.4106438]]]},"properties":{"sources":[{"property":"","dataset":"doi:10.5281/zenodo.8174931","license":null,"record_id":null,"update_time":"2024-11-01T00:00:00.000Z","confidence":null,"between":null,"provider":"zenodo","resource":"east_asian_buildings","version":"2024-11-01"}],"is_underground":false,"has_parts":false,"version":1}},
{"id":"20963a3d-2ce3-45c6-b25b-28f2e693f83b","type":"Feature","geometry":{"type":"Polygon","coordinates":[[[127.0863465,37.410739],[127.0862951,37.4108201],[127.0861929,37.4107793],[127.0862444,37.4106981],[127.0863465,37.410739]]]},"properties":{"sources":[{"property":"","dataset":"doi:10.5281/zenodo.8174931","license":null,"record_id":null,"update_time":"2024-11-01T00:00:00.000Z","confidence":null,"between":null,"provider":"zenodo","resource":"east_asian_buildings","version":"2024-11-01"}],"is_underground":false,"has_parts":false,"version":1}},
{"id":"6b27cae9-bfb6-4585-86ef-14715525da9e","type":"Feature","geometry":{"type":"Polygon","coordinates":[[[127.0865711,37.4107035],[127.086636,37.4107159],[127.0866226,37.41076],[127.0865578,37.4107476],[127.0865711,37.4107035]]]},"properties":{"sources":[{"property":"","dataset":"doi:10.5281/zenodo.8174931","license":null,"record_id":null,"update_time":"2024-11-01T00:00:00.000Z","confidence":null,"between":null,"provider":"zenodo","resource":"east_asian_buildings","version":"2024-11-01"}],"is_underground":false,"has_parts":false,"version":1}},
{"id":"51c348cf-eb31-4919-a810-5f22e5ce4b5d","type":"Feature","geometry":{"type":"Polygon","coordinates":[[[127.0868331,37.4104871],[127.0868969,37.4104117],[127.0869917,37.4104624],[127.0869279,37.4105378],[127.0868331,37.4104871]]]},"properties":{"sources":[{"property":"","dataset":"doi:10.5281/zenodo.8174931","license":null,"record_id":null,"update_time":"2024-11-01T00:00:00.000Z","confidence":null,"between":null,"provider":"zenodo","resource":"east_asian_buildings","version":"2024-11-01"}],"is_underground":false,"has_parts":false,"version":1}},
{"id":"4a962c40-a12e-489f-b4a8-3d0fbd707f61","type":"Feature","geometry":{"type":"Polygon","coordinates":[[[127.0868818,37.4106236],[127.0867691,37.4105669],[127.0868099,37.4105158],[127.0869226,37.4105724],[127.0868818,37.4106236]]]},"properties":{"sources":[{"property":"","dataset":"doi:10.5281/zenodo.8174931","license":null,"record_id":null,"update_time":"2024-11-01T00:00:00.000Z","confidence":null,"between":null,"provider":"zenodo","resource":"east_asian_buildings","version":"2024-11-01"}],"is_underground":false,"has_parts":false,"version":1}},
{"id":"54848179-e4c5-44f3-a5e3-7618f77de066","type":"Feature","geometry":{"type":"Polygon","coordinates":[[[127.0866798,37.4102552],[127.0868958,37.4103661],[127.0868234,37.4104551],[127.0866074,37.4103442],[127.0866798,37.4102552]]]},"properties":{"sources":[{"property":"","dataset":"doi:10.5281/zenodo.8174931","license":null,"record_id":null,"update_time":"2024-11-01T00:00:00.000Z","confidence":null,"between":null,"provider":"zenodo","resource":"east_asian_buildings","version":"2024-11-01"}],"is_underground":false,"has_parts":false,"version":1}},
{"id":"f43f49ff-72ea-43ee-a679-13587ebbd3c9","type":"Feature","geometry":{"type":"Polygon","coordinates":[[[127.0864414,37.4102918],[127.0863606,37.4102517],[127.086401,37.4102003],[127.0864818,37.4102404],[127.0864414,37.4102918]]]},"properties":{"sources":[{"property":"","dataset":"doi:10.5281/zenodo.8174931","license":null,"record_id":null,"update_time":"2024-11-01T00:00:00.000Z","confidence":null,"between":null,"provider":"zenodo","resource":"east_asian_buildings","version":"2024-11-01"}],"is_underground":false,"has_parts":false,"version":1}},
{"id":"187cb634-fda6-4381-b1de-5a8fdc27f12f","type":"Feature","geometry":{"type":"Polygon","coordinates":[[[127.0881503,37.4102695],[127.0880181,37.4104083],[127.0879573,37.4103718],[127.0880895,37.4102329],[127.0881503,37.4102695]]]},"properties":{"sources":[{"property":"","dataset":"doi:10.5281/zenodo.8174931","license":null,"record_id":null,"update_time":"2024-11-01T00:00:00.000Z","confidence":null,"between":null,"provider":"zenodo","resource":"east_asian_buildings","version":"2024-11-01"}],"is_underground":false,"has_parts":false,"version":1}},
{"id":"57982757-bf47-44aa-b7a6-da82c6b812d7","type":"Feature","geometry":{"type":"Polygon","coordinates":[[[127.0877098,37.4108308],[127.0877715,37.4109137],[127.0877599,37.4109192],[127.0876982,37.4108363],[127.0877098,37.4108308]]]},"properties":{"sources":[{"property":"","dataset":"doi:10.5281/zenodo.8174931","license":null,"record_id":null,"update_time":"2024-11-01T00:00:00.000Z","confidence":null,"between":null,"provider":"zenodo","resource":"east_asian_buildings","version":"2024-11-01"}],"is_underground":false,"has_parts":false,"version":1}},
{"id":"f7adca01-0c54-49e8-98ec-2305942724b8","type":"Feature","geometry":{"type":"Polygon","coordinates":[[[127.0876112,37.4108598],[127.0875488,37.4109169],[127.0875344,37.410907],[127.0875968,37.4108499],[127.0876112,37.4108598]]]},"properties":{"sources":[{"property":"","dataset":"doi:10.5281/zenodo.8174931","license":null,"record_id":null,"update_time":"2024-11-01T00:00:00.000Z","confidence":null,"between":null,"provider":"zenodo","resource":"east_asian_buildings","version":"2024-11-01"}],"is_underground":false,"has_parts":false,"version":1}},
{"id":"2e19af1e-038c-4fd0-b976-3dd526efcdad","type":"Feature","geometry":{"type":"Polygon","coordinates":[[[127.0889742,37.4104556],[127.089089,37.4105352],[127.0889323,37.4106777],[127.0888175,37.4105981],[127.0889742,37.4104556]]]},"properties":{"sources":[{"property":"","dataset":"doi:10.5281/zenodo.8174931","license":null,"record_id":null,"update_time":"2024-11-01T00:00:00.000Z","confidence":null,"between":null,"provider":"zenodo","resource":"east_asian_buildings","version":"2024-11-01"}],"is_underground":false,"has_parts":false,"version":1}},
{"id":"cf9b4d49-4c09-4d66-a2e4-ed0bf0b8175f","type":"Feature","geometry":{"type":"Polygon","coordinates":[[[127.0889837,37.409851],[127.0891015,37.409763],[127.0892861,37.4099189],[127.0891684,37.4100069],[127.0889837,37.409851]]]},"properties":{"sources":[{"property":"","dataset":"doi:10.5281/zenodo.8174931","license":null,"record_id":null,"update_time":"2024-11-01T00:00:00.000Z","confidence":null,"between":null,"provider":"zenodo","resource":"east_asian_buildings","version":"2024-11-01"}],"is_underground":false,"has_parts":false,"version":1}},
{"id":"88caf7e2-9503-418e-a878-dd045baff1c0","type":"Feature","geometry":{"type":"Polygon","coordinates":[[[127.0892828,37.408628],[127.0893066,37.4086781],[127.0891554,37.4087236],[127.0891315,37.4086735],[127.0892828,37.408628]]]},"properties":{"sources":[{"property":"","dataset":"doi:10.5281/zenodo.8174931","license":null,"record_id":null,"update_time":"2024-11-01T00:00:00.000Z","confidence":null,"between":null,"provider":"zenodo","resource":"east_asian_buildings","version":"2024-11-01"}],"is_underground":false,"has_parts":false,"version":1}},
{"id":"2a021098-b7cd-4dfa-b1af-d2b3ce820ec5","type":"Feature","geometry":{"type":"Polygon","coordinates":[[[127.0888638,37.4088492],[127.088709,37.4089144],[127.0886143,37.4087726],[127.088769,37.4087074],[127.0888638,37.4088492]]]},"properties":{"sources":[{"property":"","dataset":"doi:10.5281/zenodo.8174931","license":null,"record_id":null,"update_time":"2024-11-01T00:00:00.000Z","confidence":null,"between":null,"provider":"zenodo","resource":"east_asian_buildings","version":"2024-11-01"}],"is_underground":false,"has_parts":false,"version":1}},
{"id":"5d8179b5-c53d-4ed5-b06c-6cc284066ee5","type":"Feature","geometry":{"type":"Polygon","coordinates":[[[127.0885762,37.4076185],[127.0887144,37.4075518],[127.0887634,37.4076159],[127.0886367,37.407677],[127.0886577,37.4077045],[127.0886462,37.40771],[127.0885762,37.4076185]]]},"properties":{"sources":[{"property":"","dataset":"doi:10.5281/zenodo.8174931","license":null,"record_id":null,"update_time":"2024-11-01T00:00:00.000Z","confidence":null,"between":null,"provider":"zenodo","resource":"east_asian_buildings","version":"2024-11-01"}],"is_underground":false,"has_parts":false,"version":1}},
{"id":"4901ec46-ce32-4346-8f22-43e0a1710b62","type":"Feature","geometry":{"type":"Polygon","coordinates":[[[127.0865976,37.4084291],[127.0864014,37.408329],[127.0863594,37.4073014],[127.0881527,37.4071901],[127.088528,37.407427],[127.0883815,37.4075945],[127.0865976,37.4084291]]]},"properties":{"sources":[{"property":"","dataset":"OpenStreetMap","license":"ODbL-1.0","record_id":"w1530938821@1","update_time":"2026-06-20T00:16:43.000Z","confidence":null,"between":null,"provider":"osm","resource":"planet","version":"2026-08-02T00:00:00.000Z"}],"is_underground":false,"has_parts":false,"version":2}},
{"id":"5451021d-c2ea-4209-9e7f-e230c6a24c01","type":"Feature","geometry":{"type":"Polygon","coordinates":[[[127.0817607,37.4083195],[127.0817934,37.4082919],[127.0818211,37.4083127],[127.0817885,37.4083402],[127.0817607,37.4083195]]]},"properties":{"sources":[{"property":"","dataset":"doi:10.5281/zenodo.8174931","license":null,"record_id":null,"update_time":"2024-11-01T00:00:00.000Z","confidence":null,"between":null,"provider":"zenodo","resource":"east_asian_buildings","version":"2024-11-01"}],"is_underground":false,"has_parts":false,"version":1}},
{"id":"64288e21-1775-4a08-b1d9-94abd63fbf2f","type":"Feature","geometry":{"type":"Polygon","coordinates":[[[127.0817932,37.4073921],[127.0818146,37.407541],[127.0817343,37.4075483],[127.0817282,37.4075057],[127.0815943,37.4075179],[127.081579,37.4074115],[127.0817932,37.4073921]]]},"properties":{"sources":[{"property":"","dataset":"doi:10.5281/zenodo.8174931","license":null,"record_id":null,"update_time":"2024-11-01T00:00:00.000Z","confidence":null,"between":null,"provider":"zenodo","resource":"east_asian_buildings","version":"2024-11-01"}],"is_underground":false,"has_parts":false,"version":1}},
{"id":"4620a09e-0353-45f4-b62c-54d9eb1c93ac","type":"Feature","geometry":{"type":"Polygon","coordinates":[[[127.0855933,37.4068207],[127.0852536,37.406799],[127.0852787,37.4065512],[127.0856184,37.4065729],[127.0855933,37.4068207]]]},"properties":{"sources":[{"property":"","dataset":"OpenStreetMap","license":"ODbL-1.0","record_id":"w1530938827@1","update_time":"2026-06-20T00:16:43.000Z","confidence":null,"between":null,"provider":"osm","resource":"planet","version":"2026-08-02T00:00:00.000Z"}],"is_underground":false,"has_parts":false,"version":1}},
{"id":"233a2415-d5b9-4dec-9aca-4c14657a24d9","type":"Feature","geometry":{"type":"Polygon","coordinates":[[[127.0856898,37.4065298],[127.0849633,37.4064765],[127.0849775,37.406354],[127.0849063,37.4063488],[127.0849198,37.4062329],[127.0857175,37.4062915],[127.0856898,37.4065298]]]},"properties":{"sources":[{"property":"","dataset":"OpenStreetMap","license":"ODbL-1.0","record_id":"w1530938826@1","update_time":"2026-06-20T00:16:43.000Z","confidence":null,"between":null,"provider":"osm","resource":"planet","version":"2026-08-02T00:00:00.000Z"}],"is_underground":false,"has_parts":false,"version":2}},
{"id":"f886caec-746c-4978-8d05-b84e0de3fba0","type":"Feature","geometry":{"type":"Polygon","coordinates":[[[127.0834683,37.4071],[127.0825134,37.4061242],[127.0840154,37.4053401],[127.0841281,37.4053742],[127.0843587,37.4058387],[127.0844473,37.4063436],[127.0846786,37.4067949],[127.085398,37.4071372],[127.0862202,37.4073088],[127.0862849,37.4084651],[127.0861779,37.4085857],[127.0852981,37.408586],[127.0851908,37.4085233],[127.0851983,37.4084179],[127.0856857,37.4080296],[127.0857017,37.4077773],[127.0850245,37.4075566],[127.0834683,37.4071]]]},"properties":{"sources":[{"property":"","dataset":"OpenStreetMap","license":"ODbL-1.0","record_id":"w1530938828@1","update_time":"2026-06-20T00:16:43.000Z","confidence":null,"between":null,"provider":"osm","resource":"planet","version":"2026-08-02T00:00:00.000Z"}],"is_underground":false,"has_parts":false,"version":1}},
{"id":"be685064-63f1-4c53-adde-2e9c5ea7d5b0","type":"Feature","geometry":{"type":"Polygon","coordinates":[[[127.0814357,37.4068156],[127.0813479,37.4065573],[127.0821414,37.406387],[127.0822293,37.4066453],[127.0814357,37.4068156]]]},"properties":{"sources":[{"property":"","dataset":"doi:10.5281/zenodo.8174931","license":null,"record_id":null,"update_time":"2024-11-01T00:00:00.000Z","confidence":null,"between":null,"provider":"zenodo","resource":"east_asian_buildings","version":"2024-11-01"}],"is_underground":false,"has_parts":false,"version":1}},
{"id":"ca377953-a247-450b-a5f7-bd814ac62947","type":"Feature","geometry":{"type":"Polygon","coordinates":[[[127.0852665,37.4060693],[127.0850329,37.4060552],[127.0850577,37.4059343],[127.0850053,37.4058698],[127.0855921,37.4056138],[127.085692,37.4057906],[127.0854962,37.4058733],[127.0854349,37.4059071],[127.0854113,37.4058839],[127.0852894,37.4059363],[127.0852665,37.4060693]]]},"properties":{"sources":[{"property":"","dataset":"OpenStreetMap","license":"ODbL-1.0","record_id":"w1530938825@1","update_time":"2026-06-20T00:16:43.000Z","confidence":null,"between":null,"provider":"osm","resource":"planet","version":"2026-08-02T00:00:00.000Z"}],"is_underground":false,"has_parts":false,"version":2}},
{"id":"fbe362ac-a55f-4f74-80a8-d41eca537d61","type":"Feature","geometry":{"type":"Polygon","coordinates":[[[127.0862585,37.4067024],[127.0862246,37.407004],[127.0861107,37.4069959],[127.0861446,37.4066944],[127.0862585,37.4067024]]]},"properties":{"sources":[{"property":"","dataset":"doi:10.5281/zenodo.8174931","license":null,"record_id":null,"update_time":"2024-11-01T00:00:00.000Z","confidence":null,"between":null,"provider":"zenodo","resource":"east_asian_buildings","version":"2024-11-01"}],"is_underground":false,"has_parts":false,"version":1}},
{"id":"179b606a-87b4-45c1-b0e0-9070d6acd4d6","type":"Feature","geometry":{"type":"Polygon","coordinates":[[[127.0867135,37.4071827],[127.0862606,37.4071484],[127.0863006,37.4068009],[127.0867474,37.4068229],[127.0867135,37.4071827]]]},"properties":{"sources":[{"property":"","dataset":"OpenStreetMap","license":"ODbL-1.0","record_id":"w1530938824@1","update_time":"2026-06-20T00:16:43.000Z","confidence":null,"between":null,"provider":"osm","resource":"planet","version":"2026-08-02T00:00:00.000Z"}],"is_underground":false,"has_parts":false,"version":1}},
{"id":"336d9ea6-12c8-46d0-87e4-f75a697d79cf","type":"Feature","geometry":{"type":"Polygon","coordinates":[[[127.0875815,37.4069926],[127.0869409,37.4069842],[127.0870046,37.4065063],[127.0876416,37.4065372],[127.0875815,37.4069926]]]},"properties":{"sources":[{"property":"","dataset":"OpenStreetMap","license":"ODbL-1.0","record_id":"w1252190937@1","update_time":"2024-02-19T02:29:50.000Z","confidence":null,"between":null,"provider":"osm","resource":"planet","version":"2026-08-02T00:00:00.000Z"}],"is_underground":false,"has_parts":false,"version":1}},
{"id":"498349b9-a273-4efb-beda-3fe0627c5188","type":"Feature","geometry":{"type":"Polygon","coordinates":[[[127.089121,37.40647],[127.0893176,37.4061696],[127.0881999,37.4058329],[127.0883342,37.4054835],[127.0899623,37.4060502],[127.0894634,37.406894],[127.0887266,37.4066282],[127.0879906,37.4064108],[127.0881051,37.4061345],[127.089121,37.40647]]]},"properties":{"sources":[{"property":"","dataset":"OpenStreetMap","license":"ODbL-1.0","record_id":"w1530938834@1","update_time":"2026-06-20T00:16:43.000Z","confidence":null,"between":null,"provider":"osm","resource":"planet","version":"2026-08-02T00:00:00.000Z"}],"level":1,"is_underground":false,"has_parts":false,"version":1}},
{"id":"71a86116-78bf-4970-9e7c-ee0900bd436f","type":"Feature","geometry":{"type":"Polygon","coordinates":[[[127.0881161,37.4052487],[127.0875046,37.4051336],[127.0875877,37.4048844],[127.0879404,37.4050143],[127.0881966,37.405042],[127.0881161,37.4052487]]]},"properties":{"sources":[{"property":"","dataset":"OpenStreetMap","license":"ODbL-1.0","record_id":"w1530938818@1","update_time":"2026-06-20T00:16:43.000Z","confidence":null,"between":null,"provider":"osm","resource":"planet","version":"2026-08-02T00:00:00.000Z"}],"is_underground":false,"has_parts":false,"version":1}},
{"id":"3fae98bd-22d6-476b-bd9b-ee92ddec9bb2","type":"Feature","geometry":{"type":"Polygon","coordinates":[[[127.0886211,37.4054201],[127.0882373,37.4053236],[127.0883288,37.4050941],[127.0885088,37.4051393],[127.0885061,37.4052247],[127.0886814,37.4052687],[127.0886211,37.4054201]]]},"properties":{"sources":[{"property":"","dataset":"OpenStreetMap","license":"ODbL-1.0","record_id":"w1530938820@1","update_time":"2026-06-20T00:16:43.000Z","confidence":null,"between":null,"provider":"osm","resource":"planet","version":"2026-08-02T00:00:00.000Z"}],"is_underground":false,"has_parts":false,"version":1}},
{"id":"674912f6-53e2-46df-bfa3-b4d139a743c0","type":"Feature","geometry":{"type":"Polygon","coordinates":[[[127.0907676,37.4068853],[127.0901044,37.406544],[127.0900717,37.4064624],[127.0902492,37.4061805],[127.0903753,37.4061545],[127.0917109,37.4067703],[127.0915674,37.4069266],[127.0915454,37.407083],[127.0910393,37.4071454],[127.0907676,37.4068853]]]},"properties":{"names":{"primary":"KT판교빌딩","common":null,"rules":null},"sources":[{"property":"","dataset":"OpenStreetMap","license":"ODbL-1.0","record_id":"w1252190933@1","update_time":"2024-02-19T02:29:50.000Z","confidence":null,"between":null,"provider":"osm","resource":"planet","version":"2026-08-02T00:00:00.000Z"}],"is_underground":false,"has_parts":false,"version":1}},
{"id":"f7c387fa-581c-49bb-ab81-ed0f99f79a2b","type":"Feature","geometry":{"type":"Polygon","coordinates":[[[127.0904415,37.4074775],[127.0898874,37.4072381],[127.0900303,37.4070295],[127.0905843,37.407269],[127.0904415,37.4074775]]]},"properties":{"sources":[{"property":"","dataset":"OpenStreetMap","license":"ODbL-1.0","record_id":"w1530938822@1","update_time":"2026-06-20T00:16:43.000Z","confidence":null,"between":null,"provider":"osm","resource":"planet","version":"2026-08-02T00:00:00.000Z"}],"is_underground":false,"has_parts":false,"version":1}},
{"id":"c2110afd-a05d-419b-9ed6-232e15ae4f80","type":"Feature","geometry":{"type":"Polygon","coordinates":[[[127.090486,37.4079098],[127.0899319,37.4076704],[127.0900748,37.4074618],[127.0906289,37.4077013],[127.090486,37.4079098]]]},"properties":{"sources":[{"property":"","dataset":"OpenStreetMap","license":"ODbL-1.0","record_id":"w1530938823@1","update_time":"2026-06-20T00:16:43.000Z","confidence":null,"between":null,"provider":"osm","resource":"planet","version":"2026-08-02T00:00:00.000Z"}],"is_underground":false,"has_parts":false,"version":1}},
{"id":"95b99739-6bf4-45ee-ae1a-7a7ea4aee230","type":"Feature","geometry":{"type":"Polygon","coordinates":[[[127.0907926,37.4083507],[127.090429,37.4084118],[127.0903366,37.4080668],[127.090694,37.4080031],[127.0907926,37.4083507]]]},"properties":{"sources":[{"property":"","dataset":"OpenStreetMap","license":"ODbL-1.0","record_id":"w1530938830@1","update_time":"2026-06-20T00:16:43.000Z","confidence":null,"between":null,"provider":"osm","resource":"planet","version":"2026-08-02T00:00:00.000Z"}],"is_underground":false,"has_parts":false,"version":1}},
{"id":"9abcc26b-f4d6-48e5-8784-2bdf41315b5a","type":"Feature","geometry":{"type":"Polygon","coordinates":[[[127.0910149,37.4083396],[127.0908482,37.4082137],[127.090979,37.4080914],[127.0910332,37.4079408],[127.0914032,37.4080248],[127.0913523,37.4082443],[127.0910149,37.4083396]]]},"properties":{"sources":[{"property":"","dataset":"OpenStreetMap","license":"ODbL-1.0","record_id":"w1530938831@1","update_time":"2026-06-20T00:16:43.000Z","confidence":null,"between":null,"provider":"osm","resource":"planet","version":"2026-08-02T00:00:00.000Z"}],"is_underground":false,"has_parts":false,"version":1}},
{"id":"9b3f2d76-faf5-451b-9f02-a9b8da3b0502","type":"Feature","geometry":{"type":"Polygon","coordinates":[[[127.0915068,37.4079198],[127.0910271,37.4078148],[127.091084,37.4075985],[127.0913351,37.4076816],[127.0914743,37.4076954],[127.0915068,37.4079198]]]},"properties":{"sources":[{"property":"","dataset":"OpenStreetMap","license":"ODbL-1.0","record_id":"w1530938832@1","update_time":"2026-06-20T00:16:43.000Z","confidence":null,"between":null,"provider":"osm","resource":"planet","version":"2026-08-02T00:00:00.000Z"}],"is_underground":false,"has_parts":false,"version":1}},
{"id":"8d5c7188-f054-418e-9a99-e980df33a8de","type":"Feature","geometry":{"type":"Polygon","coordinates":[[[127.0934425,37.4088975],[127.0932685,37.4088512],[127.0932972,37.4087832],[127.0934712,37.4088295],[127.0934425,37.4088975]]]},"properties":{"sources":[{"property":"","dataset":"OpenStreetMap","license":"ODbL-1.0","record_id":"w431736324@1","update_time":"2016-07-18T18:05:41.000Z","confidence":null,"between":null,"provider":"osm","resource":"planet","version":"2026-08-02T00:00:00.000Z"}],"is_underground":false,"has_parts":false,"version":1}},
{"id":"23b7abb5-b318-4353-9ba9-c254fd35d7f4","type":"Feature","geometry":{"type":"Polygon","coordinates":[[[127.096097,37.4090341],[127.0961002,37.4091098],[127.0959669,37.4091134],[127.0959637,37.4090377],[127.096097,37.4090341]]]},"properties":{"sources":[{"property":"","dataset":"doi:10.5281/zenodo.8174931","license":null,"record_id":null,"update_time":"2024-11-01T00:00:00.000Z","confidence":null,"between":null,"provider":"zenodo","resource":"east_asian_buildings","version":"2024-11-01"}],"is_underground":false,"has_parts":false,"version":1}},
{"id":"ef83c7f9-84f3-46d8-9be8-585380cb1414","type":"Feature","geometry":{"type":"Polygon","coordinates":[[[127.0962026,37.4090293],[127.0962042,37.4090899],[127.096128,37.4090912],[127.0961263,37.4090306],[127.0962026,37.4090293]]]},"properties":{"sources":[{"property":"","dataset":"doi:10.5281/zenodo.8174931","license":null,"record_id":null,"update_time":"2024-11-01T00:00:00.000Z","confidence":null,"between":null,"provider":"zenodo","resource":"east_asian_buildings","version":"2024-11-01"}],"is_underground":false,"has_parts":false,"version":1}},
{"id":"b107bf91-0e04-4868-991e-7f354680b359","type":"Feature","geometry":{"type":"Polygon","coordinates":[[[127.0961,37.4089421],[127.0960993,37.4088967],[127.0961755,37.408896],[127.0961763,37.4089414],[127.0961,37.4089421]]]},"properties":{"sources":[{"property":"","dataset":"doi:10.5281/zenodo.8174931","license":null,"record_id":null,"update_time":"2024-11-01T00:00:00.000Z","confidence":null,"between":null,"provider":"zenodo","resource":"east_asian_buildings","version":"2024-11-01"}],"is_underground":false,"has_parts":false,"version":1}},
{"id":"7f6da37f-2665-425f-884e-4f14897def30","type":"Feature","geometry":{"type":"Polygon","coordinates":[[[127.096282,37.4089573],[127.0963762,37.4089532],[127.0963799,37.4090066],[127.0962857,37.4090107],[127.096282,37.4089573]]]},"properties":{"sources":[{"property":"","dataset":"doi:10.5281/zenodo.8174931","license":null,"record_id":null,"update_time":"2024-11-01T00:00:00.000Z","confidence":null,"between":null,"provider":"zenodo","resource":"east_asian_buildings","version":"2024-11-01"}],"is_underground":false,"has_parts":false,"version":1}},
{"id":"dad1407e-6aac-413d-b68d-082c14288879","type":"Feature","geometry":{"type":"Polygon","coordinates":[[[127.0968173,37.4089104],[127.0968177,37.408971],[127.0966558,37.4089718],[127.0966553,37.4089112],[127.0968173,37.4089104]]]},"properties":{"sources":[{"property":"","dataset":"doi:10.5281/zenodo.8174931","license":null,"record_id":null,"update_time":"2024-11-01T00:00:00.000Z","confidence":null,"between":null,"provider":"zenodo","resource":"east_asian_buildings","version":"2024-11-01"}],"is_underground":false,"has_parts":false,"version":1}},
{"id":"dc267ba1-a4d8-4bed-bd9f-a389610bf6c1","type":"Feature","geometry":{"type":"Polygon","coordinates":[[[127.0951843,37.4079171],[127.0951367,37.4079187],[127.0951354,37.4078961],[127.095183,37.4078944],[127.0951843,37.4079171]]]},"properties":{"sources":[{"property":"","dataset":"doi:10.5281/zenodo.8174931","license":null,"record_id":null,"update_time":"2024-11-01T00:00:00.000Z","confidence":null,"between":null,"provider":"zenodo","resource":"east_asian_buildings","version":"2024-11-01"}],"is_underground":false,"has_parts":false,"version":1}},
{"id":"ea17f061-c757-43b0-bdc9-3dbfc865aa70","type":"Feature","geometry":{"type":"Polygon","coordinates":[[[127.0941179,37.4046674],[127.0943046,37.4045021],[127.0944505,37.4045771],[127.0942638,37.4047561],[127.0941179,37.4046674]]]},"properties":{"sources":[{"property":"","dataset":"OpenStreetMap","license":"ODbL-1.0","record_id":"w931718063@1","update_time":"2021-04-17T11:25:47.000Z","confidence":null,"between":null,"provider":"osm","resource":"planet","version":"2026-08-02T00:00:00.000Z"}],"is_underground":false,"has_parts":false,"version":1}},
{"id":"5b542ced-0037-40cf-a82b-d74956c1b9a7","type":"Feature","geometry":{"type":"Polygon","coordinates":[[[127.093108,37.4033362],[127.0931616,37.4034065],[127.0930426,37.4034638],[127.0929991,37.4034544],[127.0929624,37.4034063],[127.093108,37.4033362]]]},"properties":{"sources":[{"property":"","dataset":"OpenStreetMap","license":"ODbL-1.0","record_id":"w987627828@3","update_time":"2025-01-12T00:47:47.000Z","confidence":null,"between":null,"provider":"osm","resource":"planet","version":"2026-08-02T00:00:00.000Z"}],"is_underground":false,"has_parts":false,"version":1}},
{"id":"3f4736bf-e164-4393-96ee-57d99d7340ad","type":"Feature","geometry":{"type":"Polygon","coordinates":[[[127.0938018,37.4031099],[127.0938295,37.4031796],[127.0936511,37.4032243],[127.0936234,37.4031546],[127.0938018,37.4031099]]]},"properties":{"sources":[{"property":"","dataset":"OpenStreetMap","license":"ODbL-1.0","record_id":"w987627844@3","update_time":"2025-01-12T00:47:47.000Z","confidence":null,"between":null,"provider":"osm","resource":"planet","version":"2026-08-02T00:00:00.000Z"}],"is_underground":false,"has_parts":false,"version":1}},
{"id":"4cd431c8-4e00-454c-a2a3-3f29102ab691","type":"Feature","geometry":{"type":"Polygon","coordinates":[[[127.093574,37.4031693],[127.0936069,37.403252],[127.0934795,37.403284],[127.0934269,37.4032648],[127.0934057,37.4032115],[127.093574,37.4031693]]]},"properties":{"sources":[{"property":"","dataset":"OpenStreetMap","license":"ODbL-1.0","record_id":"w987627842@3","update_time":"2025-01-12T00:47:47.000Z","confidence":null,"between":null,"provider":"osm","resource":"planet","version":"2026-08-02T00:00:00.000Z"}],"is_underground":false,"has_parts":false,"version":1}},
{"id":"942b23c6-c3e1-4886-93d2-219e93dfee71","type":"Feature","geometry":{"type":"Polygon","coordinates":[[[127.0933646,37.4033244],[127.0932113,37.4033969],[127.0931429,37.4033057],[127.0932408,37.4032595],[127.0932684,37.4032964],[127.0933239,37.4032701],[127.0933646,37.4033244]]]},"properties":{"sources":[{"property":"","dataset":"OpenStreetMap","license":"ODbL-1.0","record_id":"w987627829@3","update_time":"2025-01-12T00:47:47.000Z","confidence":null,"between":null,"provider":"osm","resource":"planet","version":"2026-08-02T00:00:00.000Z"}],"is_underground":false,"has_parts":false,"version":1}},
{"id":"37ddbf0a-7bc3-4b35-a59d-2515a46273d5","type":"Feature","geometry":{"type":"Polygon","coordinates":[[[127.093234,37.4031153],[127.0932877,37.403187],[127.0931187,37.4032669],[127.093065,37.4031952],[127.093234,37.4031153]]]},"properties":{"sources":[{"property":"","dataset":"OpenStreetMap","license":"ODbL-1.0","record_id":"w987627830@3","update_time":"2025-01-12T00:47:47.000Z","confidence":null,"between":null,"provider":"osm","resource":"planet","version":"2026-08-02T00:00:00.000Z"}],"is_underground":false,"has_parts":false,"version":1}},
{"id":"919562a9-b6b7-41f0-8f41-806d7e34eaa4","type":"Feature","geometry":{"type":"Polygon","coordinates":[[[127.0935259,37.40315],[127.093391,37.4031838],[127.0933482,37.4030762],[127.0933688,37.4030275],[127.0934674,37.4030027],[127.0935259,37.40315]]]},"properties":{"sources":[{"property":"","dataset":"OpenStreetMap","license":"ODbL-1.0","record_id":"w987627841@3","update_time":"2025-01-12T00:47:47.000Z","confidence":null,"between":null,"provider":"osm","resource":"planet","version":"2026-08-02T00:00:00.000Z"}],"is_underground":false,"has_parts":false,"version":1}},
{"id":"eeadd195-8053-4d14-ad9a-21b5fc9f14b3","type":"Feature","geometry":{"type":"Polygon","coordinates":[[[127.0931217,37.4028043],[127.0932167,37.4028216],[127.093184,37.4029348],[127.0930601,37.4029122],[127.0931217,37.4028043]]]},"properties":{"sources":[{"property":"","dataset":"OpenStreetMap","license":"ODbL-1.0","record_id":"w987627853@3","update_time":"2025-01-12T00:47:47.000Z","confidence":null,"between":null,"provider":"osm","resource":"planet","version":"2026-08-02T00:00:00.000Z"}],"is_underground":false,"has_parts":false,"version":1}},
{"id":"ab21f3dc-d9f0-4b8f-847b-daf7f0818a59","type":"Feature","geometry":{"type":"Polygon","coordinates":[[[127.0933717,37.4029488],[127.0932307,37.4029357],[127.0932494,37.4028087],[127.0933107,37.4028143],[127.093304,37.4028597],[127.0933837,37.4028671],[127.0933717,37.4029488]]]},"properties":{"sources":[{"property":"","dataset":"OpenStreetMap","license":"ODbL-1.0","record_id":"w987627855@3","update_time":"2025-01-12T00:47:47.000Z","confidence":null,"between":null,"provider":"osm","resource":"planet","version":"2026-08-02T00:00:00.000Z"}],"is_underground":false,"has_parts":false,"version":1}},
{"id":"80f41d6e-0afa-430b-9aee-6209b8ecf52d","type":"Feature","geometry":{"type":"Polygon","coordinates":[[[127.0934933,37.4029127],[127.0934129,37.4029302],[127.0933662,37.4027947],[127.0934896,37.4027679],[127.0935231,37.4028649],[127.09348,37.4028742],[127.0934933,37.4029127]]]},"properties":{"sources":[{"property":"","dataset":"OpenStreetMap","license":"ODbL-1.0","record_id":"w987627856@3","update_time":"2025-01-12T00:47:47.000Z","confidence":null,"between":null,"provider":"osm","resource":"planet","version":"2026-08-02T00:00:00.000Z"}],"is_underground":false,"has_parts":false,"version":1}},
{"id":"1d5dfd38-e83e-49bd-8f26-b4a05b907719","type":"Feature","geometry":{"type":"Polygon","coordinates":[[[127.0937431,37.402944],[127.0937973,37.4030805],[127.0935887,37.4031328],[127.0935514,37.403039],[127.0936562,37.4030127],[127.0936393,37.4029701],[127.0937431,37.402944]]]},"properties":{"sources":[{"property":"","dataset":"OpenStreetMap","license":"ODbL-1.0","record_id":"w987627843@3","update_time":"2025-01-12T00:47:47.000Z","confidence":null,"between":null,"provider":"osm","resource":"planet","version":"2026-08-02T00:00:00.000Z"}],"is_underground":false,"has_parts":false,"version":1}},
{"id":"d9dfcf5d-10f2-4bde-8194-42241cafbfd7","type":"Feature","geometry":{"type":"Polygon","coordinates":[[[127.0941603,37.4029947],[127.0940334,37.4030145],[127.0940044,37.4028967],[127.0941313,37.402877],[127.0941603,37.4029947]]]},"properties":{"sources":[{"property":"","dataset":"OpenStreetMap","license":"ODbL-1.0","record_id":"w987627846@3","update_time":"2025-01-12T00:47:47.000Z","confidence":null,"between":null,"provider":"osm","resource":"planet","version":"2026-08-02T00:00:00.000Z"}],"is_underground":false,"has_parts":false,"version":1}},
{"id":"fb41239c-5a4a-47ce-b53e-12e2c25e7665","type":"Feature","geometry":{"type":"Polygon","coordinates":[[[127.0943244,37.4030901],[127.0941393,37.4031189],[127.0941143,37.4030171],[127.0942993,37.4029884],[127.0943244,37.4030901]]]},"properties":{"sources":[{"property":"","dataset":"OpenStreetMap","license":"ODbL-1.0","record_id":"w987627847@3","update_time":"2025-01-12T00:47:47.000Z","confidence":null,"between":null,"provider":"osm","resource":"planet","version":"2026-08-02T00:00:00.000Z"}],"is_underground":false,"has_parts":false,"version":1}},
{"id":"953e6810-2b47-46b2-989e-57e0624bd392","type":"Feature","geometry":{"type":"Polygon","coordinates":[[[127.094049,37.4030443],[127.0940669,37.4031167],[127.0939023,37.4031423],[127.0938845,37.4030699],[127.094049,37.4030443]]]},"properties":{"sources":[{"property":"","dataset":"OpenStreetMap","license":"ODbL-1.0","record_id":"w987627845@3","update_time":"2025-01-12T00:47:47.000Z","confidence":null,"between":null,"provider":"osm","resource":"planet","version":"2026-08-02T00:00:00.000Z"}],"is_underground":false,"has_parts":false,"version":1}},
{"id":"d255a309-50ad-4335-b3f0-2c69a0a7be89","type":"Feature","geometry":{"type":"Polygon","coordinates":[[[127.0948029,37.402988],[127.0948097,37.4030515],[127.0946223,37.403064],[127.0946155,37.4030006],[127.0946551,37.4029979],[127.094652,37.4029682],[127.0946867,37.4029659],[127.0946898,37.4029956],[127.0948029,37.402988]]]},"properties":{"sources":[{"property":"","dataset":"OpenStreetMap","license":"ODbL-1.0","record_id":"w987627890@3","update_time":"2025-01-12T00:47:47.000Z","confidence":null,"between":null,"provider":"osm","resource":"planet","version":"2026-08-02T00:00:00.000Z"}],"is_underground":false,"has_parts":false,"version":1}},
{"id":"83ad1999-e113-439e-851f-7930e4224824","type":"Feature","geometry":{"type":"Polygon","coordinates":[[[127.0947537,37.4028571],[127.0947619,37.4029344],[127.0946156,37.4029442],[127.0946044,37.4028383],[127.0947017,37.4028318],[127.0947047,37.4028604],[127.0947537,37.4028571]]]},"properties":{"sources":[{"property":"","dataset":"OpenStreetMap","license":"ODbL-1.0","record_id":"w987627891@3","update_time":"2025-01-12T00:47:47.000Z","confidence":null,"between":null,"provider":"osm","resource":"planet","version":"2026-08-02T00:00:00.000Z"}],"is_underground":false,"has_parts":false,"version":1}},
{"id":"d25dfa21-6b1f-4aea-8b74-e93f1c6aecae","type":"Feature","geometry":{"type":"Polygon","coordinates":[[[127.0949612,37.4028426],[127.0949692,37.4029183],[127.0948172,37.4029285],[127.0948067,37.4028302],[127.094884,37.402825],[127.0948864,37.4028476],[127.0949612,37.4028426]]]},"properties":{"sources":[{"property":"","dataset":"OpenStreetMap","license":"ODbL-1.0","record_id":"w987627892@3","update_time":"2025-01-12T00:47:47.000Z","confidence":null,"between":null,"provider":"osm","resource":"planet","version":"2026-08-02T00:00:00.000Z"}],"is_underground":false,"has_parts":false,"version":1}},
{"id":"2d38ee67-0ad0-4873-a5e7-d2331c3222e2","type":"Feature","geometry":{"type":"Polygon","coordinates":[[[127.094816,37.4029493],[127.0949906,37.4029376],[127.0950015,37.4030406],[127.094824,37.4030249],[127.094816,37.4029493]]]},"properties":{"sources":[{"property":"","dataset":"OpenStreetMap","license":"ODbL-1.0","record_id":"w987627893@3","update_time":"2025-01-12T00:47:47.000Z","confidence":null,"between":null,"provider":"osm","resource":"planet","version":"2026-08-02T00:00:00.000Z"}],"is_underground":false,"has_parts":false,"version":1}},
{"id":"a5d20929-75fd-4fe5-9318-6f6941b21e77","type":"Feature","geometry":{"type":"Polygon","coordinates":[[[127.0951417,37.4029441],[127.0951532,37.4030523],[127.0950204,37.4030612],[127.0950089,37.402953],[127.0951417,37.4029441]]]},"properties":{"sources":[{"property":"","dataset":"OpenStreetMap","license":"ODbL-1.0","record_id":"w987627894@3","update_time":"2025-01-12T00:47:47.000Z","confidence":null,"between":null,"provider":"osm","resource":"planet","version":"2026-08-02T00:00:00.000Z"}],"is_underground":false,"has_parts":false,"version":1}},
{"id":"5bbdffa6-19ba-42bb-9f13-b5073c589d43","type":"Feature","geometry":{"type":"Polygon","coordinates":[[[127.0952568,37.403068],[127.0951776,37.4030733],[127.0951603,37.4029105],[127.0952731,37.4029029],[127.0952861,37.4030248],[127.0952524,37.403027],[127.0952568,37.403068]]]},"properties":{"sources":[{"property":"","dataset":"OpenStreetMap","license":"ODbL-1.0","record_id":"w987627895@3","update_time":"2025-01-12T00:47:47.000Z","confidence":null,"between":null,"provider":"osm","resource":"planet","version":"2026-08-02T00:00:00.000Z"}],"is_underground":false,"has_parts":false,"version":1}},
{"id":"2fd7d182-73e6-4c45-a334-154823b72ae3","type":"Feature","geometry":{"type":"Polygon","coordinates":[[[127.095416,37.4030652],[127.0953199,37.4030717],[127.0953016,37.4028997],[127.0953524,37.4028963],[127.0953556,37.4029266],[127.095401,37.4029236],[127.095416,37.4030652]]]},"properties":{"sources":[{"property":"","dataset":"OpenStreetMap","license":"ODbL-1.0","record_id":"w987627896@3","update_time":"2025-01-12T00:47:47.000Z","confidence":null,"between":null,"provider":"osm","resource":"planet","version":"2026-08-02T00:00:00.000Z"}],"is_underground":false,"has_parts":false,"version":1}},
{"id":"68c54dab-5e8b-4082-b916-237e550e9629","type":"Feature","geometry":{"type":"Polygon","coordinates":[[[127.0957081,37.4030797],[127.0954906,37.4030902],[127.0954843,37.4030076],[127.0957018,37.4029971],[127.0957081,37.4030797]]]},"properties":{"sources":[{"property":"","dataset":"OpenStreetMap","license":"ODbL-1.0","record_id":"w987627897@3","update_time":"2025-01-12T00:47:47.000Z","confidence":null,"between":null,"provider":"osm","resource":"planet","version":"2026-08-02T00:00:00.000Z"}],"is_underground":false,"has_parts":false,"version":1}},
{"id":"2fadfa39-c95c-40c3-b71e-0a393b2baca1","type":"Feature","geometry":{"type":"Polygon","coordinates":[[[127.0959659,37.4029229],[127.0960039,37.4029861],[127.0958742,37.4030353],[127.0958295,37.4030178],[127.0957906,37.4029531],[127.0958796,37.4029193],[127.0958974,37.4029489],[127.0959659,37.4029229]]]},"properties":{"sources":[{"property":"","dataset":"OpenStreetMap","license":"ODbL-1.0","record_id":"w987627903@3","update_time":"2025-01-12T00:47:47.000Z","confidence":null,"between":null,"provider":"osm","resource":"planet","version":"2026-08-02T00:00:00.000Z"}],"is_underground":false,"has_parts":false,"version":1}},
{"id":"4d1e8787-162d-4755-98ad-c1688f58887e","type":"Feature","geometry":{"type":"Polygon","coordinates":[[[127.096132,37.4028027],[127.0962001,37.4028892],[127.0960862,37.4029457],[127.0960182,37.4028593],[127.096132,37.4028027]]]},"properties":{"sources":[{"property":"","dataset":"OpenStreetMap","license":"ODbL-1.0","record_id":"w987627904@3","update_time":"2025-01-12T00:47:47.000Z","confidence":null,"between":null,"provider":"osm","resource":"planet","version":"2026-08-02T00:00:00.000Z"}],"is_underground":false,"has_parts":false,"version":1}},
{"id":"1c6b11fa-569c-4bf1-82ce-325f7565e95d","type":"Feature","geometry":{"type":"Polygon","coordinates":[[[127.0963271,37.4028127],[127.0962521,37.4027751],[127.0963045,37.402709],[127.0963198,37.4027166],[127.0963732,37.4026493],[127.0964348,37.4026801],[127.096445,37.402732],[127.0963271,37.4028127]]]},"properties":{"sources":[{"property":"","dataset":"OpenStreetMap","license":"ODbL-1.0","record_id":"w987627905@3","update_time":"2025-01-12T00:47:47.000Z","confidence":null,"between":null,"provider":"osm","resource":"planet","version":"2026-08-02T00:00:00.000Z"}],"is_underground":false,"has_parts":false,"version":1}},
{"id":"3befcadb-adcf-49ae-bf1b-890071375560","type":"Feature","geometry":{"type":"Polygon","coordinates":[[[127.0965287,37.4022737],[127.0964215,37.4024089],[127.0963377,37.402367],[127.0963848,37.4023076],[127.0964134,37.4023219],[127.0964399,37.4022884],[127.0964113,37.4022741],[127.0964449,37.4022318],[127.0965287,37.4022737]]]},"properties":{"sources":[{"property":"","dataset":"OpenStreetMap","license":"ODbL-1.0","record_id":"w987627929@3","update_time":"2025-01-12T00:47:47.000Z","confidence":null,"between":null,"provider":"osm","resource":"planet","version":"2026-08-02T00:00:00.000Z"}],"is_underground":false,"has_parts":false,"version":1}},
{"id":"c2c9a851-c8b9-4421-86f4-21af776fc972","type":"Feature","geometry":{"type":"Polygon","coordinates":[[[127.0964764,37.4024835],[127.0964007,37.402579],[127.0962994,37.4025283],[127.0963751,37.4024328],[127.0964764,37.4024835]]]},"properties":{"sources":[{"property":"","dataset":"OpenStreetMap","license":"ODbL-1.0","record_id":"w987627913@3","update_time":"2025-01-12T00:47:47.000Z","confidence":null,"between":null,"provider":"osm","resource":"planet","version":"2026-08-02T00:00:00.000Z"}],"is_underground":false,"has_parts":false,"version":1}},
{"id":"51c267e7-ae7e-4d92-8b6d-31ec1d637a73","type":"Feature","geometry":{"type":"Polygon","coordinates":[[[127.0964978,37.4026321],[127.0964226,37.4025945],[127.0965088,37.4024858],[127.0966422,37.4025525],[127.0965585,37.40263],[127.0964978,37.4026321]]]},"properties":{"sources":[{"property":"","dataset":"OpenStreetMap","license":"ODbL-1.0","record_id":"w987627914@3","update_time":"2025-01-12T00:47:47.000Z","confidence":null,"between":null,"provider":"osm","resource":"planet","version":"2026-08-02T00:00:00.000Z"}],"is_underground":false,"has_parts":false,"version":1}},
{"id":"3da269ad-083f-4981-8be1-bae755e84ebe","type":"Feature","geometry":{"type":"Polygon","coordinates":[[[127.0962496,37.4024986],[127.0961604,37.402454],[127.0962272,37.4023698],[127.0962649,37.4023886],[127.0962798,37.4023698],[127.0963545,37.4024072],[127.0962992,37.402477],[127.096276,37.4024654],[127.0962496,37.4024986]]]},"properties":{"sources":[{"property":"","dataset":"OpenStreetMap","license":"ODbL-1.0","record_id":"w987627915@3","update_time":"2025-01-12T00:47:47.000Z","confidence":null,"between":null,"provider":"osm","resource":"planet","version":"2026-08-02T00:00:00.000Z"}],"is_underground":false,"has_parts":false,"version":1}},
{"id":"593b9d31-e1a3-4973-99ba-f8e75b880c92","type":"Feature","geometry":{"type":"Polygon","coordinates":[[[127.0962244,37.4023403],[127.0961388,37.4024483],[127.0960799,37.4024188],[127.0961094,37.4023817],[127.0960553,37.4023546],[127.0961114,37.4022838],[127.0962244,37.4023403]]]},"properties":{"sources":[{"property":"","dataset":"OpenStreetMap","license":"ODbL-1.0","record_id":"w987627912@3","update_time":"2025-01-12T00:47:47.000Z","confidence":null,"between":null,"provider":"osm","resource":"planet","version":"2026-08-02T00:00:00.000Z"}],"is_underground":false,"has_parts":false,"version":1}},
{"id":"a8248ba8-5e66-4e72-9a7c-12e0dc8edb2b","type":"Feature","geometry":{"type":"Polygon","coordinates":[[[127.0961736,37.4025764],[127.0960795,37.402695],[127.0959864,37.4026484],[127.0960677,37.4025459],[127.0961169,37.4025705],[127.0961296,37.4025544],[127.0961736,37.4025764]]]},"properties":{"sources":[{"property":"","dataset":"OpenStreetMap","license":"ODbL-1.0","record_id":"w987627906@3","update_time":"2025-01-12T00:47:47.000Z","confidence":null,"between":null,"provider":"osm","resource":"planet","version":"2026-08-02T00:00:00.000Z"}],"is_underground":false,"has_parts":false,"version":1}},
{"id":"ccd3ea67-8fbc-4938-a189-e732a8a4dda2","type":"Feature","geometry":{"type":"Polygon","coordinates":[[[127.0963059,37.4026292],[127.0962114,37.4027484],[127.0961195,37.4027024],[127.096214,37.4025832],[127.0963059,37.4026292]]]},"properties":{"sources":[{"property":"","dataset":"OpenStreetMap","license":"ODbL-1.0","record_id":"w987627907@3","update_time":"2025-01-12T00:47:47.000Z","confidence":null,"between":null,"provider":"osm","resource":"planet","version":"2026-08-02T00:00:00.000Z"}],"is_underground":false,"has_parts":false,"version":1}},
{"id":"91293355-0d42-49de-8a7f-0b2dd256e761","type":"Feature","geometry":{"type":"Polygon","coordinates":[[[127.0958325,37.4029138],[127.0957752,37.4028851],[127.095859,37.4027795],[127.0958736,37.4027868],[127.0959389,37.4027046],[127.0960093,37.4027398],[127.0959827,37.4027733],[127.0960312,37.4027976],[127.0959796,37.4028627],[127.0959429,37.4028443],[127.0959098,37.402886],[127.0958702,37.4028662],[127.0958325,37.4029138]]]},"properties":{"sources":[{"property":"","dataset":"OpenStreetMap","license":"ODbL-1.0","record_id":"w987627902@3","update_time":"2025-01-12T00:47:47.000Z","confidence":null,"between":null,"provider":"osm","resource":"planet","version":"2026-08-02T00:00:00.000Z"}],"is_underground":false,"has_parts":false,"version":1}},
{"id":"dc362518-c18f-49b6-8076-0d2168c06d26","type":"Feature","geometry":{"type":"Polygon","coordinates":[[[127.0956577,37.4027332],[127.0955902,37.4026994],[127.0956645,37.4026058],[127.0956929,37.40262],[127.0957209,37.4025847],[127.0957905,37.4026195],[127.0957097,37.4027214],[127.0956792,37.4027061],[127.0956577,37.4027332]]]},"properties":{"sources":[{"property":"","dataset":"OpenStreetMap","license":"ODbL-1.0","record_id":"w987627901@3","update_time":"2025-01-12T00:47:47.000Z","confidence":null,"between":null,"provider":"osm","resource":"planet","version":"2026-08-02T00:00:00.000Z"}],"is_underground":false,"has_parts":false,"version":1}},
{"id":"87317022-189d-4748-ad68-67072e257725","type":"Feature","geometry":{"type":"Polygon","coordinates":[[[127.095571,37.4026913],[127.0954905,37.4026511],[127.0955259,37.4026064],[127.0954935,37.4025902],[127.0955567,37.4025106],[127.0956695,37.402567],[127.0956312,37.4026153],[127.095606,37.4026027],[127.0955949,37.4026168],[127.0956201,37.4026294],[127.095571,37.4026913]]]},"properties":{"sources":[{"property":"","dataset":"OpenStreetMap","license":"ODbL-1.0","record_id":"w987627900@3","update_time":"2025-01-12T00:47:47.000Z","confidence":null,"between":null,"provider":"osm","resource":"planet","version":"2026-08-02T00:00:00.000Z"}],"is_underground":false,"has_parts":false,"version":1}},
{"id":"d66d3126-5962-40f9-b39d-6896f27056b5","type":"Feature","geometry":{"type":"Polygon","coordinates":[[[127.0953897,37.4028189],[127.0953448,37.4028661],[127.0953003,37.4028441],[127.0953228,37.4026437],[127.0954368,37.4027116],[127.0953897,37.4028189]]]},"properties":{"sources":[{"property":"","dataset":"OpenStreetMap","license":"ODbL-1.0","record_id":"w987854515@2","update_time":"2025-01-12T00:47:47.000Z","confidence":null,"between":null,"provider":"osm","resource":"planet","version":"2026-08-02T00:00:00.000Z"}],"is_underground":false,"has_parts":false,"version":1}},
{"id":"48819722-e721-42d1-9ad2-6476e9845d62","type":"Feature","geometry":{"type":"Polygon","coordinates":[[[127.0950919,37.4024483],[127.0949855,37.402395],[127.0950396,37.4023268],[127.0950821,37.4023481],[127.0950799,37.4023938],[127.0951406,37.4023998],[127.0951533,37.4023837],[127.0951952,37.4024046],[127.0952728,37.4024721],[127.0952532,37.4024968],[127.0951984,37.4025015],[127.095136,37.4024703],[127.095148,37.4024551],[127.0950919,37.4024483]]]},"properties":{"sources":[{"property":"","dataset":"OpenStreetMap","license":"ODbL-1.0","record_id":"w987627917@3","update_time":"2025-01-12T00:47:47.000Z","confidence":null,"between":null,"provider":"osm","resource":"planet","version":"2026-08-02T00:00:00.000Z"}],"is_underground":false,"has_parts":false,"version":1}},
{"id":"772d67b7-dacf-4212-9cb7-a271a46bf1b3","type":"Feature","geometry":{"type":"Polygon","coordinates":[[[127.0953956,37.4023045],[127.0953136,37.402408],[127.0952128,37.4023576],[127.0952949,37.402254],[127.0953956,37.4023045]]]},"properties":{"sources":[{"property":"","dataset":"OpenStreetMap","license":"ODbL-1.0","record_id":"w987627919@3","update_time":"2025-01-12T00:47:47.000Z","confidence":null,"between":null,"provider":"osm","resource":"planet","version":"2026-08-02T00:00:00.000Z"}],"is_underground":false,"has_parts":false,"version":1}},
{"id":"c6a0f6c7-cf04-4f3c-b4a7-46b3587a9212","type":"Feature","geometry":{"type":"Polygon","coordinates":[[[127.0956743,37.4022964],[127.095635,37.4023461],[127.0955664,37.4023569],[127.0955862,37.4024076],[127.0955668,37.4024321],[127.095489,37.4023931],[127.0954862,37.4023631],[127.0955545,37.4022769],[127.0956119,37.4022652],[127.0956743,37.4022964]]]},"properties":{"sources":[{"property":"","dataset":"OpenStreetMap","license":"ODbL-1.0","record_id":"w987627908@3","update_time":"2025-01-12T00:47:47.000Z","confidence":null,"between":null,"provider":"osm","resource":"planet","version":"2026-08-02T00:00:00.000Z"}],"is_underground":false,"has_parts":false,"version":1}},
{"id":"4f66f754-f765-4091-8b8b-ebf452a04398","type":"Feature","geometry":{"type":"Polygon","coordinates":[[[127.0954672,37.4025847],[127.0954416,37.402617],[127.0953587,37.4025755],[127.0953777,37.4025517],[127.0953483,37.402537],[127.0954204,37.4024462],[127.0955168,37.4024944],[127.0954814,37.402539],[127.0954972,37.4025469],[127.0954785,37.4025705],[127.0954319,37.4025472],[127.0954206,37.4025614],[127.0954672,37.4025847]]]},"properties":{"sources":[{"property":"","dataset":"OpenStreetMap","license":"ODbL-1.0","record_id":"w987627899@3","update_time":"2025-01-12T00:47:47.000Z","confidence":null,"between":null,"provider":"osm","resource":"planet","version":"2026-08-02T00:00:00.000Z"}],"is_underground":false,"has_parts":false,"version":1}},
{"id":"3c3521d5-0909-443c-9f76-ef67d1a50f67","type":"Feature","geometry":{"type":"Polygon","coordinates":[[[127.0957812,37.4021873],[127.0957354,37.4022451],[127.0956592,37.402207],[127.0956489,37.40216],[127.0957124,37.40208],[127.0957942,37.4021209],[127.0957528,37.4021731],[127.0957812,37.4021873]]]},"properties":{"sources":[{"property":"","dataset":"OpenStreetMap","license":"ODbL-1.0","record_id":"w987627909@3","update_time":"2025-01-12T00:47:47.000Z","confidence":null,"between":null,"provider":"osm","resource":"planet","version":"2026-08-02T00:00:00.000Z"}],"is_underground":false,"has_parts":false,"version":1}},
{"id":"146f3682-c2a2-4676-bfbc-7f21c2e14bfe","type":"Feature","geometry":{"type":"Polygon","coordinates":[[[127.0955291,37.4021351],[127.095435,37.402088],[127.0955253,37.4019741],[127.0955967,37.4020099],[127.095556,37.4020612],[127.0955787,37.4020726],[127.0955291,37.4021351]]]},"properties":{"sources":[{"property":"","dataset":"OpenStreetMap","license":"ODbL-1.0","record_id":"w987627922@3","update_time":"2025-01-12T00:47:47.000Z","confidence":null,"between":null,"provider":"osm","resource":"planet","version":"2026-08-02T00:00:00.000Z"}],"is_underground":false,"has_parts":false,"version":1}},
{"id":"12044705-4ee0-4527-aed2-b64c44dc3a34","type":"Feature","geometry":{"type":"Polygon","coordinates":[[[127.0955078,37.4021652],[127.0954175,37.4022791],[127.0953189,37.4022298],[127.0954093,37.4021159],[127.0955078,37.4021652]]]},"properties":{"sources":[{"property":"","dataset":"OpenStreetMap","license":"ODbL-1.0","record_id":"w987627920@3","update_time":"2025-01-12T00:47:47.000Z","confidence":null,"between":null,"provider":"osm","resource":"planet","version":"2026-08-02T00:00:00.000Z"}],"is_underground":false,"has_parts":false,"version":1}},
{"id":"732fca8c-32ac-4595-b4ce-378ac4c444c5","type":"Feature","geometry":{"type":"Polygon","coordinates":[[[127.0951379,37.4020576],[127.0950499,37.4021686],[127.0949204,37.4021037],[127.0949724,37.4020381],[127.0950171,37.4020604],[127.0950531,37.4020152],[127.0951379,37.4020576]]]},"properties":{"sources":[{"property":"","dataset":"OpenStreetMap","license":"ODbL-1.0","record_id":"w987627916@3","update_time":"2025-01-12T00:47:47.000Z","confidence":null,"between":null,"provider":"osm","resource":"planet","version":"2026-08-02T00:00:00.000Z"}],"is_underground":false,"has_parts":false,"version":1}},
{"id":"47d4dd39-5cdc-44ce-ac91-32a9dc23006c","type":"Feature","geometry":{"type":"Polygon","coordinates":[[[127.0954836,37.4019567],[127.0953883,37.4020769],[127.0952801,37.4020228],[127.0953754,37.4019025],[127.0954836,37.4019567]]]},"properties":{"sources":[{"property":"","dataset":"OpenStreetMap","license":"ODbL-1.0","record_id":"w987627921@3","update_time":"2025-01-12T00:47:47.000Z","confidence":null,"between":null,"provider":"osm","resource":"planet","version":"2026-08-02T00:00:00.000Z"}],"is_underground":false,"has_parts":false,"version":1}},
{"id":"62960b50-01b8-4c64-9038-63070c53fc57","type":"Feature","geometry":{"type":"Polygon","coordinates":[[[127.0959318,37.4019655],[127.0958273,37.4020973],[127.0957367,37.402052],[127.0958256,37.40194],[127.0958657,37.4019324],[127.0959318,37.4019655]]]},"properties":{"sources":[{"property":"","dataset":"OpenStreetMap","license":"ODbL-1.0","record_id":"w987627925@3","update_time":"2025-01-12T00:47:47.000Z","confidence":null,"between":null,"provider":"osm","resource":"planet","version":"2026-08-02T00:00:00.000Z"}],"is_underground":false,"has_parts":false,"version":1}},
{"id":"90137fe7-3bef-44ab-880b-79eba615ec47","type":"Feature","geometry":{"type":"Polygon","coordinates":[[[127.0957286,37.4018989],[127.0956521,37.4019953],[127.0955472,37.4019428],[127.0955754,37.4019071],[127.0956098,37.4019243],[127.0956354,37.4018921],[127.095601,37.4018749],[127.0956475,37.4018163],[127.0957149,37.40185],[127.0957286,37.4018989]]]},"properties":{"sources":[{"property":"","dataset":"OpenStreetMap","license":"ODbL-1.0","record_id":"w987627924@3","update_time":"2025-01-12T00:47:47.000Z","confidence":null,"between":null,"provider":"osm","resource":"planet","version":"2026-08-02T00:00:00.000Z"}],"is_underground":false,"has_parts":false,"version":1}},
{"id":"a04c8f1f-7be7-41d8-8c0c-9de5e82518b9","type":"Feature","geometry":{"type":"Polygon","coordinates":[[[127.0960586,37.4017849],[127.0960903,37.4018008],[127.0959974,37.401918],[127.0959123,37.4018754],[127.0959315,37.4018512],[127.0958996,37.4018353],[127.0959557,37.4017644],[127.096041,37.4018071],[127.0960586,37.4017849]]]},"properties":{"sources":[{"property":"","dataset":"OpenStreetMap","license":"ODbL-1.0","record_id":"w987627937@3","update_time":"2025-01-12T00:47:47.000Z","confidence":null,"between":null,"provider":"osm","resource":"planet","version":"2026-08-02T00:00:00.000Z"}],"is_underground":false,"has_parts":false,"version":1}},
{"id":"be2a7ce3-cd9a-4bf4-a196-09be8f75c565","type":"Feature","geometry":{"type":"Polygon","coordinates":[[[127.0961107,37.4018095],[127.0962305,37.4018694],[127.096135,37.40199],[127.0960467,37.4019458],[127.0960894,37.401892],[127.0960578,37.4018761],[127.0961107,37.4018095]]]},"properties":{"sources":[{"property":"","dataset":"OpenStreetMap","license":"ODbL-1.0","record_id":"w987627938@3","update_time":"2025-01-12T00:47:47.000Z","confidence":null,"between":null,"provider":"osm","resource":"planet","version":"2026-08-02T00:00:00.000Z"}],"is_underground":false,"has_parts":false,"version":1}},
{"id":"76f6c19e-5f65-4d2d-87d3-76af2659df75","type":"Feature","geometry":{"type":"Polygon","coordinates":[[[127.0962402,37.4018762],[127.0963525,37.4019324],[127.0962606,37.4020484],[127.096185,37.4020106],[127.0962113,37.4019773],[127.0961746,37.401959],[127.0962402,37.4018762]]]},"properties":{"sources":[{"property":"","dataset":"OpenStreetMap","license":"ODbL-1.0","record_id":"w987627940@3","update_time":"2025-01-12T00:47:47.000Z","confidence":null,"between":null,"provider":"osm","resource":"planet","version":"2026-08-02T00:00:00.000Z"}],"is_underground":false,"has_parts":false,"version":1}},
{"id":"534dcb83-418e-4f25-95a2-f2f4614f4abe","type":"Feature","geometry":{"type":"Polygon","coordinates":[[[127.0960629,37.4020324],[127.0959592,37.4021632],[127.0958905,37.4021288],[127.0959942,37.4019981],[127.0960629,37.4020324]]]},"properties":{"sources":[{"property":"","dataset":"OpenStreetMap","license":"ODbL-1.0","record_id":"w987627926@3","update_time":"2025-01-12T00:47:47.000Z","confidence":null,"between":null,"provider":"osm","resource":"planet","version":"2026-08-02T00:00:00.000Z"}],"is_underground":false,"has_parts":false,"version":1}},
{"id":"02d21f23-6708-4517-862d-e02f698de178","type":"Feature","geometry":{"type":"Polygon","coordinates":[[[127.0958501,37.4021564],[127.0959459,37.4022044],[127.0958622,37.40231],[127.0957663,37.402262],[127.0958501,37.4021564]]]},"properties":{"sources":[{"property":"","dataset":"OpenStreetMap","license":"ODbL-1.0","record_id":"w987627910@3","update_time":"2025-01-12T00:47:47.000Z","confidence":null,"between":null,"provider":"osm","resource":"planet","version":"2026-08-02T00:00:00.000Z"}],"is_underground":false,"has_parts":false,"version":1}},
{"id":"eef50183-0ec8-4fd7-9ba3-f680f895e79b","type":"Feature","geometry":{"type":"Polygon","coordinates":[[[127.0960906,37.4022804],[127.0960088,37.4023836],[127.0959458,37.4023521],[127.0959759,37.4023142],[127.0959228,37.4022877],[127.0959822,37.4022128],[127.0960474,37.4022454],[127.0960398,37.4022551],[127.0960906,37.4022804]]]},"properties":{"sources":[{"property":"","dataset":"OpenStreetMap","license":"ODbL-1.0","record_id":"w987627911@3","update_time":"2025-01-12T00:47:47.000Z","confidence":null,"between":null,"provider":"osm","resource":"planet","version":"2026-08-02T00:00:00.000Z"}],"is_underground":false,"has_parts":false,"version":1}},
{"id":"aac421c0-214d-44a7-8f6e-30d7905ab9c4","type":"Feature","geometry":{"type":"Polygon","coordinates":[[[127.0961777,37.4022819],[127.0960923,37.4022392],[127.096196,37.4021084],[127.0962626,37.4021417],[127.0962244,37.4021898],[127.0962432,37.4021993],[127.0961777,37.4022819]]]},"properties":{"sources":[{"property":"","dataset":"OpenStreetMap","license":"ODbL-1.0","record_id":"w987627928@3","update_time":"2025-01-12T00:47:47.000Z","confidence":null,"between":null,"provider":"osm","resource":"planet","version":"2026-08-02T00:00:00.000Z"}],"is_underground":false,"has_parts":false,"version":1}},
{"id":"f56a2356-28c5-4c70-9719-d240fbfbb8c1","type":"Feature","geometry":{"type":"Polygon","coordinates":[[[127.0961711,37.4020978],[127.0960678,37.4022281],[127.095989,37.4021886],[127.0960486,37.4021135],[127.0960677,37.4021231],[127.0961114,37.4020679],[127.0961711,37.4020978]]]},"properties":{"sources":[{"property":"","dataset":"OpenStreetMap","license":"ODbL-1.0","record_id":"w987627927@3","update_time":"2025-01-12T00:47:47.000Z","confidence":null,"between":null,"provider":"osm","resource":"planet","version":"2026-08-02T00:00:00.000Z"}],"is_underground":false,"has_parts":false,"version":1}},
{"id":"bdb22490-a192-47d0-8390-1f6006bc32d1","type":"Feature","geometry":{"type":"Polygon","coordinates":[[[127.0965185,37.402032],[127.0966147,37.4020802],[127.0965311,37.4021857],[127.0964578,37.402149],[127.0964911,37.4021069],[127.0964682,37.4020954],[127.0965185,37.402032]]]},"properties":{"sources":[{"property":"","dataset":"OpenStreetMap","license":"ODbL-1.0","record_id":"w987627934@3","update_time":"2025-01-12T00:47:47.000Z","confidence":null,"between":null,"provider":"osm","resource":"planet","version":"2026-08-02T00:00:00.000Z"}],"is_underground":false,"has_parts":false,"version":1}},
{"id":"c7c16b36-6783-4199-a659-e0ecf6e23f75","type":"Feature","geometry":{"type":"Polygon","coordinates":[[[127.0962981,37.4021974],[127.0963766,37.4022402],[127.0963335,37.4022901],[127.096255,37.4022473],[127.0962981,37.4021974]]]},"properties":{"sources":[{"property":"","dataset":"doi:10.5281/zenodo.8174931","license":null,"record_id":null,"update_time":"2024-11-01T00:00:00.000Z","confidence":null,"between":null,"provider":"zenodo","resource":"east_asian_buildings","version":"2024-11-01"}],"is_underground":false,"has_parts":false,"version":1}},
{"id":"a1812618-6f5b-404b-a89a-137aa1b32521","type":"Feature","geometry":{"type":"Polygon","coordinates":[[[127.0966807,37.4022562],[127.0965629,37.4021973],[127.0966372,37.4021036],[127.096755,37.4021625],[127.0966807,37.4022562]]]},"properties":{"sources":[{"property":"","dataset":"OpenStreetMap","license":"ODbL-1.0","record_id":"w987627933@3","update_time":"2025-01-12T00:47:47.000Z","confidence":null,"between":null,"provider":"osm","resource":"planet","version":"2026-08-02T00:00:00.000Z"}],"is_underground":false,"has_parts":false,"version":1}},
{"id":"8e5cd6e2-f704-407e-bb19-ee27488f4a44","type":"Feature","geometry":{"type":"Polygon","coordinates":[[[127.0968447,37.401988],[127.0967428,37.4021165],[127.096648,37.4020691],[127.0967119,37.4019884],[127.0967567,37.4020108],[127.0967947,37.4019629],[127.0968447,37.401988]]]},"properties":{"sources":[{"property":"","dataset":"OpenStreetMap","license":"ODbL-1.0","record_id":"w987627931@3","update_time":"2025-01-12T00:47:47.000Z","confidence":null,"between":null,"provider":"osm","resource":"planet","version":"2026-08-02T00:00:00.000Z"}],"is_underground":false,"has_parts":false,"version":1}},
{"id":"e466049e-6314-407e-9c5f-d0025f85c7d1","type":"Feature","geometry":{"type":"Polygon","coordinates":[[[127.0967058,37.4019182],[127.0966107,37.4020382],[127.0965196,37.4019926],[127.0966147,37.4018727],[127.0967058,37.4019182]]]},"properties":{"sources":[{"property":"","dataset":"OpenStreetMap","license":"ODbL-1.0","record_id":"w987627935@3","update_time":"2025-01-12T00:47:47.000Z","confidence":null,"between":null,"provider":"osm","resource":"planet","version":"2026-08-02T00:00:00.000Z"}],"is_underground":false,"has_parts":false,"version":1}},
{"id":"92f816d9-4799-4d12-be2b-d0cf75b981e1","type":"Feature","geometry":{"type":"Polygon","coordinates":[[[127.0964734,37.4020042],[127.0963901,37.4021092],[127.0962967,37.4020625],[127.0963799,37.4019575],[127.0964734,37.4020042]]]},"properties":{"sources":[{"property":"","dataset":"OpenStreetMap","license":"ODbL-1.0","record_id":"w987627939@3","update_time":"2025-01-12T00:47:47.000Z","confidence":null,"between":null,"provider":"osm","resource":"planet","version":"2026-08-02T00:00:00.000Z"}],"is_underground":false,"has_parts":false,"version":1}},
{"id":"c91c40f6-4820-4135-bd0c-52ade8499101","type":"Feature","geometry":{"type":"Polygon","coordinates":[[[127.0965966,37.401843],[127.0964917,37.4019752],[127.0964316,37.4019451],[127.0965365,37.4018129],[127.0965966,37.401843]]]},"properties":{"sources":[{"property":"","dataset":"OpenStreetMap","license":"ODbL-1.0","record_id":"w987627936@3","update_time":"2025-01-12T00:47:47.000Z","confidence":null,"between":null,"provider":"osm","resource":"planet","version":"2026-08-02T00:00:00.000Z"}],"is_underground":false,"has_parts":false,"version":1}},
{"id":"984b4070-748b-45b9-a2d0-24c842a3dd41","type":"Feature","geometry":{"type":"Polygon","coordinates":[[[127.0967486,37.401682],[127.0966623,37.4017909],[127.0965498,37.4017346],[127.0966361,37.4016257],[127.0967486,37.401682]]]},"properties":{"sources":[{"property":"","dataset":"OpenStreetMap","license":"ODbL-1.0","record_id":"w987627954@3","update_time":"2025-01-12T00:47:47.000Z","confidence":null,"between":null,"provider":"osm","resource":"planet","version":"2026-08-02T00:00:00.000Z"}],"is_underground":false,"has_parts":false,"version":1}},
{"id":"bde6e172-ec35-402f-a4b3-c6d00c7ac622","type":"Feature","geometry":{"type":"Polygon","coordinates":[[[127.0967231,37.4014686],[127.0968194,37.4015168],[127.0967278,37.4016323],[127.0966315,37.4015841],[127.0967231,37.4014686]]]},"properties":{"sources":[{"property":"","dataset":"OpenStreetMap","license":"ODbL-1.0","record_id":"w987627958@3","update_time":"2025-01-12T00:47:47.000Z","confidence":null,"between":null,"provider":"osm","resource":"planet","version":"2026-08-02T00:00:00.000Z"}],"is_underground":false,"has_parts":false,"version":1}},
{"id":"e5019795-eb51-4338-9877-571d9e789fa1","type":"Feature","geometry":{"type":"Polygon","coordinates":[[[127.0965034,37.4015571],[127.0966161,37.4016135],[127.0965316,37.40172],[127.0964566,37.4016825],[127.0964766,37.4016573],[127.0964389,37.4016384],[127.0965034,37.4015571]]]},"properties":{"sources":[{"property":"","dataset":"OpenStreetMap","license":"ODbL-1.0","record_id":"w987627953@3","update_time":"2025-01-12T00:47:47.000Z","confidence":null,"between":null,"provider":"osm","resource":"planet","version":"2026-08-02T00:00:00.000Z"}],"is_underground":false,"has_parts":false,"version":1}},
{"id":"39e419a8-7d27-47f4-af60-0159cc64d3f8","type":"Feature","geometry":{"type":"Polygon","coordinates":[[[127.0964123,37.4015077],[127.0964867,37.4015449],[127.096398,37.4016567],[127.0962895,37.4016024],[127.0963341,37.4015462],[127.0963682,37.4015633],[127.0964123,37.4015077]]]},"properties":{"sources":[{"property":"","dataset":"OpenStreetMap","license":"ODbL-1.0","record_id":"w987627952@3","update_time":"2025-01-12T00:47:47.000Z","confidence":null,"between":null,"provider":"osm","resource":"planet","version":"2026-08-02T00:00:00.000Z"}],"is_underground":false,"has_parts":false,"version":1}},
{"id":"5102d4be-c1f1-46db-a705-bee556a66649","type":"Feature","geometry":{"type":"Polygon","coordinates":[[[127.095988,37.4015451],[127.0959165,37.4016353],[127.0958175,37.4015858],[127.0958674,37.4015229],[127.0959027,37.4015406],[127.0959244,37.4015133],[127.095988,37.4015451]]]},"properties":{"sources":[{"property":"","dataset":"OpenStreetMap","license":"ODbL-1.0","record_id":"w987627944@3","update_time":"2025-01-12T00:47:47.000Z","confidence":null,"between":null,"provider":"osm","resource":"planet","version":"2026-08-02T00:00:00.000Z"}],"is_underground":false,"has_parts":false,"version":1}},
{"id":"8bf08d1c-d8d8-4d21-9c9c-b84138d30caa","type":"Feature","geometry":{"type":"Polygon","coordinates":[[[127.0963412,37.4014785],[127.0962569,37.4015847],[127.0961783,37.4015454],[127.0961662,37.4015105],[127.0962341,37.4014249],[127.0963412,37.4014785]]]},"properties":{"sources":[{"property":"","dataset":"OpenStreetMap","license":"ODbL-1.0","record_id":"w987627951@3","update_time":"2025-01-12T00:47:47.000Z","confidence":null,"between":null,"provider":"osm","resource":"planet","version":"2026-08-02T00:00:00.000Z"}],"is_underground":false,"has_parts":false,"version":1}},
{"id":"58ffdd6e-11e3-40f6-a916-d633758576b1","type":"Feature","geometry":{"type":"Polygon","coordinates":[[[127.0960309,37.401324],[127.096135,37.4013761],[127.0960786,37.4014473],[127.0960407,37.4014283],[127.0960021,37.4014771],[127.0959358,37.401444],[127.0960309,37.401324]]]},"properties":{"sources":[{"property":"","dataset":"OpenStreetMap","license":"ODbL-1.0","record_id":"w987627947@3","update_time":"2025-01-12T00:47:47.000Z","confidence":null,"between":null,"provider":"osm","resource":"planet","version":"2026-08-02T00:00:00.000Z"}],"is_underground":false,"has_parts":false,"version":1}},
{"id":"b97b1b98-1cf4-4632-aa80-188f37f618d6","type":"Feature","geometry":{"type":"Polygon","coordinates":[[[127.0959363,37.4012903],[127.0959917,37.401318],[127.0959012,37.4014321],[127.0957894,37.4013761],[127.0958395,37.4013129],[127.0958959,37.4013412],[127.0959363,37.4012903]]]},"properties":{"sources":[{"property":"","dataset":"OpenStreetMap","license":"ODbL-1.0","record_id":"w987627948@3","update_time":"2025-01-12T00:47:47.000Z","confidence":null,"between":null,"provider":"osm","resource":"planet","version":"2026-08-02T00:00:00.000Z"}],"is_underground":false,"has_parts":false,"version":1}},
{"id":"a6e8f2c5-abed-436a-9f91-b67e2db8913b","type":"Feature","geometry":{"type":"Polygon","coordinates":[[[127.0964271,37.401338],[127.0963465,37.4014397],[127.0962659,37.4013994],[127.0963465,37.4012977],[127.0964271,37.401338]]]},"properties":{"sources":[{"property":"","dataset":"OpenStreetMap","license":"ODbL-1.0","record_id":"w987627955@3","update_time":"2025-01-12T00:47:47.000Z","confidence":null,"between":null,"provider":"osm","resource":"planet","version":"2026-08-02T00:00:00.000Z"}],"is_underground":false,"has_parts":false,"version":1}},
{"id":"b9442f5f-579f-4305-bcea-340202df8823","type":"Feature","geometry":{"type":"Polygon","coordinates":[[[127.096592,37.4013778],[127.0964867,37.4015107],[127.0963952,37.4014649],[127.0965005,37.401332],[127.096592,37.4013778]]]},"properties":{"sources":[{"property":"","dataset":"OpenStreetMap","license":"ODbL-1.0","record_id":"w987627956@3","update_time":"2025-01-12T00:47:47.000Z","confidence":null,"between":null,"provider":"osm","resource":"planet","version":"2026-08-02T00:00:00.000Z"}],"is_underground":false,"has_parts":false,"version":1}},
{"id":"dbb43981-018f-4168-8101-3e3bc2da343c","type":"Feature","geometry":{"type":"Polygon","coordinates":[[[127.0966021,37.4015735],[127.0965206,37.4015327],[127.0966208,37.4014062],[127.0967023,37.401447],[127.0966021,37.4015735]]]},"properties":{"sources":[{"property":"","dataset":"OpenStreetMap","license":"ODbL-1.0","record_id":"w987627957@3","update_time":"2025-01-12T00:47:47.000Z","confidence":null,"between":null,"provider":"osm","resource":"planet","version":"2026-08-02T00:00:00.000Z"}],"is_underground":false,"has_parts":false,"version":1}},
{"id":"cc2a9b37-a719-48ca-ab72-12964dc34ba3","type":"Feature","geometry":{"type":"Polygon","coordinates":[[[127.0964941,37.401104],[127.0966243,37.4011692],[127.0965438,37.4012706],[127.0964424,37.4012199],[127.0964372,37.4011758],[127.0964941,37.401104]]]},"properties":{"sources":[{"property":"","dataset":"OpenStreetMap","license":"ODbL-1.0","record_id":"w987627973@3","update_time":"2025-01-12T00:47:47.000Z","confidence":null,"between":null,"provider":"osm","resource":"planet","version":"2026-08-02T00:00:00.000Z"}],"is_underground":false,"has_parts":false,"version":1}},
{"id":"bf15ff7b-60b8-45d5-bce7-77d2a078a07a","type":"Feature","geometry":{"type":"Polygon","coordinates":[[[127.0963506,37.4010099],[127.0964069,37.4010381],[127.0963342,37.4011298],[127.0962779,37.4011443],[127.0961595,37.4010851],[127.0962077,37.4010243],[127.0963018,37.4010714],[127.0963506,37.4010099]]]},"properties":{"sources":[{"property":"","dataset":"OpenStreetMap","license":"ODbL-1.0","record_id":"w987627972@3","update_time":"2025-01-12T00:47:47.000Z","confidence":null,"between":null,"provider":"osm","resource":"planet","version":"2026-08-02T00:00:00.000Z"}],"is_underground":false,"has_parts":false,"version":1}},
{"id":"f86d2410-f943-4502-96a0-716096ce2d4a","type":"Feature","geometry":{"type":"Polygon","coordinates":[[[127.096032,37.4011036],[127.0961248,37.4011501],[127.0960419,37.4012547],[127.095949,37.4012082],[127.096032,37.4011036]]]},"properties":{"sources":[{"property":"","dataset":"OpenStreetMap","license":"ODbL-1.0","record_id":"w987627950@3","update_time":"2025-01-12T00:47:47.000Z","confidence":null,"between":null,"provider":"osm","resource":"planet","version":"2026-08-02T00:00:00.000Z"}],"is_underground":false,"has_parts":false,"version":1}},
{"id":"5934ba36-097f-4874-959b-24aae58b8b7a","type":"Feature","geometry":{"type":"Polygon","coordinates":[[[127.0956726,37.4013164],[127.0955984,37.4012792],[127.0956905,37.401163],[127.0957649,37.4012003],[127.0957286,37.4012459],[127.0957735,37.4012684],[127.0957282,37.4013255],[127.0956832,37.401303],[127.0956726,37.4013164]]]},"properties":{"sources":[{"property":"","dataset":"OpenStreetMap","license":"ODbL-1.0","record_id":"w987627946@3","update_time":"2025-01-12T00:47:47.000Z","confidence":null,"between":null,"provider":"osm","resource":"planet","version":"2026-08-02T00:00:00.000Z"}],"is_underground":false,"has_parts":false,"version":1}},
{"id":"b9d0341d-f21a-412b-b972-11a7a10dbea6","type":"Feature","geometry":{"type":"Polygon","coordinates":[[[127.0958411,37.4009739],[127.0959399,37.4010233],[127.0958303,37.4011615],[127.0957315,37.4011121],[127.0958411,37.4009739]]]},"properties":{"sources":[{"property":"","dataset":"OpenStreetMap","license":"ODbL-1.0","record_id":"w987627949@3","update_time":"2025-01-12T00:47:47.000Z","confidence":null,"between":null,"provider":"osm","resource":"planet","version":"2026-08-02T00:00:00.000Z"}],"is_underground":false,"has_parts":false,"version":1}},
{"id":"32a971b8-c84b-4846-8047-f5fb9f979aeb","type":"Feature","geometry":{"type":"Polygon","coordinates":[[[127.0956945,37.4007187],[127.0958586,37.4008009],[127.0956294,37.4010899],[127.0954529,37.4010718],[127.0954318,37.4010541],[127.0953412,37.4010935],[127.0952713,37.4010585],[127.0953844,37.4009159],[127.0956945,37.4007187]]]},"properties":{"sources":[{"property":"","dataset":"OpenStreetMap","license":"ODbL-1.0","record_id":"w987627971@3","update_time":"2025-01-12T00:47:47.000Z","confidence":null,"between":null,"provider":"osm","resource":"planet","version":"2026-08-02T00:00:00.000Z"}],"is_underground":false,"subtype":"civic","class":"public","has_parts":false,"version":1}},
{"id":"5a9c8265-705b-4e85-8ed3-6bbdddfdf463","type":"Feature","geometry":{"type":"Polygon","coordinates":[[[127.0958632,37.4014771],[127.0957864,37.4015739],[127.0956781,37.4015198],[127.0957549,37.401423],[127.0958632,37.4014771]]]},"properties":{"sources":[{"property":"","dataset":"OpenStreetMap","license":"ODbL-1.0","record_id":"w987627945@3","update_time":"2025-01-12T00:47:47.000Z","confidence":null,"between":null,"provider":"osm","resource":"planet","version":"2026-08-02T00:00:00.000Z"}],"is_underground":false,"has_parts":false,"version":1}},
{"id":"dd122c21-dadb-4337-99aa-ad385366a389","type":"Feature","geometry":{"type":"Polygon","coordinates":[[[127.095681,37.401374],[127.0955872,37.4014924],[127.095472,37.4014347],[127.0955131,37.4013829],[127.095553,37.4014028],[127.0956057,37.4013363],[127.095681,37.401374]]]},"properties":{"sources":[{"property":"","dataset":"OpenStreetMap","license":"ODbL-1.0","record_id":"w987627943@3","update_time":"2025-01-12T00:47:47.000Z","confidence":null,"between":null,"provider":"osm","resource":"planet","version":"2026-08-02T00:00:00.000Z"}],"is_underground":false,"has_parts":false,"version":1}},
{"id":"90802b93-8574-4efe-96c1-2031d78e483b","type":"Feature","geometry":{"type":"Polygon","coordinates":[[[127.0955575,37.4015274],[127.0954591,37.4016515],[127.0953424,37.4015931],[127.0953842,37.4015405],[127.0953994,37.4015481],[127.0954207,37.4015212],[127.0954055,37.4015136],[127.0954408,37.401469],[127.0955575,37.4015274]]]},"properties":{"sources":[{"property":"","dataset":"OpenStreetMap","license":"ODbL-1.0","record_id":"w987627942@3","update_time":"2025-01-12T00:47:47.000Z","confidence":null,"between":null,"provider":"osm","resource":"planet","version":"2026-08-02T00:00:00.000Z"}],"is_underground":false,"has_parts":false,"version":1}},
{"id":"ba413971-2c7e-4970-bf95-4023fe4e355d","type":"Feature","geometry":{"type":"Polygon","coordinates":[[[127.0956825,37.4015698],[127.095765,37.4016111],[127.0956983,37.4016952],[127.0956753,37.4016837],[127.0956357,37.4017336],[127.0955639,37.4016977],[127.0955561,37.4016697],[127.0955901,37.4016269],[127.0956239,37.4016438],[127.0956825,37.4015698]]]},"properties":{"sources":[{"property":"","dataset":"OpenStreetMap","license":"ODbL-1.0","record_id":"w987627941@3","update_time":"2025-01-12T00:47:47.000Z","confidence":null,"between":null,"provider":"osm","resource":"planet","version":"2026-08-02T00:00:00.000Z"}],"is_underground":false,"has_parts":false,"version":1}},
{"id":"432b29d3-f2fd-4807-b549-59e8c44143d3","type":"Feature","geometry":{"type":"Polygon","coordinates":[[[127.0954191,37.401701],[127.0953061,37.4018436],[127.0951823,37.4017817],[127.0952406,37.4017081],[127.095298,37.4017368],[127.0953527,37.4016678],[127.0954191,37.401701]]]},"properties":{"sources":[{"property":"","dataset":"OpenStreetMap","license":"ODbL-1.0","record_id":"w987627923@3","update_time":"2025-01-12T00:47:47.000Z","confidence":null,"between":null,"provider":"osm","resource":"planet","version":"2026-08-02T00:00:00.000Z"}],"is_underground":false,"has_parts":false,"version":1}},
{"id":"d52a805c-0ce5-4875-8900-7d8cf590a004","type":"Feature","geometry":{"type":"Polygon","coordinates":[[[127.0933909,37.4007732],[127.093413,37.4007021],[127.0933426,37.4006893],[127.0933689,37.4006203],[127.0935207,37.400652],[127.0935143,37.4006724],[127.0935949,37.4006892],[127.093602,37.4006687],[127.0937566,37.4007024],[127.0937329,37.4007671],[127.09365150000001,37.4007493],[127.0936252,37.4008173],[127.0936776,37.4008764],[127.0937174,37.4009237],[127.0936139,37.4009785],[127.0935741,37.4009312],[127.0935372,37.400885],[127.0935688,37.4008712],[127.0935346,37.4008307],[127.0934655,37.4008168],[127.0934142,37.4008386],[127.0934358,37.400869899999996],[127.0933755,37.4008963],[127.0933146,37.4009227],[127.0932528,37.4008336],[127.093314,37.4008071],[127.0933909,37.4007732]]]},"properties":{"names":{"primary":"1205","common":[["ko","1205"]],"rules":null},"sources":[{"property":"","dataset":"OpenStreetMap","license":"ODbL-1.0","record_id":"r20510079@1","update_time":"2026-04-20T10:40:29.000Z","confidence":null,"between":null,"provider":"osm","resource":"planet","version":"2026-08-02T00:00:00.000Z"}],"height":47.0,"is_underground":false,"num_floors":15,"subtype":"residential","class":"apartments","has_parts":false,"version":2}},
{"id":"17259d3d-4f39-4a24-bf12-a5d7b83f3c38","type":"Feature","geometry":{"type":"Polygon","coordinates":[[[127.0935561,37.4017511],[127.0934362,37.4018998],[127.0933,37.4018305],[127.0934005,37.4017058],[127.0934482,37.4016962],[127.0935561,37.4017511]]]},"properties":{"sources":[{"property":"","dataset":"OpenStreetMap","license":"ODbL-1.0","record_id":"w987627881@3","update_time":"2025-01-12T00:47:47.000Z","confidence":null,"between":null,"provider":"osm","resource":"planet","version":"2026-08-02T00:00:00.000Z"}],"is_underground":false,"has_parts":false,"version":1}},
{"id":"d9b439ae-903d-43ca-80b6-dd406080418d","type":"Feature","geometry":{"type":"Polygon","coordinates":[[[127.0932648,37.4020463],[127.0931735,37.4019999],[127.0932395,37.401918],[127.0933146,37.4019562],[127.0933527,37.4019089],[127.0934059,37.4019359],[127.093323,37.4020388],[127.093286,37.40202],[127.0932648,37.4020463]]]},"properties":{"sources":[{"property":"","dataset":"OpenStreetMap","license":"ODbL-1.0","record_id":"w987627876@3","update_time":"2025-01-12T00:47:47.000Z","confidence":null,"between":null,"provider":"osm","resource":"planet","version":"2026-08-02T00:00:00.000Z"}],"is_underground":false,"has_parts":false,"version":1}},
{"id":"93dc22a0-4d1f-4dbd-9188-35c21ad78635","type":"Feature","geometry":{"type":"Polygon","coordinates":[[[127.0932324,37.4021472],[127.0931747,37.4022188],[127.0930484,37.4021546],[127.0931513,37.4020268],[127.0932263,37.4020649],[127.093181,37.4021211],[127.0932324,37.4021472]]]},"properties":{"sources":[{"property":"","dataset":"OpenStreetMap","license":"ODbL-1.0","record_id":"w987627875@3","update_time":"2025-01-12T00:47:47.000Z","confidence":null,"between":null,"provider":"osm","resource":"planet","version":"2026-08-02T00:00:00.000Z"}],"is_underground":false,"has_parts":false,"version":1}},
{"id":"f17ffc01-021b-44a5-b272-92dc22832791","type":"Feature","geometry":{"type":"Polygon","coordinates":[[[127.0930429,37.4023921],[127.0929502,37.402345],[127.0929264,37.4022948],[127.0929836,37.4022238],[127.0930553,37.4022602],[127.0930883,37.4022193],[127.0931548,37.4022531],[127.0930429,37.4023921]]]},"properties":{"sources":[{"property":"","dataset":"OpenStreetMap","license":"ODbL-1.0","record_id":"w987627874@3","update_time":"2025-01-12T00:47:47.000Z","confidence":null,"between":null,"provider":"osm","resource":"planet","version":"2026-08-02T00:00:00.000Z"}],"is_underground":false,"has_parts":false,"version":1}},
{"id":"64e8afbc-eaaf-4a25-9b05-7890dabdf7e8","type":"Feature","geometry":{"type":"Polygon","coordinates":[[[127.0933736,37.402286],[127.093309,37.4023663],[127.0932151,37.4023185],[127.0932798,37.4022383],[127.0933736,37.402286]]]},"properties":{"sources":[{"property":"","dataset":"OpenStreetMap","license":"ODbL-1.0","record_id":"w987627873@3","update_time":"2025-01-12T00:47:47.000Z","confidence":null,"between":null,"provider":"osm","resource":"planet","version":"2026-08-02T00:00:00.000Z"}],"is_underground":false,"has_parts":false,"version":1}},
{"id":"5007205c-3b85-4f33-b9cf-4cbdecdf8eb5","type":"Feature","geometry":{"type":"Polygon","coordinates":[[[127.0936481,37.4020163],[127.0937655,37.402076],[127.0936867,37.4021737],[127.0936452,37.4021387],[127.0936427,37.4020985],[127.0935995,37.4020765],[127.0936481,37.4020163]]]},"properties":{"sources":[{"property":"","dataset":"OpenStreetMap","license":"ODbL-1.0","record_id":"w987627878@3","update_time":"2025-01-12T00:47:47.000Z","confidence":null,"between":null,"provider":"osm","resource":"planet","version":"2026-08-02T00:00:00.000Z"}],"is_underground":false,"has_parts":false,"version":1}},
{"id":"f14f775f-c9ce-4bee-b4b8-7bb2dfc4f622","type":"Feature","geometry":{"type":"Polygon","coordinates":[[[127.0936556,37.4022429],[127.0935681,37.4023514],[127.0934713,37.4023022],[127.093495,37.4022728],[127.0934787,37.4022645],[127.0935202,37.402213],[127.0935714,37.402239],[127.0935937,37.4022115],[127.0936556,37.4022429]]]},"properties":{"sources":[{"property":"","dataset":"OpenStreetMap","license":"ODbL-1.0","record_id":"w987627872@3","update_time":"2025-01-12T00:47:47.000Z","confidence":null,"between":null,"provider":"osm","resource":"planet","version":"2026-08-02T00:00:00.000Z"}],"is_underground":false,"has_parts":false,"version":1}},
{"id":"2a85ae8b-fbee-4eac-a268-c46a3f001aab","type":"Feature","geometry":{"type":"Polygon","coordinates":[[[127.093923,37.4022913],[127.0938425,37.4022503],[127.0939319,37.4021395],[127.0940386,37.4021938],[127.0939885,37.4022559],[127.09396220000001,37.4022426],[127.093923,37.4022913]]]},"properties":{"sources":[{"property":"","dataset":"OpenStreetMap","license":"ODbL-1.0","record_id":"w987627879@3","update_time":"2025-01-12T00:47:47.000Z","confidence":null,"between":null,"provider":"osm","resource":"planet","version":"2026-08-02T00:00:00.000Z"}],"is_underground":false,"has_parts":false,"version":1}},
{"id":"b3bd6045-013d-45e9-8e2b-ccf7db0b6253","type":"Feature","geometry":{"type":"Polygon","coordinates":[[[127.0940131,37.4019933],[127.0939275,37.4020996],[127.0938855,37.4020782],[127.0939188,37.402037],[127.0939712,37.401972],[127.0940131,37.4019933]]]},"properties":{"sources":[{"property":"","dataset":"OpenStreetMap","license":"ODbL-1.0","record_id":"w987627885@3","update_time":"2025-01-12T00:47:47.000Z","confidence":null,"between":null,"provider":"osm","resource":"planet","version":"2026-08-02T00:00:00.000Z"}],"is_underground":false,"has_parts":false,"version":1}},
{"id":"b143a099-1f77-44fa-b0d2-c42a9e79c803","type":"Feature","geometry":{"type":"Polygon","coordinates":[[[127.0939188,37.402037],[127.0938855,37.4020782],[127.0938292,37.4020496],[127.0938624,37.4020083],[127.0939188,37.402037]]]},"properties":{"sources":[{"property":"","dataset":"OpenStreetMap","license":"ODbL-1.0","record_id":"w987627884@3","update_time":"2025-01-12T00:47:47.000Z","confidence":null,"between":null,"provider":"osm","resource":"planet","version":"2026-08-02T00:00:00.000Z"}],"is_underground":false,"has_parts":false,"version":1}},
{"id":"3d8103ea-46b5-4f99-b116-9c0a3b0751e0","type":"Feature","geometry":{"type":"Polygon","coordinates":[[[127.093748,37.4019183],[127.0938441,37.4019671],[127.0937878,37.402037],[127.0936917,37.4019881],[127.093748,37.4019183]]]},"properties":{"sources":[{"property":"","dataset":"OpenStreetMap","license":"ODbL-1.0","record_id":"w987627883@3","update_time":"2025-01-12T00:47:47.000Z","confidence":null,"between":null,"provider":"osm","resource":"planet","version":"2026-08-02T00:00:00.000Z"}],"is_underground":false,"has_parts":false,"version":1}},
{"id":"8b201bea-0cd3-47d7-850a-610534f7e30f","type":"Feature","geometry":{"type":"Polygon","coordinates":[[[127.0935181,37.4019342],[127.0936382,37.4019953],[127.0935516,37.4021027],[127.0934547,37.4020534],[127.0935062,37.4019896],[127.093483,37.4019778],[127.0935181,37.4019342]]]},"properties":{"sources":[{"property":"","dataset":"OpenStreetMap","license":"ODbL-1.0","record_id":"w987627877@3","update_time":"2025-01-12T00:47:47.000Z","confidence":null,"between":null,"provider":"osm","resource":"planet","version":"2026-08-02T00:00:00.000Z"}],"is_underground":false,"has_parts":false,"version":1}},
{"id":"8a788a2a-bb97-4d15-8190-d2770fbcdcab","type":"Feature","geometry":{"type":"Polygon","coordinates":[[[127.0937312,37.4018586],[127.093649,37.4019607],[127.0935322,37.4019013],[127.0936085,37.4018066],[127.0936275,37.4018058],[127.0937312,37.4018586]]]},"properties":{"sources":[{"property":"","dataset":"OpenStreetMap","license":"ODbL-1.0","record_id":"w987627882@3","update_time":"2025-01-12T00:47:47.000Z","confidence":null,"between":null,"provider":"osm","resource":"planet","version":"2026-08-02T00:00:00.000Z"}],"is_underground":false,"has_parts":false,"version":1}},
{"id":"8f33cea6-d757-48c7-9cba-270e8b88bfa9","type":"Feature","geometry":{"type":"Polygon","coordinates":[[[127.0947794,37.4022914],[127.0948466,37.4022067],[127.0949721,37.4022695],[127.0949049,37.4023542],[127.0947794,37.4022914]]]},"properties":{"sources":[{"property":"","dataset":"OpenStreetMap","license":"ODbL-1.0","record_id":"w987627918@3","update_time":"2025-01-12T00:47:47.000Z","confidence":null,"between":null,"provider":"osm","resource":"planet","version":"2026-08-02T00:00:00.000Z"}],"is_underground":false,"has_parts":false,"version":1}},
{"id":"2fa55296-9b30-4edd-900d-4ff332f5b668","type":"Feature","geometry":{"type":"Polygon","coordinates":[[[127.0944143,37.4021856],[127.0944356,37.4021964],[127.0944185,37.4022177],[127.094344,37.4023105],[127.094241,37.4023239],[127.0942216,37.4022468],[127.0943123,37.4021339],[127.0944143,37.4021856]]]},"properties":{"sources":[{"property":"","dataset":"OpenStreetMap","license":"ODbL-1.0","record_id":"w987627888@3","update_time":"2025-01-12T00:47:47.000Z","confidence":null,"between":null,"provider":"osm","resource":"planet","version":"2026-08-02T00:00:00.000Z"}],"is_underground":false,"has_parts":false,"version":1}},
{"id":"cc9b04a7-2d61-40ed-be0b-f2c20b26d9f6","type":"Feature","geometry":{"type":"Polygon","coordinates":[[[127.0942771,37.4021316],[127.0941897,37.40224],[127.0940728,37.4021806],[127.0941602,37.4020721],[127.0942771,37.4021316]]]},"properties":{"sources":[{"property":"","dataset":"OpenStreetMap","license":"ODbL-1.0","record_id":"w987627887@3","update_time":"2025-01-12T00:47:47.000Z","confidence":null,"between":null,"provider":"osm","resource":"planet","version":"2026-08-02T00:00:00.000Z"}],"is_underground":false,"has_parts":false,"version":1}},
{"id":"f0c27c7f-a5ba-4a5c-a8b3-9ae158ac525b","type":"Feature","geometry":{"type":"Polygon","coordinates":[[[127.0941369,37.4020804],[127.0940616,37.4021738],[127.0939579,37.4021211],[127.0940332,37.4020277],[127.0941369,37.4020804]]]},"properties":{"sources":[{"property":"","dataset":"OpenStreetMap","license":"ODbL-1.0","record_id":"w987627886@3","update_time":"2025-01-12T00:47:47.000Z","confidence":null,"between":null,"provider":"osm","resource":"planet","version":"2026-08-02T00:00:00.000Z"}],"is_underground":false,"has_parts":false,"version":1}},
{"id":"68ee416d-4916-48ff-ab61-0932138ff59a","type":"Feature","geometry":{"type":"Polygon","coordinates":[[[127.0939742,37.4023125],[127.094055,37.4022123],[127.0941661,37.4022688],[127.0941243,37.4023207],[127.0940261,37.4023389],[127.0939742,37.4023125]]]},"properties":{"sources":[{"property":"","dataset":"OpenStreetMap","license":"ODbL-1.0","record_id":"w987627880@3","update_time":"2025-01-12T00:47:47.000Z","confidence":null,"between":null,"provider":"osm","resource":"planet","version":"2026-08-02T00:00:00.000Z"}],"is_underground":false,"has_parts":false,"version":1}},
{"id":"b307fd40-45be-44cb-9840-86a473d0dd8c","type":"Feature","geometry":{"type":"Polygon","coordinates":[[[127.0940995,37.4024638],[127.0941157,37.4025629],[127.0940186,37.4025729],[127.0940025,37.4024739],[127.0940995,37.4024638]]]},"properties":{"sources":[{"property":"","dataset":"OpenStreetMap","license":"ODbL-1.0","record_id":"w987627861@3","update_time":"2025-01-12T00:47:47.000Z","confidence":null,"between":null,"provider":"osm","resource":"planet","version":"2026-08-02T00:00:00.000Z"}],"is_underground":false,"has_parts":false,"version":1}},
{"id":"e6dd80f0-8f1f-4ce5-9d62-50579441a52b","type":"Feature","geometry":{"type":"Polygon","coordinates":[[[127.0942175,37.4024034],[127.0942405,37.4025443],[127.0941412,37.4025545],[127.0941181,37.4024136],[127.0942175,37.4024034]]]},"properties":{"sources":[{"property":"","dataset":"OpenStreetMap","license":"ODbL-1.0","record_id":"w987627862@3","update_time":"2025-01-12T00:47:47.000Z","confidence":null,"between":null,"provider":"osm","resource":"planet","version":"2026-08-02T00:00:00.000Z"}],"is_underground":false,"has_parts":false,"version":1}},
{"id":"899bd5a0-fe47-42af-86ad-5eb1017d5376","type":"Feature","geometry":{"type":"Polygon","coordinates":[[[127.0943651,37.4023826],[127.0943889,37.4025284],[127.0942876,37.4025388],[127.0942638,37.4023931],[127.0943651,37.4023826]]]},"properties":{"sources":[{"property":"","dataset":"OpenStreetMap","license":"ODbL-1.0","record_id":"w987627863@3","update_time":"2025-01-12T00:47:47.000Z","confidence":null,"between":null,"provider":"osm","resource":"planet","version":"2026-08-02T00:00:00.000Z"}],"is_underground":false,"has_parts":false,"version":1}},
{"id":"883adf8f-d22f-4241-bebd-a3df543165c0","type":"Feature","geometry":{"type":"Polygon","coordinates":[[[127.0945483,37.4022495],[127.0946715,37.4023143],[127.0945985,37.4024017],[127.0945068,37.4023534],[127.094527,37.4023293],[127.0944561,37.4022919],[127.0944882,37.4022534],[127.0945483,37.4022495]]]},"properties":{"sources":[{"property":"","dataset":"OpenStreetMap","license":"ODbL-1.0","record_id":"w987627889@3","update_time":"2025-01-12T00:47:47.000Z","confidence":null,"between":null,"provider":"osm","resource":"planet","version":"2026-08-02T00:00:00.000Z"}],"is_underground":false,"has_parts":false,"version":1}},
{"id":"b1de9d7b-a62b-4c19-8f75-dec4cd89ef43","type":"Feature","geometry":{"type":"Polygon","coordinates":[[[127.0943988,37.402366],[127.0945605,37.4024423],[127.094494,37.4025276],[127.0944545,37.4025329],[127.0943988,37.402366]]]},"properties":{"sources":[{"property":"","dataset":"OpenStreetMap","license":"ODbL-1.0","record_id":"w987627864@3","update_time":"2025-01-12T00:47:47.000Z","confidence":null,"between":null,"provider":"osm","resource":"planet","version":"2026-08-02T00:00:00.000Z"}],"is_underground":false,"has_parts":false,"version":1}},
{"id":"6b076df1-8488-477a-a8e3-5713dcf05c09","type":"Feature","geometry":{"type":"Polygon","coordinates":[[[127.0944929,37.4026483],[127.0945021,37.4027372],[127.0943749,37.4027456],[127.0943612,37.402614],[127.0944084,37.4026109],[127.0944128,37.4026535],[127.0944929,37.4026483]]]},"properties":{"sources":[{"property":"","dataset":"OpenStreetMap","license":"ODbL-1.0","record_id":"w987627869@3","update_time":"2025-01-12T00:47:47.000Z","confidence":null,"between":null,"provider":"osm","resource":"planet","version":"2026-08-02T00:00:00.000Z"}],"is_underground":false,"has_parts":false,"version":1}},
{"id":"5e7c3ab9-ed19-41d5-b5e0-09dbc98d6c67","type":"Feature","geometry":{"type":"Polygon","coordinates":[[[127.0943194,37.4026199],[127.0943399,37.4027484],[127.0942289,37.4027595],[127.0942085,37.402631],[127.0943194,37.4026199]]]},"properties":{"sources":[{"property":"","dataset":"OpenStreetMap","license":"ODbL-1.0","record_id":"w987627868@3","update_time":"2025-01-12T00:47:47.000Z","confidence":null,"between":null,"provider":"osm","resource":"planet","version":"2026-08-02T00:00:00.000Z"}],"is_underground":false,"has_parts":false,"version":1}},
{"id":"5d3526e6-fde5-4820-959a-40cf696e41c7","type":"Feature","geometry":{"type":"Polygon","coordinates":[[[127.0941824,37.4026374],[127.0942033,37.4027688],[127.0940957,37.4027796],[127.0940748,37.4026482],[127.0941824,37.4026374]]]},"properties":{"sources":[{"property":"","dataset":"OpenStreetMap","license":"ODbL-1.0","record_id":"w987627867@3","update_time":"2025-01-12T00:47:47.000Z","confidence":null,"between":null,"provider":"osm","resource":"planet","version":"2026-08-02T00:00:00.000Z"}],"is_underground":false,"has_parts":false,"version":1}},
{"id":"693f3a45-7ae8-48e7-93e8-e88717644a46","type":"Feature","geometry":{"type":"Polygon","coordinates":[[[127.0940401,37.4026742],[127.0940585,37.4027901],[127.0939473,37.4028013],[127.0939289,37.4026853],[127.0940401,37.4026742]]]},"properties":{"sources":[{"property":"","dataset":"OpenStreetMap","license":"ODbL-1.0","record_id":"w987627866@3","update_time":"2025-01-12T00:47:47.000Z","confidence":null,"between":null,"provider":"osm","resource":"planet","version":"2026-08-02T00:00:00.000Z"}],"is_underground":false,"has_parts":false,"version":1}},
{"id":"eef85ef0-5182-40e2-93c0-55467549b158","type":"Feature","geometry":{"type":"Polygon","coordinates":[[[127.0938975,37.4028117],[127.0937911,37.4028281],[127.0937479,37.4027029],[127.0937851,37.4026963],[127.0938197,37.4027017],[127.0938303,37.4027194],[127.0938749,37.402713],[127.0938975,37.4028117]]]},"properties":{"sources":[{"property":"","dataset":"OpenStreetMap","license":"ODbL-1.0","record_id":"w987627865@3","update_time":"2025-01-12T00:47:47.000Z","confidence":null,"between":null,"provider":"osm","resource":"planet","version":"2026-08-02T00:00:00.000Z"}],"is_underground":false,"has_parts":false,"version":1}},
{"id":"bfca9289-e67e-4cbe-83bc-4cae7bdafbda","type":"Feature","geometry":{"type":"Polygon","coordinates":[[[127.0936837,37.4027428],[127.0937199,37.4028495],[127.0935686,37.4028819],[127.0935324,37.4027752],[127.0936837,37.4027428]]]},"properties":{"sources":[{"property":"","dataset":"OpenStreetMap","license":"ODbL-1.0","record_id":"w987627857@3","update_time":"2025-01-12T00:47:47.000Z","confidence":null,"between":null,"provider":"osm","resource":"planet","version":"2026-08-02T00:00:00.000Z"}],"is_underground":false,"has_parts":false,"version":1}},
{"id":"f0991b08-8bf9-4dd6-919d-a4c5043658dc","type":"Feature","geometry":{"type":"Polygon","coordinates":[[[127.0936008,37.4025184],[127.0936429,37.4026454],[127.0935197,37.4026711],[127.0934777,37.4025441],[127.0936008,37.4025184]]]},"properties":{"sources":[{"property":"","dataset":"OpenStreetMap","license":"ODbL-1.0","record_id":"w987627859@3","update_time":"2025-01-12T00:47:47.000Z","confidence":null,"between":null,"provider":"osm","resource":"planet","version":"2026-08-02T00:00:00.000Z"}],"is_underground":false,"has_parts":false,"version":1}},
{"id":"5395e381-c205-496f-a3b3-08e065f475f7","type":"Feature","geometry":{"type":"Polygon","coordinates":[[[127.0938254,37.4026067],[127.0937223,37.4026306],[127.0936674,37.4024813],[127.0937705,37.4024574],[127.0937888,37.4025071],[127.0937455,37.4025172],[127.0937628,37.4025641],[127.093806,37.4025541],[127.0938254,37.4026067]]]},"properties":{"sources":[{"property":"","dataset":"OpenStreetMap","license":"ODbL-1.0","record_id":"w987627860@3","update_time":"2025-01-12T00:47:47.000Z","confidence":null,"between":null,"provider":"osm","resource":"planet","version":"2026-08-02T00:00:00.000Z"}],"is_underground":false,"has_parts":false,"version":1}},
{"id":"2cb404ee-ce05-4c7c-b72a-7150b1888ff2","type":"Feature","geometry":{"type":"Polygon","coordinates":[[[127.0936487,37.4023466],[127.0937261,37.4023349],[127.0936575,37.402301],[127.0936884,37.4022615],[127.093818,37.4023255],[127.093804,37.4023839],[127.0936627,37.4024052],[127.0936487,37.4023466]]]},"properties":{"sources":[{"property":"","dataset":"OpenStreetMap","license":"ODbL-1.0","record_id":"w987627871@3","update_time":"2025-01-12T00:47:47.000Z","confidence":null,"between":null,"provider":"osm","resource":"planet","version":"2026-08-02T00:00:00.000Z"}],"is_underground":false,"has_parts":false,"version":1}},
{"id":"396abff6-2ee4-4cec-9245-5ebec39cbebf","type":"Feature","geometry":{"type":"Polygon","coordinates":[[[127.0933757,37.4024261],[127.0934561,37.4023264],[127.0935642,37.4023814],[127.0935114,37.4024469],[127.0933938,37.4024696],[127.0933757,37.4024261]]]},"properties":{"sources":[{"property":"","dataset":"OpenStreetMap","license":"ODbL-1.0","record_id":"w987627870@3","update_time":"2025-01-12T00:47:47.000Z","confidence":null,"between":null,"provider":"osm","resource":"planet","version":"2026-08-02T00:00:00.000Z"}],"is_underground":false,"has_parts":false,"version":1}},
{"id":"0e887413-80e3-4515-9ec9-9e286bd4145d","type":"Feature","geometry":{"type":"Polygon","coordinates":[[[127.093205,37.4025954],[127.0931163,37.4027048],[127.0929132,37.4026009],[127.0929636,37.4025386],[127.0929927,37.4025535],[127.0930308,37.4025063],[127.093205,37.4025954]]]},"properties":{"sources":[{"property":"","dataset":"OpenStreetMap","license":"ODbL-1.0","record_id":"w987627852@3","update_time":"2025-01-12T00:47:47.000Z","confidence":null,"between":null,"provider":"osm","resource":"planet","version":"2026-08-02T00:00:00.000Z"}],"is_underground":false,"has_parts":false,"version":1}},
{"id":"6e3edf4b-d7a9-4a10-b9ee-6bfa29363277","type":"Feature","geometry":{"type":"Polygon","coordinates":[[[127.093441,37.4025877],[127.0934866,37.4026881],[127.093389,37.4027161],[127.0933339,37.4025945],[127.0933863,37.4025795],[127.0933959,37.4026006],[127.093441,37.4025877]]]},"properties":{"sources":[{"property":"","dataset":"OpenStreetMap","license":"ODbL-1.0","record_id":"w987627858@3","update_time":"2025-01-12T00:47:47.000Z","confidence":null,"between":null,"provider":"osm","resource":"planet","version":"2026-08-02T00:00:00.000Z"}],"is_underground":false,"has_parts":false,"version":1}},
{"id":"c1fc7d1d-e7d5-463c-bebc-428924ca82bd","type":"Feature","geometry":{"type":"Polygon","coordinates":[[[127.0933066,37.4026213],[127.093337,37.4027252],[127.0932985,37.4027298],[127.0932004,37.4027317],[127.09317,37.4027233],[127.0932156,37.4026139],[127.0933066,37.4026213]]]},"properties":{"sources":[{"property":"","dataset":"OpenStreetMap","license":"ODbL-1.0","record_id":"w987627854@3","update_time":"2025-01-12T00:47:47.000Z","confidence":null,"between":null,"provider":"osm","resource":"planet","version":"2026-08-02T00:00:00.000Z"}],"is_underground":false,"has_parts":false,"version":1}},
{"id":"356b8c11-13be-4c38-bca0-dc2c1b506ec4","type":"Feature","geometry":{"type":"Polygon","coordinates":[[[127.0929977,37.4027342],[127.093104,37.4027865],[127.0930157,37.4028995],[127.0929095,37.4028472],[127.0929977,37.4027342]]]},"properties":{"sources":[{"property":"","dataset":"OpenStreetMap","license":"ODbL-1.0","record_id":"w987627848@3","update_time":"2025-01-12T00:47:47.000Z","confidence":null,"between":null,"provider":"osm","resource":"planet","version":"2026-08-02T00:00:00.000Z"}],"is_underground":false,"has_parts":false,"version":1}},
{"id":"07ac6dd0-9fa8-4adf-86cd-f22bbe02fd34","type":"Feature","geometry":{"type":"Polygon","coordinates":[[[127.0928739,37.4026796],[127.0929806,37.4027321],[127.0928974,37.4028387],[127.0928272,37.4028041],[127.0928535,37.4027704],[127.0928171,37.4027524],[127.0928739,37.4026796]]]},"properties":{"sources":[{"property":"","dataset":"OpenStreetMap","license":"ODbL-1.0","record_id":"w987627849@3","update_time":"2025-01-12T00:47:47.000Z","confidence":null,"between":null,"provider":"osm","resource":"planet","version":"2026-08-02T00:00:00.000Z"}],"is_underground":false,"has_parts":false,"version":1}},
{"id":"73068211-5ac2-4c9c-b483-61a004be3574","type":"Feature","geometry":{"type":"Polygon","coordinates":[[[127.0926973,37.4025843],[127.0928425,37.4026597],[127.0927513,37.4027705],[127.0926442,37.4027149],[127.0926353,37.4026597],[127.0926973,37.4025843]]]},"properties":{"sources":[{"property":"","dataset":"OpenStreetMap","license":"ODbL-1.0","record_id":"w987627850@3","update_time":"2025-01-12T00:47:47.000Z","confidence":null,"between":null,"provider":"osm","resource":"planet","version":"2026-08-02T00:00:00.000Z"}],"is_underground":false,"has_parts":false,"version":1}},
{"id":"ede216a1-deb5-4f83-8916-9f75e7dbd6e8","type":"Feature","geometry":{"type":"Polygon","coordinates":[[[127.0929297,37.4024937],[127.0928653,37.4025731],[127.0927563,37.4025174],[127.0928439,37.4024093],[127.0928964,37.4024028],[127.0929297,37.4024937]]]},"properties":{"sources":[{"property":"","dataset":"OpenStreetMap","license":"ODbL-1.0","record_id":"w987627851@3","update_time":"2025-01-12T00:47:47.000Z","confidence":null,"between":null,"provider":"osm","resource":"planet","version":"2026-08-02T00:00:00.000Z"}],"is_underground":false,"has_parts":false,"version":1}},
{"id":"d3ec18f6-10b1-4442-a7d0-eb5e44a0edf6","type":"Feature","geometry":{"type":"Polygon","coordinates":[[[127.0920094,37.4026682],[127.0919396,37.4026664],[127.091941,37.4025776],[127.0922145,37.4025829],[127.0922132,37.4026458],[127.0921019,37.4026437],[127.0921006,37.4026692],[127.0920094,37.4026682]]]},"properties":{"sources":[{"property":"","dataset":"OpenStreetMap","license":"ODbL-1.0","record_id":"w464045975@1","update_time":"2017-01-06T13:18:52.000Z","confidence":null,"between":null,"provider":"osm","resource":"planet","version":"2026-08-02T00:00:00.000Z"}],"is_underground":false,"num_floors":4,"subtype":"residential","class":"apartments","has_parts":false,"version":1}},
{"id":"7155dec8-d499-46a6-91b0-6aeefe4057f9","type":"Feature","geometry":{"type":"Polygon","coordinates":[[[127.0920951,37.4027866],[127.0920964,37.402737],[127.0921386,37.4027378],[127.0921373,37.4027874],[127.092164,37.4027879],[127.0921628,37.4028412],[127.0921359,37.4028417],[127.0921353,37.4028939],[127.092093,37.4028931],[127.0920936,37.4028409],[127.0921206,37.4028415],[127.0921218,37.4027871],[127.0920951,37.4027866]]]},"properties":{"sources":[{"property":"","dataset":"OpenStreetMap","license":"ODbL-1.0","record_id":"w464045972@1","update_time":"2017-01-06T13:18:53.000Z","confidence":null,"between":null,"provider":"osm","resource":"planet","version":"2026-08-02T00:00:00.000Z"}],"is_underground":false,"num_floors":2,"subtype":"residential","class":"apartments","has_parts":false,"version":1}},
{"id":"6f984dc7-c2a7-4d14-8dc5-11da745e6968","type":"Feature","geometry":{"type":"Polygon","coordinates":[[[127.0921373,37.4027874],[127.0921386,37.4027378],[127.0921774,37.4027386],[127.0921764,37.4027881],[127.0921952,37.4027887],[127.0921942,37.4028403],[127.0921693,37.4028944],[127.0921353,37.4028939],[127.0921359,37.4028417],[127.0921628,37.4028412],[127.092164,37.4027879],[127.0921373,37.4027874]]]},"properties":{"sources":[{"property":"","dataset":"OpenStreetMap","license":"ODbL-1.0","record_id":"w464045973@1","update_time":"2017-01-06T13:18:53.000Z","confidence":null,"between":null,"provider":"osm","resource":"planet","version":"2026-08-02T00:00:00.000Z"}],"is_underground":false,"num_floors":1,"subtype":"residential","class":"apartments","has_parts":false,"version":1}},
{"id":"962c9d20-488e-4dad-888b-23b86e09f40a","type":"Feature","geometry":{"type":"Polygon","coordinates":[[[127.0920529,37.4027859],[127.0920546,37.4027362],[127.0920964,37.402737],[127.0920951,37.4027866],[127.0921218,37.4027871],[127.0921206,37.4028415],[127.0920936,37.4028409],[127.092093,37.4028931],[127.0920499,37.4028923],[127.0920514,37.4028399],[127.0920776,37.4028404],[127.0920797,37.4027867],[127.0920529,37.4027859]]]},"properties":{"sources":[{"property":"","dataset":"OpenStreetMap","license":"ODbL-1.0","record_id":"w464045971@1","update_time":"2017-01-06T13:18:53.000Z","confidence":null,"between":null,"provider":"osm","resource":"planet","version":"2026-08-02T00:00:00.000Z"}],"is_underground":false,"num_floors":3,"subtype":"residential","class":"apartments","has_parts":false,"version":1}},
{"id":"778c3b39-95d0-4300-ad06-e5fa96b288be","type":"Feature","geometry":{"type":"Polygon","coordinates":[[[127.0919235,37.4027241],[127.0919235,37.402666],[127.0919396,37.4026664],[127.0920094,37.4026682],[127.0920092,37.4027352],[127.0920546,37.4027362],[127.0920529,37.4027859],[127.0920797,37.4027867],[127.0920776,37.4028404],[127.0920514,37.4028399],[127.0920499,37.4028923],[127.091945,37.4028908],[127.0919463,37.4027244],[127.0919235,37.4027241]]]},"properties":{"names":{"primary":"1301","common":[["ko","1301"]],"rules":null},"sources":[{"property":"","dataset":"OpenStreetMap","license":"ODbL-1.0","record_id":"w464045974@2","update_time":"2019-01-08T09:13:15.000Z","confidence":null,"between":null,"provider":"osm","resource":"planet","version":"2026-08-02T00:00:00.000Z"}],"is_underground":false,"num_floors":6,"subtype":"residential","class":"apartments","has_parts":false,"version":1}},
{"id":"937dda7f-2bca-45a2-92fe-aa2697f8840f","type":"Feature","geometry":{"type":"MultiPolygon","coordinates":[[[[127.0911033,37.4027439],[127.0910788,37.4028312],[127.0909062,37.4028016],[127.0909014,37.4028124],[127.0908594,37.4028055],[127.0908794,37.402729],[127.0909142,37.4027345],[127.0909198,37.4027153],[127.0909533,37.4027208],[127.0909575,37.4027072],[127.0910363,37.4027207],[127.0910332,37.4027317],[127.0911033,37.4027439]]],[[[127.0916661,37.4027081],[127.0916708,37.4027236],[127.0917084,37.4027145],[127.0917347,37.4027935],[127.0915705,37.4028295],[127.0915764,37.4028475],[127.0915255,37.4028596],[127.0915119,37.4028205],[127.0914864,37.4027481],[127.0915441,37.4027337],[127.0915407,37.4027241],[127.0916339,37.4027017],[127.0916379,37.4027145],[127.0916661,37.4027081]]],[[[127.0912427,37.4027711],[127.0912433,37.4027573],[127.0913251,37.4027599],[127.0913245,37.4027711],[127.0913969,37.4027743],[127.0913922,37.4028649],[127.0912078,37.4028574],[127.0912064,37.4028702],[127.0911635,37.4028691],[127.0911702,37.4027892],[127.0912078,37.4027903],[127.0912091,37.40277],[127.0912427,37.4027711]]]]},"properties":{"names":{"primary":"1306","common":null,"rules":null},"sources":[{"property":"","dataset":"OpenStreetMap","license":"ODbL-1.0","record_id":"r6850964@3","update_time":"2022-11-07T12:29:15.000Z","confidence":null,"between":null,"provider":"osm","resource":"planet","version":"2026-08-02T00:00:00.000Z"}],"is_underground":false,"subtype":"residential","class":"apartments","has_parts":true,"version":2}},
{"id":"1a8bebc7-6071-4f3e-8d6f-e2cbed23bc13","type":"Feature","geometry":{"type":"Polygon","coordinates":[[[127.0914019,37.4027012],[127.0913996,37.4027373],[127.0913281,37.402735],[127.0913292,37.402724],[127.0912453,37.4027208],[127.091244,37.4027341],[127.0912105,37.402733],[127.0912085,37.4027565],[127.0911729,37.4027565],[127.0911759,37.4027193],[127.0912108,37.4027204],[127.0912121,37.4026943],[127.091247,37.4026953],[127.0912477,37.4026847],[127.0913335,37.4026879],[127.0913328,37.4026991],[127.0914019,37.4027012]]]},"properties":{"sources":[{"property":"","dataset":"OpenStreetMap","license":"ODbL-1.0","record_id":"w463890352@1","update_time":"2017-01-05T15:36:09.000Z","confidence":null,"between":null,"provider":"osm","resource":"planet","version":"2026-08-02T00:00:00.000Z"}],"is_underground":false,"num_floors":2,"subtype":"residential","class":"apartments","has_parts":false,"version":1}},
{"id":"6bde0693-02db-49e6-a60a-472265ffc906","type":"Feature","geometry":{"type":"Polygon","coordinates":[[[127.0913996,37.4027373],[127.0913969,37.4027743],[127.0913245,37.4027711],[127.0913251,37.4027599],[127.0912433,37.4027573],[127.0912427,37.4027711],[127.0912091,37.40277],[127.0912078,37.4027903],[127.0911702,37.4027892],[127.0911729,37.4027565],[127.0912085,37.4027565],[127.0912105,37.402733],[127.091244,37.4027341],[127.0912453,37.4027208],[127.0913292,37.402724],[127.0913281,37.402735],[127.0913996,37.4027373]]]},"properties":{"sources":[{"property":"","dataset":"OpenStreetMap","license":"ODbL-1.0","record_id":"w463890350@1","update_time":"2017-01-05T15:36:09.000Z","confidence":null,"between":null,"provider":"osm","resource":"planet","version":"2026-08-02T00:00:00.000Z"}],"is_underground":false,"num_floors":3,"subtype":"residential","class":"apartments","has_parts":false,"version":1}},
{"id":"66d537f5-32c9-4ed3-b955-94d060fd6ee0","type":"Feature","geometry":{"type":"Polygon","coordinates":[[[127.0915323,37.4027011],[127.091529,37.4026915],[127.0916215,37.4026675],[127.0916269,37.4026819],[127.091655,37.4026755],[127.0916604,37.4026909],[127.091697,37.4026823],[127.0917084,37.4027145],[127.0916708,37.4027236],[127.0916661,37.4027081],[127.0916379,37.4027145],[127.0916339,37.4027017],[127.0915407,37.4027241],[127.0915441,37.4027337],[127.0914864,37.4027481],[127.0914747,37.4027154],[127.0915323,37.4027011]]]},"properties":{"sources":[{"property":"","dataset":"OpenStreetMap","license":"ODbL-1.0","record_id":"w463890347@1","update_time":"2017-01-05T15:36:08.000Z","confidence":null,"between":null,"provider":"osm","resource":"planet","version":"2026-08-02T00:00:00.000Z"}],"is_underground":false,"num_floors":4,"subtype":"residential","class":"apartments","has_parts":false,"version":1}},
{"id":"e8a11cb8-96ea-4053-abea-88227b57aeab","type":"Feature","geometry":{"type":"Polygon","coordinates":[[[127.0915203,37.4026694],[127.0915169,37.4026598],[127.0916115,37.4026363],[127.0916162,37.4026502],[127.091645,37.4026433],[127.0916504,37.4026587],[127.0916852,37.4026497],[127.0916966,37.4026819],[127.0916604,37.4026909],[127.091655,37.4026755],[127.0916269,37.4026819],[127.0916215,37.4026675],[127.091529,37.4026915],[127.0915323,37.4027011],[127.0914747,37.4027154],[127.0914626,37.4026837],[127.0915203,37.4026694]]]},"properties":{"sources":[{"property":"","dataset":"OpenStreetMap","license":"ODbL-1.0","record_id":"w463890346@1","update_time":"2017-01-05T15:36:08.000Z","confidence":null,"between":null,"provider":"osm","resource":"planet","version":"2026-08-02T00:00:00.000Z"}],"is_underground":false,"num_floors":3,"subtype":"residential","class":"apartments","has_parts":false,"version":1}},
{"id":"02143902-d9b5-4d2a-bc6c-0843c5750b79","type":"Feature","geometry":{"type":"Polygon","coordinates":[[[127.0915089,37.4026385],[127.0915055,37.4026289],[127.0916021,37.402606],[127.0916074,37.4026204],[127.0916356,37.402614],[127.0916416,37.402631],[127.0916758,37.4026225],[127.0916852,37.4026497],[127.0916504,37.4026587],[127.091645,37.4026433],[127.0916162,37.4026502],[127.0916115,37.4026363],[127.0915169,37.4026598],[127.0915203,37.4026694],[127.0914626,37.4026837],[127.0914505,37.4026523],[127.0915089,37.4026385]]]},"properties":{"sources":[{"property":"","dataset":"OpenStreetMap","license":"ODbL-1.0","record_id":"w463890345@1","update_time":"2017-01-05T15:36:08.000Z","confidence":null,"between":null,"provider":"osm","resource":"planet","version":"2026-08-02T00:00:00.000Z"}],"is_underground":false,"num_floors":2,"subtype":"residential","class":"apartments","has_parts":false,"version":1}},
{"id":"cde32a70-e56f-4a3e-81da-fb23bbfd1142","type":"Feature","geometry":{"type":"Polygon","coordinates":[[[127.091134,37.4020083],[127.091252,37.4019359],[127.0913312,37.402019],[127.0913111,37.4020317],[127.0916088,37.4023396],[127.0915337,37.4023854],[127.0915578,37.4024121],[127.091531,37.402427],[127.091134,37.4020083]]]},"properties":{"names":{"primary":"1311","common":[["ko","1311"]],"rules":null},"sources":[{"property":"","dataset":"OpenStreetMap","license":"ODbL-1.0","record_id":"w463883062@2","update_time":"2019-01-08T09:13:14.000Z","confidence":null,"between":null,"provider":"osm","resource":"planet","version":"2026-08-02T00:00:00.000Z"}],"is_underground":false,"num_floors":4,"subtype":"residential","class":"apartments","has_parts":false,"version":1}},
{"id":"d4eb3c47-4630-4c71-806f-16e32257de88","type":"Feature","geometry":{"type":"Polygon","coordinates":[[[127.0917892,37.4021263],[127.0914847,37.4019036],[127.0915853,37.4018173],[127.0916483,37.401861],[127.0916376,37.4018706],[127.0916792,37.4019004],[127.0916698,37.401909],[127.091875,37.4020549],[127.0917892,37.4021263]]]},"properties":{"names":{"primary":"1312","common":[["ko","1312"]],"rules":null},"sources":[{"property":"","dataset":"OpenStreetMap","license":"ODbL-1.0","record_id":"w463883061@2","update_time":"2019-01-08T09:13:14.000Z","confidence":null,"between":null,"provider":"osm","resource":"planet","version":"2026-08-02T00:00:00.000Z"}],"is_underground":false,"num_floors":4,"subtype":"residential","class":"apartments","has_parts":false,"version":1}},
{"id":"db83f822-28f5-4084-af87-9beeb99353f5","type":"Feature","geometry":{"type":"Polygon","coordinates":[[[127.0921875,37.4020781],[127.0922451,37.4020056],[127.0923631,37.4020632],[127.0922384,37.4022187],[127.0923202,37.4022581],[127.092339,37.4022347],[127.0926729,37.402403],[127.0926019,37.4024946],[127.0922492,37.402321],[127.0922572,37.4023093],[127.0921781,37.4022709],[127.0921553,37.4023007],[127.0920963,37.402272],[127.092115,37.4022485],[127.0920976,37.4022411],[127.0921325,37.4021974],[127.0921191,37.402191],[127.0922036,37.4020866],[127.0921875,37.4020781]]]},"properties":{"names":{"primary":"1316","common":[["ko","1316"]],"rules":null},"sources":[{"property":"","dataset":"OpenStreetMap","license":"ODbL-1.0","record_id":"w463883059@2","update_time":"2019-01-08T09:13:13.000Z","confidence":null,"between":null,"provider":"osm","resource":"planet","version":"2026-08-02T00:00:00.000Z"}],"is_underground":false,"num_floors":4,"subtype":"residential","class":"apartments","has_parts":false,"version":1}},
{"id":"ee769c91-bfbf-4dfb-b06e-b976b4ebdf94","type":"Feature","geometry":{"type":"Polygon","coordinates":[[[127.0924825,37.4020648],[127.09255,37.4019772],[127.0928957,37.4021452],[127.0928282,37.4022328],[127.0924825,37.4020648]]]},"properties":{"names":{"primary":"1315","common":[["ko","1315"]],"rules":null},"sources":[{"property":"","dataset":"OpenStreetMap","license":"ODbL-1.0","record_id":"w463883058@2","update_time":"2019-01-08T09:13:13.000Z","confidence":null,"between":null,"provider":"osm","resource":"planet","version":"2026-08-02T00:00:00.000Z"}],"is_underground":false,"num_floors":4,"subtype":"residential","class":"apartments","has_parts":false,"version":1}},
{"id":"ef5f2917-0d47-41ee-a775-61d7eae255e0","type":"Feature","geometry":{"type":"Polygon","coordinates":[[[127.0926126,37.4016003],[127.0926233,37.4015854],[127.0927065,37.401628],[127.092681,37.4016599],[127.0927427,37.4016919],[127.092732,37.4017068],[127.0930565,37.4018677],[127.0929881,37.4019572],[127.0926595,37.4017942],[127.0926944,37.4017473],[127.09263,37.4017143],[127.092512,37.4018762],[127.0923953,37.4018165],[127.0924543,37.4017356],[127.0924664,37.4017409],[127.0925496,37.4016301],[127.0925616,37.4016354],[127.0925952,37.4015917],[127.0926126,37.4016003]]]},"properties":{"names":{"primary":"1314","common":[["ko","1314"]],"rules":null},"sources":[{"property":"","dataset":"OpenStreetMap","license":"ODbL-1.0","record_id":"w463883057@2","update_time":"2019-01-08T09:13:13.000Z","confidence":null,"between":null,"provider":"osm","resource":"planet","version":"2026-08-02T00:00:00.000Z"}],"is_underground":false,"num_floors":4,"subtype":"residential","class":"apartments","has_parts":false,"version":1}},
{"id":"c9adbe6b-0cbd-4c12-bff9-bbea1900c409","type":"Feature","geometry":{"type":"Polygon","coordinates":[[[127.0920319,37.4014799],[127.0920064,37.4014671],[127.0920292,37.4014373],[127.0919957,37.4014213],[127.0920198,37.4013872],[127.0920587,37.4014053],[127.0920708,37.4013877],[127.0921338,37.4014181],[127.0921392,37.4014106],[127.0923853,37.4015321],[127.0923149,37.4016173],[127.0921097,37.401515],[127.0918643,37.4018219],[127.0917543,37.4017665],[127.0919608,37.401514],[127.0919917,37.4015294],[127.0920319,37.4014799]]]},"properties":{"names":{"primary":"1313","common":[["ko","1313"]],"rules":null},"sources":[{"property":"","dataset":"OpenStreetMap","license":"ODbL-1.0","record_id":"w463883060@2","update_time":"2019-01-08T09:13:14.000Z","confidence":null,"between":null,"provider":"osm","resource":"planet","version":"2026-08-02T00:00:00.000Z"}],"is_underground":false,"num_floors":4,"subtype":"residential","class":"apartments","has_parts":false,"version":1}},
{"id":"94d72e15-a299-43ae-9c98-fa558f92ae7e","type":"Feature","geometry":{"type":"Polygon","coordinates":[[[127.0907911,37.4020647],[127.0909248,37.4020122],[127.0909817,37.4021061],[127.0909588,37.4021155],[127.0911741,37.402464],[127.0910891,37.4024971],[127.0911062,37.402527],[127.0910762,37.4025374],[127.0907911,37.4020647]]]},"properties":{"names":{"primary":"1310","common":[["ko","1310"]],"rules":null},"sources":[{"property":"","dataset":"OpenStreetMap","license":"ODbL-1.0","record_id":"w463883063@2","update_time":"2019-01-08T09:13:14.000Z","confidence":null,"between":null,"provider":"osm","resource":"planet","version":"2026-08-02T00:00:00.000Z"}],"is_underground":false,"num_floors":4,"subtype":"residential","class":"apartments","has_parts":false,"version":1}},
{"id":"23baabe2-0a82-429b-a8af-cf937a3ebcd9","type":"Feature","geometry":{"type":"Polygon","coordinates":[[[127.0907619,37.4023878],[127.0906452,37.4024315],[127.0905325,37.4022398],[127.0904212,37.4022888],[127.0899572,37.4023015],[127.0899518,37.4021897],[127.0904125,37.4021785],[127.0904132,37.4022067],[127.090493,37.4021737],[127.0904789,37.4021503],[127.0905647,37.4021151],[127.0905815,37.4021417],[127.0906036,37.4021322],[127.0906392,37.4021913],[127.0906472,37.4021881],[127.0907619,37.4023878]]]},"properties":{"names":{"primary":"1309","common":[["ko","1309"]],"rules":null},"sources":[{"property":"","dataset":"OpenStreetMap","license":"ODbL-1.0","record_id":"w463883064@2","update_time":"2019-01-08T09:13:14.000Z","confidence":null,"between":null,"provider":"osm","resource":"planet","version":"2026-08-02T00:00:00.000Z"}],"is_underground":false,"num_floors":4,"subtype":"residential","class":"apartments","has_parts":false,"version":1}},
{"id":"fa70f634-495a-4f8b-b197-21aca9ccea4f","type":"Feature","geometry":{"type":"Polygon","coordinates":[[[127.0911136,37.4027081],[127.0911033,37.4027439],[127.0910332,37.4027317],[127.0910363,37.4027207],[127.0909575,37.4027072],[127.0909533,37.4027208],[127.0909198,37.4027153],[127.0909142,37.4027345],[127.0908794,37.402729],[127.0908884,37.4026931],[127.0909238,37.4026987],[127.0909294,37.4026789],[127.0909617,37.4026834],[127.0909658,37.4026708],[127.0910459,37.4026843],[127.0910429,37.4026953],[127.0911136,37.4027081]]]},"properties":{"sources":[{"property":"","dataset":"OpenStreetMap","license":"ODbL-1.0","record_id":"w463890354@1","update_time":"2017-01-05T15:36:09.000Z","confidence":null,"between":null,"provider":"osm","resource":"planet","version":"2026-08-02T00:00:00.000Z"}],"is_underground":false,"num_floors":3,"subtype":"residential","class":"apartments","has_parts":false,"version":1}},
{"id":"7cb3c8e2-60d8-4259-aa13-ba2e17d46109","type":"Feature","geometry":{"type":"Polygon","coordinates":[[[127.0911241,37.4026719],[127.0911136,37.4027081],[127.0910429,37.4026953],[127.0910459,37.4026843],[127.0909658,37.4026708],[127.0909617,37.4026834],[127.0909294,37.4026789],[127.0909238,37.4026987],[127.0908884,37.4026931],[127.0908966,37.4026607],[127.0909316,37.4026654],[127.0909386,37.4026426],[127.0909714,37.4026481],[127.0909755,37.4026351],[127.0910575,37.4026494],[127.0910542,37.4026602],[127.0911241,37.4026719]]]},"properties":{"sources":[{"property":"","dataset":"OpenStreetMap","license":"ODbL-1.0","record_id":"w463890353@1","update_time":"2017-01-05T15:36:09.000Z","confidence":null,"between":null,"provider":"osm","resource":"planet","version":"2026-08-02T00:00:00.000Z"}],"is_underground":false,"num_floors":2,"subtype":"residential","class":"apartments","has_parts":false,"version":1}},
{"id":"fa0c9c1f-18e5-4ae3-83bd-64459860ceed","type":"Feature","geometry":{"type":"Polygon","coordinates":[[[127.0901813,37.4024974],[127.0906374,37.4026002],[127.0906008,37.4027028],[127.0901447,37.4026],[127.0901813,37.4024974]]]},"properties":{"names":{"primary":"1307","common":[["ko","1307"]],"rules":null},"sources":[{"property":"","dataset":"OpenStreetMap","license":"ODbL-1.0","record_id":"w463883066@2","update_time":"2019-01-08T09:13:14.000Z","confidence":null,"between":null,"provider":"osm","resource":"planet","version":"2026-08-02T00:00:00.000Z"}],"is_underground":false,"num_floors":4,"subtype":"residential","class":"apartments","has_parts":false,"version":1}},
{"id":"ee6d443a-987d-46a4-aedd-ddc8e3b84a78","type":"Feature","geometry":{"type":"Polygon","coordinates":[[[127.0896181,37.4025423],[127.090089,37.4024979],[127.0901048,37.4026038],[127.089634,37.4026482],[127.0896181,37.4025423]]]},"properties":{"names":{"primary":"1308","common":[["ko","1308"]],"rules":null},"sources":[{"property":"","dataset":"OpenStreetMap","license":"ODbL-1.0","record_id":"w463883065@2","update_time":"2019-01-08T09:13:14.000Z","confidence":null,"between":null,"provider":"osm","resource":"planet","version":"2026-08-02T00:00:00.000Z"}],"is_underground":false,"num_floors":4,"subtype":"residential","class":"apartments","has_parts":false,"version":1}},
{"id":"b6d6e6bb-9621-4b58-8474-b517f61d0cfa","type":"Feature","geometry":{"type":"Polygon","coordinates":[[[127.0914464,37.4030626],[127.0909338,37.4030079],[127.0909373,37.4029873],[127.0914499,37.403042],[127.0914464,37.4030626]]]},"properties":{"sources":[{"property":"","dataset":"OpenStreetMap","license":"ODbL-1.0","record_id":"w464046408@1","update_time":"2017-01-06T07:25:21.000Z","confidence":null,"between":null,"provider":"osm","resource":"planet","version":"2026-08-02T00:00:00.000Z"}],"is_underground":false,"num_floors":1,"subtype":"residential","class":"apartments","has_parts":false,"version":1}},
{"id":"265e0bc7-742a-4b83-ae02-6ec6e3b7df74","type":"Feature","geometry":{"type":"Polygon","coordinates":[[[127.0909257,37.4030655],[127.0909338,37.4030079],[127.0914464,37.4030626],[127.0914367,37.4031209],[127.0913374,37.4031113],[127.0913173,37.4032882],[127.0911899,37.4032807],[127.0912033,37.4031571],[127.0911644,37.4031539],[127.0911698,37.4031209],[127.0910102,37.403106],[127.0910156,37.403074],[127.0909257,37.4030655]]]},"properties":{"names":{"primary":"1305","common":[["ko","1305"]],"rules":null},"sources":[{"property":"","dataset":"OpenStreetMap","license":"ODbL-1.0","record_id":"w464046407@2","update_time":"2019-01-08T09:13:15.000Z","confidence":null,"between":null,"provider":"osm","resource":"planet","version":"2026-08-02T00:00:00.000Z"}],"is_underground":false,"num_floors":4,"subtype":"residential","class":"apartments","has_parts":false,"version":1}},
{"id":"a5bb9be1-e08b-4ff1-8540-7a7efbb25e46","type":"Feature","geometry":{"type":"Polygon","coordinates":[[[127.0916114,37.4031168],[127.0916892,37.4031178],[127.0916888,37.403171],[127.0916871,37.4032207],[127.0917139,37.4032215],[127.0917118,37.4032752],[127.0916843,37.4032747],[127.0916841,37.4033261],[127.0915621,37.4033255],[127.0915618,37.4032658],[127.0915471,37.4032654],[127.0915482,37.4031866],[127.0915643,37.4031871],[127.0915664,37.4031419],[127.0916097,37.4031427],[127.0916114,37.4031168]]]},"properties":{"names":{"primary":"1303","common":[["ko","1303"]],"rules":null},"sources":[{"property":"","dataset":"OpenStreetMap","license":"ODbL-1.0","record_id":"w464009360@2","update_time":"2019-01-08T09:13:14.000Z","confidence":null,"between":null,"provider":"osm","resource":"planet","version":"2026-08-02T00:00:00.000Z"}],"is_underground":false,"num_floors":6,"subtype":"residential","class":"apartments","has_parts":false,"version":1}},
{"id":"5588ee51-8ebe-4458-8622-bd24aedf4bf5","type":"Feature","geometry":{"type":"Polygon","coordinates":[[[127.0917293,37.4032214],[127.0917306,37.4031724],[127.0917719,37.4031734],[127.0917713,37.4032223],[127.0917934,37.4032228],[127.0917928,37.4032766],[127.0917707,37.4032771],[127.091768,37.4033267],[127.0917293,37.4033269],[127.0917299,37.4032768],[127.0917548,37.4032763],[127.091756,37.4032225],[127.0917293,37.4032214]]]},"properties":{"sources":[{"property":"","dataset":"OpenStreetMap","license":"ODbL-1.0","record_id":"w464009362@1","update_time":"2017-01-06T03:25:02.000Z","confidence":null,"between":null,"provider":"osm","resource":"planet","version":"2026-08-02T00:00:00.000Z"}],"is_underground":false,"num_floors":2,"subtype":"residential","class":"apartments","has_parts":false,"version":1}},
{"id":"603b2dae-71f8-4b69-aace-3bb4af534b88","type":"Feature","geometry":{"type":"Polygon","coordinates":[[[127.0916871,37.4032207],[127.0916888,37.403171],[127.0917306,37.4031724],[127.0917293,37.4032214],[127.091756,37.4032225],[127.0917548,37.4032763],[127.0917299,37.4032768],[127.0917293,37.4033269],[127.0916841,37.4033261],[127.0916843,37.4032747],[127.0917118,37.4032752],[127.0917139,37.4032215],[127.0916871,37.4032207]]]},"properties":{"sources":[{"property":"","dataset":"OpenStreetMap","license":"ODbL-1.0","record_id":"w464009361@1","update_time":"2017-01-06T03:25:02.000Z","confidence":null,"between":null,"provider":"osm","resource":"planet","version":"2026-08-02T00:00:00.000Z"}],"is_underground":false,"num_floors":3,"subtype":"residential","class":"apartments","has_parts":false,"version":1}},
{"id":"c79a5316-15bd-42d3-90c1-5d7fbc26a678","type":"Feature","geometry":{"type":"Polygon","coordinates":[[[127.0917713,37.4032223],[127.0917719,37.4031734],[127.0918081,37.4031744],[127.0918091,37.4032228],[127.0918326,37.4032234],[127.0918276,37.4032761],[127.091806,37.4033269],[127.091768,37.4033267],[127.0917707,37.4032771],[127.0917928,37.4032766],[127.0917934,37.4032228],[127.0917713,37.4032223]]]},"properties":{"sources":[{"property":"","dataset":"OpenStreetMap","license":"ODbL-1.0","record_id":"w464009363@1","update_time":"2017-01-06T07:21:53.000Z","confidence":null,"between":null,"provider":"osm","resource":"planet","version":"2026-08-02T00:00:00.000Z"}],"is_underground":false,"num_floors":1,"subtype":"residential","class":"apartments","has_parts":false,"version":1}},
{"id":"89111431-67be-4b68-8545-6ce222f86343","type":"Feature","geometry":{"type":"Polygon","coordinates":[[[127.0919401,37.4030139],[127.0919414,37.4029649],[127.0919827,37.4029659],[127.0919821,37.4030148],[127.0920042,37.4030153],[127.0920036,37.4030691],[127.0919815,37.4030696],[127.0919788,37.4031192],[127.0919401,37.4031194],[127.0919407,37.4030693],[127.0919656,37.4030688],[127.0919668,37.403015],[127.0919401,37.4030139]]]},"properties":{"sources":[{"property":"","dataset":"OpenStreetMap","license":"ODbL-1.0","record_id":"w464045970@1","update_time":"2017-01-06T07:21:52.000Z","confidence":null,"between":null,"provider":"osm","resource":"planet","version":"2026-08-02T00:00:00.000Z"}],"is_underground":false,"num_floors":2,"subtype":"residential","class":"apartments","has_parts":false,"version":1}},
{"id":"5a7b5b70-fb43-4d9e-8757-163bdb317d14","type":"Feature","geometry":{"type":"Polygon","coordinates":[[[127.0919821,37.4030148],[127.0919827,37.4029659],[127.0920189,37.4029669],[127.0920199,37.4030153],[127.0920434,37.4030159],[127.0920384,37.4030686],[127.0920169,37.4031194],[127.0919788,37.4031192],[127.0919815,37.4030696],[127.0920036,37.4030691],[127.0920042,37.4030153],[127.0919821,37.4030148]]]},"properties":{"sources":[{"property":"","dataset":"OpenStreetMap","license":"ODbL-1.0","record_id":"w464045967@1","update_time":"2017-01-06T07:21:52.000Z","confidence":null,"between":null,"provider":"osm","resource":"planet","version":"2026-08-02T00:00:00.000Z"}],"is_underground":false,"num_floors":1,"subtype":"residential","class":"apartments","has_parts":false,"version":1}},
{"id":"fe63b7f8-de9f-40e8-9a3c-9fb7db81cd61","type":"Feature","geometry":{"type":"Polygon","coordinates":[[[127.0918196,37.4029093],[127.0919,37.4029103],[127.0918996,37.4029635],[127.0918979,37.4030132],[127.0919247,37.403014],[127.0919226,37.4030677],[127.0918951,37.4030672],[127.0918949,37.4031186],[127.0917729,37.403118],[127.0917726,37.4030583],[127.0917579,37.4030579],[127.091759,37.4029791],[127.0917751,37.4029796],[127.0917772,37.4029344],[127.0918179,37.4029352],[127.0918196,37.4029093]]]},"properties":{"names":{"primary":"1302","common":[["ko","1302"]],"rules":null},"sources":[{"property":"","dataset":"OpenStreetMap","license":"ODbL-1.0","record_id":"w464045968@2","update_time":"2019-01-08T09:13:14.000Z","confidence":null,"between":null,"provider":"osm","resource":"planet","version":"2026-08-02T00:00:00.000Z"}],"is_underground":false,"num_floors":6,"subtype":"residential","class":"apartments","has_parts":false,"version":1}},
{"id":"027385e9-ac7b-4d63-bd3f-e48a0330e671","type":"Feature","geometry":{"type":"Polygon","coordinates":[[[127.0918979,37.4030132],[127.0918996,37.4029635],[127.0919414,37.4029649],[127.0919401,37.4030139],[127.0919668,37.403015],[127.0919656,37.4030688],[127.0919407,37.4030693],[127.0919401,37.4031194],[127.0918949,37.4031186],[127.0918951,37.4030672],[127.0919226,37.4030677],[127.0919247,37.403014],[127.0918979,37.4030132]]]},"properties":{"sources":[{"property":"","dataset":"OpenStreetMap","license":"ODbL-1.0","record_id":"w464045969@1","update_time":"2017-01-06T07:21:52.000Z","confidence":null,"between":null,"provider":"osm","resource":"planet","version":"2026-08-02T00:00:00.000Z"}],"is_underground":false,"num_floors":3,"subtype":"residential","class":"apartments","has_parts":false,"version":1}},
{"id":"4fc39ab3-1fec-47d9-8ab0-bf244a0ebf6a","type":"Feature","geometry":{"type":"Polygon","coordinates":[[[127.0926806,37.4028356],[127.0925689,37.4029718],[127.0924451,37.4029078],[127.0925568,37.4027716],[127.0926806,37.4028356]]]},"properties":{"sources":[{"property":"","dataset":"OpenStreetMap","license":"ODbL-1.0","record_id":"w987627838@3","update_time":"2025-01-12T00:47:47.000Z","confidence":null,"between":null,"provider":"osm","resource":"planet","version":"2026-08-02T00:00:00.000Z"}],"is_underground":false,"has_parts":false,"version":1}},
{"id":"b427516b-e458-4136-b10e-e850075646c2","type":"Feature","geometry":{"type":"Polygon","coordinates":[[[127.0928917,37.402951],[127.0927969,37.4030667],[127.0926766,37.4030044],[127.0927714,37.4028887],[127.0928917,37.402951]]]},"properties":{"sources":[{"property":"","dataset":"OpenStreetMap","license":"ODbL-1.0","record_id":"w987627836@3","update_time":"2025-01-12T00:47:47.000Z","confidence":null,"between":null,"provider":"osm","resource":"planet","version":"2026-08-02T00:00:00.000Z"}],"is_underground":false,"has_parts":false,"version":1}},
{"id":"6b154946-7fe5-4867-8f7c-ddcf9bc37192","type":"Feature","geometry":{"type":"Polygon","coordinates":[[[127.0930303,37.403038],[127.092943,37.4031444],[127.0928316,37.4030868],[127.0929189,37.4029804],[127.0930303,37.403038]]]},"properties":{"sources":[{"property":"","dataset":"OpenStreetMap","license":"ODbL-1.0","record_id":"w987627837@3","update_time":"2025-01-12T00:47:47.000Z","confidence":null,"between":null,"provider":"osm","resource":"planet","version":"2026-08-02T00:00:00.000Z"}],"is_underground":false,"has_parts":false,"version":1}},
{"id":"51df9b10-c0f4-4b6c-b250-c3444ee68cc5","type":"Feature","geometry":{"type":"Polygon","coordinates":[[[127.0927473,37.4030966],[127.0926574,37.4032062],[127.092546,37.4031486],[127.0926359,37.403039],[127.0927473,37.4030966]]]},"properties":{"sources":[{"property":"","dataset":"OpenStreetMap","license":"ODbL-1.0","record_id":"w987627835@3","update_time":"2025-01-12T00:47:47.000Z","confidence":null,"between":null,"provider":"osm","resource":"planet","version":"2026-08-02T00:00:00.000Z"}],"is_underground":false,"has_parts":false,"version":1}},
{"id":"8a5678a4-5439-43bd-9f59-dbfb3bf91bdc","type":"Feature","geometry":{"type":"Polygon","coordinates":[[[127.0928707,37.4031588],[127.092782,37.403267],[127.0926821,37.4032154],[127.0927708,37.4031072],[127.0928707,37.4031588]]]},"properties":{"sources":[{"property":"","dataset":"OpenStreetMap","license":"ODbL-1.0","record_id":"w987627825@3","update_time":"2025-01-12T00:47:47.000Z","confidence":null,"between":null,"provider":"osm","resource":"planet","version":"2026-08-02T00:00:00.000Z"}],"is_underground":false,"has_parts":false,"version":1}},
{"id":"683b3917-8330-452c-8d8b-db6bfdf847f7","type":"Feature","geometry":{"type":"Polygon","coordinates":[[[127.0929994,37.4032233],[127.0928787,37.4033096],[127.0928421,37.4032909],[127.0927995,37.4032723],[127.0928706,37.40317],[127.0929132,37.4031887],[127.092892,37.4032191],[127.0929078,37.4032303],[127.0929628,37.403191],[127.0929994,37.4032233]]]},"properties":{"sources":[{"property":"","dataset":"OpenStreetMap","license":"ODbL-1.0","record_id":"w987627826@3","update_time":"2025-01-12T00:47:47.000Z","confidence":null,"between":null,"provider":"osm","resource":"planet","version":"2026-08-02T00:00:00.000Z"}],"is_underground":false,"has_parts":false,"version":1}},
{"id":"a528a642-7245-487e-b512-3bdf040126d5","type":"Feature","geometry":{"type":"Polygon","coordinates":[[[127.0930379,37.4032389],[127.0931,37.4033064],[127.0929457,37.4033959],[127.0928837,37.4033284],[127.0930379,37.4032389]]]},"properties":{"sources":[{"property":"","dataset":"OpenStreetMap","license":"ODbL-1.0","record_id":"w987627827@3","update_time":"2025-01-12T00:47:47.000Z","confidence":null,"between":null,"provider":"osm","resource":"planet","version":"2026-08-02T00:00:00.000Z"}],"is_underground":false,"has_parts":false,"version":1}},
{"id":"72a5c4bc-1d72-4e8a-8e98-e64924504aaa","type":"Feature","geometry":{"type":"Polygon","coordinates":[[[127.0924754,37.4033922],[127.0923918,37.403349],[127.0924893,37.4032301],[127.0925729,37.4032733],[127.0924754,37.4033922]]]},"properties":{"sources":[{"property":"","dataset":"OpenStreetMap","license":"ODbL-1.0","record_id":"w987627834@3","update_time":"2025-01-12T00:47:47.000Z","confidence":null,"between":null,"provider":"osm","resource":"planet","version":"2026-08-02T00:00:00.000Z"}],"is_underground":false,"has_parts":false,"version":1}},
{"id":"7aef2f7e-cbc0-4e33-85e0-ef301e13e8f6","type":"Feature","geometry":{"type":"Polygon","coordinates":[[[127.0923005,37.4032946],[127.0921893,37.4032371],[127.0922967,37.4031061],[127.0924079,37.4031636],[127.0923005,37.4032946]]]},"properties":{"sources":[{"property":"","dataset":"OpenStreetMap","license":"ODbL-1.0","record_id":"w987627839@3","update_time":"2025-01-12T00:47:47.000Z","confidence":null,"between":null,"provider":"osm","resource":"planet","version":"2026-08-02T00:00:00.000Z"}],"is_underground":false,"has_parts":false,"version":1}},
{"id":"014b600c-6ec5-489e-9227-e0d75f50e2d5","type":"Feature","geometry":{"type":"Polygon","coordinates":[[[127.0922341,37.4033982],[127.0921853,37.4034576],[127.09207,37.403398],[127.0921684,37.4032779],[127.0922172,37.4033032],[127.0921675,37.4033638],[127.0922341,37.4033982]]]},"properties":{"sources":[{"property":"","dataset":"OpenStreetMap","license":"ODbL-1.0","record_id":"w987627840@3","update_time":"2025-01-12T00:47:47.000Z","confidence":null,"between":null,"provider":"osm","resource":"planet","version":"2026-08-02T00:00:00.000Z"}],"is_underground":false,"has_parts":false,"version":1}},
{"id":"38014a53-efc5-419f-bf52-c9f0f369eda9","type":"Feature","geometry":{"type":"Polygon","coordinates":[[[127.0922516,37.4035036],[127.0923543,37.4035567],[127.0922871,37.4036387],[127.0922123,37.4036333],[127.092182,37.4035884],[127.0922516,37.4035036]]]},"properties":{"sources":[{"property":"","dataset":"OpenStreetMap","license":"ODbL-1.0","record_id":"w987627832@3","update_time":"2025-01-12T00:47:47.000Z","confidence":null,"between":null,"provider":"osm","resource":"planet","version":"2026-08-02T00:00:00.000Z"}],"is_underground":false,"has_parts":false,"version":1}},
{"id":"e789a540-3f22-434b-803e-062a8f38f650","type":"Feature","geometry":{"type":"Polygon","coordinates":[[[127.0925239,37.4035189],[127.0925401,37.4036263],[127.092371,37.4036425],[127.0923587,37.4035613],[127.0924033,37.403557],[127.0923993,37.4035308],[127.0925239,37.4035189]]]},"properties":{"sources":[{"property":"","dataset":"OpenStreetMap","license":"ODbL-1.0","record_id":"w987627823@3","update_time":"2025-01-12T00:47:47.000Z","confidence":null,"between":null,"provider":"osm","resource":"planet","version":"2026-08-02T00:00:00.000Z"}],"is_underground":false,"has_parts":false,"version":1}},
{"id":"56f6f067-39c7-40d6-842a-32351bcf8634","type":"Feature","geometry":{"type":"Polygon","coordinates":[[[127.0924179,37.4035017],[127.09231,37.4034459],[127.0923689,37.4033741],[127.0925407,37.403463],[127.092516,37.4034932],[127.0924179,37.4035017]]]},"properties":{"sources":[{"property":"","dataset":"OpenStreetMap","license":"ODbL-1.0","record_id":"w987627833@3","update_time":"2025-01-12T00:47:47.000Z","confidence":null,"between":null,"provider":"osm","resource":"planet","version":"2026-08-02T00:00:00.000Z"}],"is_underground":false,"has_parts":false,"version":1}},
{"id":"5fac8475-da59-4179-aaa0-70a72dfb8290","type":"Feature","geometry":{"type":"Polygon","coordinates":[[[127.0926954,37.4035042],[127.0925313,37.4034193],[127.0926028,37.4033321],[127.0927148,37.4033901],[127.0927461,37.4033519],[127.0927982,37.4033788],[127.0926954,37.4035042]]]},"properties":{"sources":[{"property":"","dataset":"OpenStreetMap","license":"ODbL-1.0","record_id":"w987627831@3","update_time":"2025-01-12T00:47:47.000Z","confidence":null,"between":null,"provider":"osm","resource":"planet","version":"2026-08-02T00:00:00.000Z"}],"is_underground":false,"has_parts":false,"version":1}},
{"id":"1d56ef4e-f103-404f-8ebb-a63921f30113","type":"Feature","geometry":{"type":"Polygon","coordinates":[[[127.0927058,37.4035214],[127.0928836,37.4034657],[127.0929198,37.4035385],[127.092742,37.4035943],[127.0927058,37.4035214]]]},"properties":{"sources":[{"property":"","dataset":"OpenStreetMap","license":"ODbL-1.0","record_id":"w987627824@3","update_time":"2025-01-12T00:47:47.000Z","confidence":null,"between":null,"provider":"osm","resource":"planet","version":"2026-08-02T00:00:00.000Z"}],"is_underground":false,"has_parts":false,"version":1}},
{"id":"85d36b46-ab2e-43a8-a081-bada108d863f","type":"Feature","geometry":{"type":"Polygon","coordinates":[[[127.0926832,37.4036083],[127.0925716,37.4036255],[127.0925462,37.4035214],[127.0925735,37.4035172],[127.0926092,37.403477],[127.0926578,37.4035042],[127.0926832,37.4036083]]]},"properties":{"sources":[{"property":"","dataset":"OpenStreetMap","license":"ODbL-1.0","record_id":"w987627822@3","update_time":"2025-01-12T00:47:47.000Z","confidence":null,"between":null,"provider":"osm","resource":"planet","version":"2026-08-02T00:00:00.000Z"}],"is_underground":false,"has_parts":false,"version":1}},
{"id":"bc8d8616-97e0-4c15-a73f-74676e65fb54","type":"Feature","geometry":{"type":"Polygon","coordinates":[[[127.0916025,37.4034307],[127.0916032,37.4033815],[127.0916408,37.403382],[127.0916421,37.4034289],[127.0916595,37.4034289],[127.0916609,37.4034885],[127.0916354,37.4035471],[127.0916072,37.4035477],[127.0916072,37.403488],[127.0916247,37.403488],[127.0916233,37.4034305],[127.0916025,37.4034307]]]},"properties":{"sources":[{"property":"","dataset":"OpenStreetMap","license":"ODbL-1.0","record_id":"w464009358@1","update_time":"2017-01-06T03:25:01.000Z","confidence":null,"between":null,"provider":"osm","resource":"planet","version":"2026-08-02T00:00:00.000Z"}],"is_underground":false,"num_floors":1,"subtype":"residential","class":"apartments","has_parts":false,"version":1}},
{"id":"51a1abea-1ce2-47cd-a9de-ad292ded081d","type":"Feature","geometry":{"type":"Polygon","coordinates":[[[127.0915663,37.4034313],[127.091565,37.4033812],[127.0916032,37.4033815],[127.0916025,37.4034307],[127.0916233,37.4034305],[127.0916247,37.403488],[127.0916072,37.403488],[127.0916072,37.4035477],[127.0915663,37.4035485],[127.0915663,37.4034888],[127.0915864,37.4034877],[127.0915864,37.4034313],[127.0915663,37.4034313]]]},"properties":{"sources":[{"property":"","dataset":"OpenStreetMap","license":"ODbL-1.0","record_id":"w464009357@1","update_time":"2017-01-06T03:25:01.000Z","confidence":null,"between":null,"provider":"osm","resource":"planet","version":"2026-08-02T00:00:00.000Z"}],"is_underground":false,"num_floors":2,"subtype":"residential","class":"apartments","has_parts":false,"version":1}},
{"id":"9149b5c2-e378-4378-bcfe-bfc097bf3247","type":"Feature","geometry":{"type":"Polygon","coordinates":[[[127.0915288,37.4034313],[127.0915288,37.4033812],[127.091565,37.4033812],[127.0915663,37.4034313],[127.0915864,37.4034313],[127.0915864,37.4034877],[127.0915663,37.4034888],[127.0915663,37.4035485],[127.0915301,37.4035485],[127.0915301,37.4034888],[127.0915502,37.4034888],[127.0915502,37.4034313],[127.0915288,37.4034313]]]},"properties":{"sources":[{"property":"","dataset":"OpenStreetMap","license":"ODbL-1.0","record_id":"w464009356@1","update_time":"2017-01-06T03:25:01.000Z","confidence":null,"between":null,"provider":"osm","resource":"planet","version":"2026-08-02T00:00:00.000Z"}],"is_underground":false,"num_floors":3,"subtype":"residential","class":"apartments","has_parts":false,"version":1}},
{"id":"637cfb07-cb7a-488f-b41f-9a2d1e882844","type":"Feature","geometry":{"type":"Polygon","coordinates":[[[127.0914282,37.4033311],[127.09151,37.4033301],[127.09151,37.4033812],[127.0915288,37.4033812],[127.0915288,37.4034313],[127.0915502,37.4034313],[127.0915502,37.4034888],[127.0915301,37.4034888],[127.0915301,37.4035485],[127.0914295,37.4035495],[127.0914282,37.4034867],[127.0914161,37.4034867],[127.0914148,37.4034015],[127.0914295,37.4034015],[127.0914282,37.4033311]]]},"properties":{"names":{"primary":"1304","common":[["ko","1304"]],"rules":null},"sources":[{"property":"","dataset":"OpenStreetMap","license":"ODbL-1.0","record_id":"w464009359@2","update_time":"2019-01-08T09:13:14.000Z","confidence":null,"between":null,"provider":"osm","resource":"planet","version":"2026-08-02T00:00:00.000Z"}],"is_underground":false,"num_floors":6,"subtype":"residential","class":"apartments","has_parts":false,"version":1}},
{"id":"7d4e93e5-ea24-4572-ae91-ec21d08be702","type":"Feature","geometry":{"type":"Polygon","coordinates":[[[127.0872909,37.4051341],[127.0867881,37.405056],[127.0868893,37.4046445],[127.0873921,37.4047226],[127.0872909,37.4051341]]]},"properties":{"sources":[{"property":"","dataset":"OpenStreetMap","license":"ODbL-1.0","record_id":"w1530938819@1","update_time":"2026-06-20T00:16:43.000Z","confidence":null,"between":null,"provider":"osm","resource":"planet","version":"2026-08-02T00:00:00.000Z"}],"is_underground":false,"has_parts":false,"version":1}},
{"id":"adf023f7-33df-4703-97da-a9565684e441","type":"Feature","geometry":{"type":"Polygon","coordinates":[[[127.085909,37.4047824],[127.0859644,37.4046061],[127.0866207,37.4046894],[127.0865652,37.4050296],[127.086063,37.4049684],[127.085909,37.4047824]]]},"properties":{"sources":[{"property":"","dataset":"OpenStreetMap","license":"ODbL-1.0","record_id":"w1530938829@1","update_time":"2026-06-20T00:16:43.000Z","confidence":null,"between":null,"provider":"osm","resource":"planet","version":"2026-08-02T00:00:00.000Z"}],"is_underground":false,"has_parts":false,"version":1}},
{"id":"e083ad13-922b-47ad-b5b6-40fdeba67945","type":"Feature","geometry":{"type":"Polygon","coordinates":[[[127.0853419,37.4040913],[127.0851406,37.4039333],[127.0852069,37.40388],[127.0854082,37.404038],[127.0853419,37.4040913]]]},"properties":{"sources":[{"property":"","dataset":"doi:10.5281/zenodo.8174931","license":null,"record_id":null,"update_time":"2024-11-01T00:00:00.000Z","confidence":null,"between":null,"provider":"zenodo","resource":"east_asian_buildings","version":"2024-11-01"}],"is_underground":false,"has_parts":false,"version":1}},
{"id":"c2f037c5-9584-421b-b110-79912c11a7ab","type":"Feature","geometry":{"type":"Polygon","coordinates":[[[127.0821278,37.4040411],[127.0819681,37.4041561],[127.0818595,37.4040609],[127.0817397,37.4041472],[127.0817759,37.4041789],[127.0816461,37.4042724],[127.081447,37.4040979],[127.0819362,37.4037457],[127.0821534,37.403936],[127.0820236,37.4040295],[127.0820508,37.4040532],[127.0821007,37.4040173],[127.0821278,37.4040411]]]},"properties":{"sources":[{"property":"","dataset":"doi:10.5281/zenodo.8174931","license":null,"record_id":null,"update_time":"2024-11-01T00:00:00.000Z","confidence":null,"between":null,"provider":"zenodo","resource":"east_asian_buildings","version":"2024-11-01"}],"is_underground":false,"has_parts":false,"version":1}},
{"id":"67aa1258-2932-4cac-81fd-75e813eb9620","type":"Feature","geometry":{"type":"Polygon","coordinates":[[[127.0821906,37.4040432],[127.0823863,37.4039487],[127.0824213,37.4039944],[127.0822256,37.4040889],[127.0821906,37.4040432]]]},"properties":{"sources":[{"property":"","dataset":"doi:10.5281/zenodo.8174931","license":null,"record_id":null,"update_time":"2024-11-01T00:00:00.000Z","confidence":null,"between":null,"provider":"zenodo","resource":"east_asian_buildings","version":"2024-11-01"}],"is_underground":false,"has_parts":false,"version":1}},
{"id":"d17e60b7-2866-4f0a-afcb-c36def428cee","type":"Feature","geometry":{"type":"Polygon","coordinates":[[[127.0833553,37.4031797],[127.0833,37.4031381],[127.0836732,37.4028247],[127.0837286,37.4028663],[127.0833553,37.4031797]]]},"properties":{"sources":[{"property":"","dataset":"doi:10.5281/zenodo.8174931","license":null,"record_id":null,"update_time":"2024-11-01T00:00:00.000Z","confidence":null,"between":null,"provider":"zenodo","resource":"east_asian_buildings","version":"2024-11-01"}],"is_underground":false,"has_parts":false,"version":1}},
{"id":"75be8ad4-2388-418f-a6bf-bf9a52518d56","type":"Feature","geometry":{"type":"Polygon","coordinates":[[[127.0831299,37.4030323],[127.0830807,37.4030785],[127.0830152,37.4030345],[127.08344,37.4026359],[127.0836291,37.402763],[127.0832535,37.4031154],[127.0831299,37.4030323]]]},"properties":{"sources":[{"property":"","dataset":"doi:10.5281/zenodo.8174931","license":null,"record_id":null,"update_time":"2024-11-01T00:00:00.000Z","confidence":null,"between":null,"provider":"zenodo","resource":"east_asian_buildings","version":"2024-11-01"}],"is_underground":false,"has_parts":false,"version":1}},
{"id":"6130feef-fc94-42d1-8007-5917171e9f1c","type":"Feature","geometry":{"type":"Polygon","coordinates":[[[127.0835789,37.4032156],[127.0840235,37.4030616],[127.0840451,37.4031008],[127.0838969,37.4031522],[127.0839238,37.4032012],[127.0842079,37.4031028],[127.084251,37.4031813],[127.0841892,37.4032027],[127.0842,37.4032224],[127.0842741,37.4031967],[127.0843656,37.4033635],[127.0838962,37.403526],[127.0838747,37.4034868],[127.0837512,37.4035296],[127.0836273,37.4033039],[127.0838867,37.4032141],[127.0838706,37.4031846],[127.08361120000001,37.4032745],[127.0835789,37.4032156]]]},"properties":{"sources":[{"property":"","dataset":"doi:10.5281/zenodo.8174931","license":null,"record_id":null,"update_time":"2024-11-01T00:00:00.000Z","confidence":null,"between":null,"provider":"zenodo","resource":"east_asian_buildings","version":"2024-11-01"}],"is_underground":false,"has_parts":false,"version":1}},
{"id":"b69da053-7b8f-4fd7-894b-dad1b27dcc4b","type":"Feature","geometry":{"type":"Polygon","coordinates":[[[127.0842685,37.4035191],[127.0840911,37.40357],[127.0840636,37.4035096],[127.084241,37.4034587],[127.0842685,37.4035191]]]},"properties":{"sources":[{"property":"","dataset":"doi:10.5281/zenodo.8174931","license":null,"record_id":null,"update_time":"2024-11-01T00:00:00.000Z","confidence":null,"between":null,"provider":"zenodo","resource":"east_asian_buildings","version":"2024-11-01"}],"is_underground":false,"has_parts":false,"version":1}},
{"id":"87dd0480-f1ab-4977-b0a3-fd5cbccada5e","type":"Feature","geometry":{"type":"Polygon","coordinates":[[[127.0829586,37.4029725],[127.0826896,37.40278],[127.083136,37.4023864],[127.083405,37.4025789],[127.0829586,37.4029725]]]},"properties":{"sources":[{"property":"","dataset":"doi:10.5281/zenodo.8174931","license":null,"record_id":null,"update_time":"2024-11-01T00:00:00.000Z","confidence":null,"between":null,"provider":"zenodo","resource":"east_asian_buildings","version":"2024-11-01"}],"is_underground":false,"has_parts":false,"version":1}},
{"id":"9aaaa56d-b33b-4f4d-8abb-8d90ac3114f2","type":"Feature","geometry":{"type":"Polygon","coordinates":[[[127.0929364,37.3983924],[127.09302,37.3984287],[127.0930017,37.3984553],[127.0929181,37.398419],[127.0929364,37.3983924]]]},"properties":{"sources":[{"property":"","dataset":"doi:10.5281/zenodo.8174931","license":null,"record_id":null,"update_time":"2024-11-01T00:00:00.000Z","confidence":null,"between":null,"provider":"zenodo","resource":"east_asian_buildings","version":"2024-11-01"}],"is_underground":false,"has_parts":false,"version":1}},
{"id":"7f6f26d7-4009-42c2-b2f1-cec90e412ba0","type":"Feature","geometry":{"type":"Polygon","coordinates":[[[127.0925206,37.4007326],[127.0924653,37.4006383],[127.0926423,37.4005841],[127.0926636,37.4005302],[127.0925712,37.4005114],[127.0926003,37.4004339],[127.0927691,37.4004728],[127.0927589,37.4004998],[127.0928301,37.4005166],[127.0928419,37.4004908],[127.0930022,37.4005294],[127.0929767,37.4006014],[127.0928785,37.4005811],[127.0928597,37.4006309],[127.092958,37.4007692],[127.0928554,37.4008144],[127.0927587,37.4006825],[127.0926972,37.4006695],[127.0925206,37.4007326]]]},"properties":{"names":{"primary":"1206","common":[["ko","1206"]],"rules":null},"sources":[{"property":"","dataset":"OpenStreetMap","license":"ODbL-1.0","record_id":"w463855409@3","update_time":"2026-04-20T10:40:29.000Z","confidence":null,"between":null,"provider":"osm","resource":"planet","version":"2026-08-02T00:00:00.000Z"}],"height":47.0,"is_underground":false,"num_floors":15,"subtype":"residential","class":"apartments","has_parts":false,"version":2}},
{"id":"88a34f03-ba08-4286-9db4-87ae3e26999b","type":"Feature","geometry":{"type":"Polygon","coordinates":[[[127.0924165,37.400048],[127.092364,37.3999506],[127.0925007,37.3999092],[127.0925143,37.399933],[127.0925421,37.3998638],[127.0924484,37.3998408],[127.0924788,37.3997664],[127.0926141,37.3998],[127.0926052,37.3998227],[127.0926791,37.3998428],[127.0926895,37.3998191],[127.0928324,37.3998566],[127.0928002,37.3999254],[127.0927128,37.3999051],[127.0926833,37.3999741],[127.0927143,37.3999632],[127.0927842,37.400073],[127.0926749,37.400116],[127.0926077,37.4000086],[127.0925516,37.3999957],[127.0924165,37.400048]]]},"properties":{"names":{"primary":"1206","common":[["ko","1206"]],"rules":null},"sources":[{"property":"","dataset":"OpenStreetMap","license":"ODbL-1.0","record_id":"w463855407@3","update_time":"2026-04-20T10:40:29.000Z","confidence":null,"between":null,"provider":"osm","resource":"planet","version":"2026-08-02T00:00:00.000Z"}],"height":47.0,"is_underground":false,"num_floors":15,"subtype":"residential","class":"apartments","has_parts":false,"version":2}},
{"id":"48f306aa-5c95-40d0-ba27-661943be1926","type":"Feature","geometry":{"type":"Polygon","coordinates":[[[127.0922342,37.3993846],[127.0921671,37.399293],[127.0922965,37.3992386],[127.0923136,37.399261],[127.0923307,37.3991896],[127.0922342,37.3991758],[127.092253,37.3990991],[127.0923924,37.3991193],[127.0923871,37.3991427],[127.0924635,37.3991555],[127.0924702,37.399131],[127.0926177,37.3991545],[127.0925963,37.3992258],[127.0925064,37.3992141],[127.0924877,37.3992855],[127.0925168,37.3992717],[127.092603,37.3993739],[127.0925011,37.3994272],[127.0924179,37.3993271],[127.0923602,37.3993196],[127.0922342,37.3993846]]]},"properties":{"names":{"primary":"1203","common":[["ko","1203"]],"rules":null},"sources":[{"property":"","dataset":"OpenStreetMap","license":"ODbL-1.0","record_id":"w463855405@3","update_time":"2026-04-20T10:40:29.000Z","confidence":null,"between":null,"provider":"osm","resource":"planet","version":"2026-08-02T00:00:00.000Z"}],"height":47.0,"is_underground":false,"num_floors":15,"subtype":"residential","class":"apartments","has_parts":false,"version":2}},
{"id":"c6dfbb2c-92b2-42d5-8a13-3379bbebf506","type":"Feature","geometry":{"type":"Polygon","coordinates":[[[127.0915472,37.3995631],[127.0916096,37.3995377],[127.0916884,37.3995053],[127.0917139,37.399435],[127.0916442,37.3994201],[127.0916737,37.3993519],[127.0918239,37.3993881],[127.0918165,37.3994084],[127.0918963,37.3994276],[127.0919044,37.3994073],[127.0920572,37.3994457],[127.0920304,37.3995096],[127.09195,37.3994894],[127.0919204,37.3995565],[127.0919697,37.399618],[127.0920049,37.3996656],[127.0918971,37.399716],[127.0918619,37.3996684],[127.0918293,37.3996215],[127.0918614,37.3996087],[127.0918293,37.3995671],[127.0917609,37.3995511],[127.0917086,37.3995714],[127.0917287,37.3996033],[127.0916681,37.3996281],[127.0916057,37.3996536],[127.0915472,37.3995631]]]},"properties":{"names":{"primary":"1205","common":[["ko","1205"]],"rules":null},"sources":[{"property":"","dataset":"OpenStreetMap","license":"ODbL-1.0","record_id":"r20510078@1","update_time":"2026-04-20T10:40:29.000Z","confidence":null,"between":null,"provider":"osm","resource":"planet","version":"2026-08-02T00:00:00.000Z"}],"height":47.0,"is_underground":false,"num_floors":15,"subtype":"residential","class":"apartments","has_parts":false,"version":2}},
{"id":"907cfe75-e7b9-43dd-877e-5a5bdd611057","type":"Feature","geometry":{"type":"Polygon","coordinates":[[[127.0917804,37.3995982],[127.0918395,37.3996698],[127.091738,37.3997226],[127.091679,37.399651],[127.0917804,37.3995982]]]},"properties":{"sources":[{"property":"","dataset":"doi:10.5281/zenodo.8174931","license":null,"record_id":null,"update_time":"2024-11-01T00:00:00.000Z","confidence":null,"between":null,"provider":"zenodo","resource":"east_asian_buildings","version":"2024-11-01"}],"is_underground":false,"has_parts":false,"version":1}},
{"id":"f41ab6c8-09fc-4dfa-96a2-eccb87fabc2b","type":"Feature","geometry":{"type":"Polygon","coordinates":[[[127.091447,37.3990442],[127.0913799,37.3989526],[127.0915093,37.3988982],[127.0915264,37.3989206],[127.0915435,37.3988492],[127.091447,37.3988354],[127.0914657,37.3987587],[127.0916052,37.3987789],[127.0915998,37.3988023],[127.0916763,37.3988151],[127.091683,37.3987906],[127.0918305,37.3988141],[127.0918091,37.3988854],[127.0917192,37.3988737],[127.0917004,37.3989451],[127.0917296,37.3989313],[127.0918158,37.3990335],[127.0917138,37.3990868],[127.0916307,37.3989867],[127.091573,37.3989792],[127.091447,37.3990442]]]},"properties":{"names":{"primary":"1204","common":[["ko","1204"]],"rules":null},"sources":[{"property":"","dataset":"OpenStreetMap","license":"ODbL-1.0","record_id":"w463855404@3","update_time":"2026-04-20T10:40:29.000Z","confidence":null,"between":null,"provider":"osm","resource":"planet","version":"2026-08-02T00:00:00.000Z"}],"height":47.0,"is_underground":false,"num_floors":15,"subtype":"residential","class":"apartments","has_parts":false,"version":2}},
{"id":"9ae57aee-ccb0-4bf7-9fab-862ecd57d72b","type":"Feature","geometry":{"type":"Polygon","coordinates":[[[127.0946528,37.3986004],[127.0949256,37.3987354],[127.0952322,37.3988884],[127.0951679,37.3989672],[127.0948637,37.3988186],[127.0945496,37.3986613],[127.0945722,37.3986308],[127.0945577,37.3986236],[127.0945934,37.3985765],[127.0946092,37.3985834],[127.0946198,37.3985726],[127.0946582,37.3985906],[127.0946528,37.3986004]]]},"properties":{"names":{"primary":"1101","common":[["ko","1101"]],"rules":null},"sources":[{"property":"","dataset":"OpenStreetMap","license":"ODbL-1.0","record_id":"r20510169@1","update_time":"2026-04-20T10:44:56.000Z","confidence":null,"between":null,"provider":"osm","resource":"planet","version":"2026-08-02T00:00:00.000Z"}],"height":47.0,"is_underground":false,"num_floors":15,"subtype":"residential","class":"apartments","has_parts":false,"version":2}},
{"id":"f833e884-0ad6-481d-b1bb-7b66136f53a3","type":"Feature","geometry":{"type":"Polygon","coordinates":[[[127.093965,37.3991021],[127.0938956,37.3990116],[127.0940236,37.3989552],[127.0940413,37.3989773],[127.0940566,37.3989056],[127.0939597,37.3988933],[127.0939765,37.3988163],[127.0941165,37.3988344],[127.0941117,37.3988579],[127.0941884,37.3988694],[127.0941945,37.3988448],[127.0943426,37.3988659],[127.094323,37.398937599999996],[127.0942328,37.3989273],[127.0942159,37.398999],[127.0942447,37.3989847],[127.0943334,37.3990856],[127.0942329,37.3991405],[127.0941472,37.3990417],[127.0940894,37.3990351],[127.093965,37.3991021]]]},"properties":{"names":{"primary":"1112","common":[["ko","1112"]],"rules":null},"sources":[{"property":"","dataset":"OpenStreetMap","license":"ODbL-1.0","record_id":"w463855429@3","update_time":"2026-04-20T10:44:56.000Z","confidence":null,"between":null,"provider":"osm","resource":"planet","version":"2026-08-02T00:00:00.000Z"}],"height":47.0,"is_underground":false,"num_floors":15,"subtype":"residential","class":"apartments","has_parts":false,"version":2}},
{"id":"669978f5-5a41-4262-a867-92e07e55858f","type":"Feature","geometry":{"type":"Polygon","coordinates":[[[127.094789,37.3993619],[127.0947528,37.3993438],[127.0945476,37.3993811],[127.0945167,37.3992746],[127.0948051,37.3992234],[127.0948507,37.399216],[127.0948547,37.3992341],[127.0948708,37.399232],[127.0948788,37.3992682],[127.0948453,37.3992735],[127.0948547,37.3993204],[127.0948976,37.3993417],[127.0949057,37.3993321],[127.0950036,37.3993822],[127.0949419,37.3994653],[127.0948098,37.3994014],[127.0948198,37.3993875],[127.0947836,37.3993694],[127.094789,37.3993619]]]},"properties":{"names":{"primary":"1113","common":[["ko","1113"]],"rules":null},"sources":[{"property":"","dataset":"OpenStreetMap","license":"ODbL-1.0","record_id":"r20510167@1","update_time":"2026-04-20T10:44:56.000Z","confidence":null,"between":null,"provider":"osm","resource":"planet","version":"2026-08-02T00:00:00.000Z"}],"height":32.0,"is_underground":false,"num_floors":10,"subtype":"residential","class":"apartments","has_parts":false,"version":2}},
{"id":"deab0baa-8e59-4f90-bcbf-9b92a4f181e8","type":"Feature","geometry":{"type":"Polygon","coordinates":[[[127.0933489,37.3999695],[127.0932896,37.39988],[127.093417,37.3998278],[127.0934425,37.3998598],[127.0934747,37.3998438],[127.0934828,37.3998203],[127.0934479,37.3998129],[127.0934519,37.3998012],[127.0934157,37.3997937],[127.0934237,37.3997713],[127.0933701,37.3997607],[127.0933969,37.3996872],[127.093523,37.3997117],[127.0935163,37.399733],[127.0935793,37.3997458],[127.093586,37.3997255],[127.0937228,37.3997532],[127.0936967,37.3998251],[127.0936514,37.3998174],[127.0936435,37.3998391],[127.0936087,37.3998319],[127.0936057,37.3998425],[127.0935751,37.3998373],[127.0935679,37.3998618],[127.0935843,37.3998922],[127.0936214,37.399876],[127.0936942,37.3999723],[127.0935851,37.4000199],[127.0935105,37.3999164],[127.0934832,37.399912],[127.0933489,37.3999695]]]},"properties":{"names":{"primary":"1202","common":[["ko","1202"]],"rules":null},"sources":[{"property":"","dataset":"OpenStreetMap","license":"ODbL-1.0","record_id":"w463855410@3","update_time":"2026-04-20T10:40:29.000Z","confidence":null,"between":null,"provider":"osm","resource":"planet","version":"2026-08-02T00:00:00.000Z"}],"height":47.0,"is_underground":false,"num_floors":15,"subtype":"residential","class":"apartments","has_parts":false,"version":2}},
{"id":"d584ba41-1096-45b8-a4fc-330e8eee3872","type":"Feature","geometry":{"type":"Polygon","coordinates":[[[127.0946212,37.4007439],[127.0944016,37.4006359],[127.094387,37.4006033],[127.0944929,37.4004674],[127.0945685,37.4005046],[127.0945439,37.4005363],[127.0946664,37.4005965],[127.0946214,37.4006543],[127.0946718,37.4006791],[127.0946212,37.4007439]]]},"properties":{"sources":[{"property":"","dataset":"OpenStreetMap","license":"ODbL-1.0","record_id":"w987627967@3","update_time":"2025-01-12T00:47:47.000Z","confidence":null,"between":null,"provider":"osm","resource":"planet","version":"2026-08-02T00:00:00.000Z"}],"is_underground":false,"subtype":"commercial","class":"commercial","has_parts":false,"version":1}},
{"id":"cf9ffdd2-b763-4cbb-b9db-89921e130fd4","type":"Feature","geometry":{"type":"Polygon","coordinates":[[[127.0946033,37.4005038],[127.0945027,37.4004544],[127.0946226,37.4003007],[127.0948019,37.4003889],[127.0947675,37.400433],[127.0948291,37.4004633],[127.0947648,37.4005458],[127.0946244,37.4004767],[127.0946033,37.4005038]]]},"properties":{"sources":[{"property":"","dataset":"OpenStreetMap","license":"ODbL-1.0","record_id":"w987627968@3","update_time":"2025-01-12T00:47:47.000Z","confidence":null,"between":null,"provider":"osm","resource":"planet","version":"2026-08-02T00:00:00.000Z"}],"is_underground":false,"subtype":"commercial","class":"commercial","has_parts":false,"version":1}},
{"id":"fd7a084c-fcc6-4c80-9a51-4b28922b3416","type":"Feature","geometry":{"type":"Polygon","coordinates":[[[127.0947214,37.4003316],[127.0946288,37.400286],[127.0947508,37.4001296],[127.0950016,37.400253],[127.0949035,37.4003789],[127.0947452,37.400301],[127.0947214,37.4003316]]]},"properties":{"sources":[{"property":"","dataset":"OpenStreetMap","license":"ODbL-1.0","record_id":"w987627969@3","update_time":"2025-01-12T00:47:47.000Z","confidence":null,"between":null,"provider":"osm","resource":"planet","version":"2026-08-02T00:00:00.000Z"}],"is_underground":false,"subtype":"commercial","class":"commercial","has_parts":false,"version":1}},
{"id":"9a5d695a-223f-49b7-89dd-6f7cf8fdf758","type":"Feature","geometry":{"type":"Polygon","coordinates":[[[127.0940259,37.4000925],[127.0938207,37.4001298],[127.0937899,37.4000233],[127.0940782,37.3999722],[127.0941238,37.3999647],[127.0941278,37.3999828],[127.0941439,37.3999807],[127.094152,37.4000169],[127.0941184,37.4000222],[127.0941278,37.4000691],[127.0941707,37.4000904],[127.0941788,37.4000808],[127.0942767,37.4001309],[127.094215,37.400214],[127.0940829,37.4001501],[127.094093,37.4001362],[127.0940567,37.4001181],[127.0940621,37.4001107],[127.0940259,37.4000925]]]},"properties":{"names":{"primary":"1201","common":[["ko","1201"]],"rules":null},"sources":[{"property":"","dataset":"OpenStreetMap","license":"ODbL-1.0","record_id":"r20510080@1","update_time":"2026-04-20T10:40:29.000Z","confidence":null,"between":null,"provider":"osm","resource":"planet","version":"2026-08-02T00:00:00.000Z"}],"height":32.0,"is_underground":false,"num_floors":10,"subtype":"residential","class":"apartments","has_parts":false,"version":2}},
{"id":"ff4fb9d1-6089-4751-a500-aa278b95e060","type":"Feature","geometry":{"type":"Polygon","coordinates":[[[127.0953475,37.3998462],[127.0953117,37.3998919],[127.0952391,37.3999062],[127.0950544,37.3998147],[127.0950507,37.3997539],[127.0951331,37.3996489],[127.0953512,37.399757],[127.0952997,37.3998225],[127.0953475,37.3998462]]]},"properties":{"sources":[{"property":"","dataset":"OpenStreetMap","license":"ODbL-1.0","record_id":"w987628083@3","update_time":"2025-01-12T00:47:47.000Z","confidence":null,"between":null,"provider":"osm","resource":"planet","version":"2026-08-02T00:00:00.000Z"}],"is_underground":false,"subtype":"commercial","class":"commercial","has_parts":false,"version":1}},
{"id":"8aa7a7fa-59e7-4357-854c-7012447f1b90","type":"Feature","geometry":{"type":"Polygon","coordinates":[[[127.0958495,37.4000224],[127.0957513,37.4001475],[127.0954625,37.4000045],[127.0955607,37.3998794],[127.0958495,37.4000224]]]},"properties":{"sources":[{"property":"","dataset":"OpenStreetMap","license":"ODbL-1.0","record_id":"w987628082@3","update_time":"2025-01-12T00:47:47.000Z","confidence":null,"between":null,"provider":"osm","resource":"planet","version":"2026-08-02T00:00:00.000Z"}],"is_underground":false,"subtype":"commercial","class":"commercial","has_parts":false,"version":1}},
{"id":"22000dfc-10b4-4945-939e-29b8e1c5df1d","type":"Feature","geometry":{"type":"Polygon","coordinates":[[[127.095038,37.4009295],[127.0947696,37.4007974],[127.0951384,37.4003244],[127.0954068,37.4004564],[127.0952427,37.4006669],[127.0951139,37.400832],[127.095038,37.4009295]]]},"properties":{"sources":[{"property":"","dataset":"OpenStreetMap","license":"ODbL-1.0","record_id":"w987627970@3","update_time":"2025-01-12T00:47:47.000Z","confidence":null,"between":null,"provider":"osm","resource":"planet","version":"2026-08-02T00:00:00.000Z"}],"is_underground":false,"subtype":"commercial","class":"commercial","has_parts":false,"version":1}},
{"id":"c48ee289-0f8b-4abb-b290-7dac5e9602a7","type":"Feature","geometry":{"type":"Polygon","coordinates":[[[127.0960822,37.4003206],[127.095935,37.4002477],[127.0960196,37.4001399],[127.0961894,37.400224],[127.0961281,37.4003021],[127.0960822,37.4003206]]]},"properties":{"sources":[{"property":"","dataset":"OpenStreetMap","license":"ODbL-1.0","record_id":"w987628080@3","update_time":"2025-01-12T00:47:47.000Z","confidence":null,"between":null,"provider":"osm","resource":"planet","version":"2026-08-02T00:00:00.000Z"}],"is_underground":false,"subtype":"commercial","class":"commercial","has_parts":false,"version":1}},
{"id":"ec6d4d1e-5b4b-4cbe-9a75-51af5ef14658","type":"Feature","geometry":{"type":"Polygon","coordinates":[[[127.0967818,37.4005678],[127.0967428,37.4006156],[127.0966021,37.4005432],[127.0966157,37.4005265],[127.0966537,37.400546],[127.0966876,37.4005044],[127.0966497,37.4004849],[127.0966899,37.4004355],[127.0968306,37.4005079],[127.0967972,37.4005488],[127.0967687,37.4005342],[127.0967533,37.4005531],[127.0967818,37.4005678]]]},"properties":{"sources":[{"property":"","dataset":"OpenStreetMap","license":"ODbL-1.0","record_id":"w987627993@3","update_time":"2025-01-12T00:47:47.000Z","confidence":null,"between":null,"provider":"osm","resource":"planet","version":"2026-08-02T00:00:00.000Z"}],"is_underground":false,"has_parts":false,"version":1}},
{"id":"00f0eabf-be3f-4aa0-a95d-d33a59ff5066","type":"Feature","geometry":{"type":"Polygon","coordinates":[[[127.0966477,37.4003874],[127.0965558,37.4005001],[127.096472,37.400457],[127.0965639,37.4003443],[127.0966477,37.4003874]]]},"properties":{"sources":[{"property":"","dataset":"OpenStreetMap","license":"ODbL-1.0","record_id":"w987627992@3","update_time":"2025-01-12T00:47:47.000Z","confidence":null,"between":null,"provider":"osm","resource":"planet","version":"2026-08-02T00:00:00.000Z"}],"is_underground":false,"has_parts":false,"version":1}},
{"id":"b5794b66-ffcb-4842-bdfb-55e28454218c","type":"Feature","geometry":{"type":"Polygon","coordinates":[[[127.0965099,37.4003327],[127.0964267,37.4004347],[127.096308,37.4003736],[127.0963911,37.4002716],[127.0965099,37.4003327]]]},"properties":{"sources":[{"property":"","dataset":"OpenStreetMap","license":"ODbL-1.0","record_id":"w987627991@4","update_time":"2025-01-12T00:47:47.000Z","confidence":null,"between":null,"provider":"osm","resource":"planet","version":"2026-08-02T00:00:00.000Z"}],"is_underground":false,"subtype":"residential","class":"house","has_parts":false,"version":1}},
{"id":"97cbe443-b8bd-486a-bb4d-d6dfc4aebf32","type":"Feature","geometry":{"type":"Polygon","coordinates":[[[127.0965535,37.4002551],[127.0964386,37.400196],[127.0965371,37.4000753],[127.0965935,37.4001044],[127.0965238,37.40019],[127.0965821,37.40022],[127.0965535,37.4002551]]]},"properties":{"sources":[{"property":"","dataset":"OpenStreetMap","license":"ODbL-1.0","record_id":"w987628015@4","update_time":"2025-01-12T00:47:47.000Z","confidence":null,"between":null,"provider":"osm","resource":"planet","version":"2026-08-02T00:00:00.000Z"}],"is_underground":false,"subtype":"residential","class":"house","has_parts":false,"version":1}},
{"id":"41946adc-4f52-4d16-9c33-53a33c9e5201","type":"Feature","geometry":{"type":"Polygon","coordinates":[[[127.0960103,37.4001262],[127.0959216,37.4002392],[127.0957721,37.4001651],[127.0958607,37.4000522],[127.0960103,37.4001262]]]},"properties":{"sources":[{"property":"","dataset":"OpenStreetMap","license":"ODbL-1.0","record_id":"w987628081@3","update_time":"2025-01-12T00:47:47.000Z","confidence":null,"between":null,"provider":"osm","resource":"planet","version":"2026-08-02T00:00:00.000Z"}],"is_underground":false,"subtype":"commercial","class":"commercial","has_parts":false,"version":1}},
{"id":"06fd8f87-1426-47cb-b4d0-6f6acb908e7d","type":"Feature","geometry":{"type":"Polygon","coordinates":[[[127.0963726,37.4000101],[127.0963053,37.4000958],[127.0962611,37.4001073],[127.0961273,37.400041],[127.0961196,37.4000007],[127.0961519,37.3999596],[127.096194,37.3999804],[127.0962272,37.3999381],[127.0963726,37.4000101]]]},"properties":{"sources":[{"property":"","dataset":"OpenStreetMap","license":"ODbL-1.0","record_id":"w987628079@3","update_time":"2025-01-12T00:47:47.000Z","confidence":null,"between":null,"provider":"osm","resource":"planet","version":"2026-08-02T00:00:00.000Z"}],"is_underground":false,"subtype":"commercial","class":"commercial","has_parts":false,"version":1}},
{"id":"91c5074a-170f-4d3b-b4c8-a45347125e44","type":"Feature","geometry":{"type":"Polygon","coordinates":[[[127.0959823,37.3999624],[127.0956118,37.3997789],[127.0958318,37.3994987],[127.0962061,37.3996841],[127.0962173,37.3997334],[127.0960431,37.3999555],[127.0959823,37.3999624]]]},"properties":{"sources":[{"property":"","dataset":"OpenStreetMap","license":"ODbL-1.0","record_id":"w987628086@3","update_time":"2025-01-12T00:47:47.000Z","confidence":null,"between":null,"provider":"osm","resource":"planet","version":"2026-08-02T00:00:00.000Z"}],"is_underground":false,"subtype":"commercial","class":"commercial","has_parts":false,"version":1}},
{"id":"db4b4dbf-62b9-4ed0-b8d9-e2bed88e4843","type":"Feature","geometry":{"type":"Polygon","coordinates":[[[127.0963193,37.3997596],[127.096356,37.3997777],[127.0963709,37.3997587],[127.0964834,37.3998144],[127.0964685,37.3998335],[127.0964993,37.3998487],[127.0964111,37.3999611],[127.0963164,37.3999142],[127.0963562,37.3998634],[127.096271,37.3998212],[127.0963193,37.3997596]]]},"properties":{"sources":[{"property":"","dataset":"OpenStreetMap","license":"ODbL-1.0","record_id":"w987628078@3","update_time":"2025-01-12T00:47:47.000Z","confidence":null,"between":null,"provider":"osm","resource":"planet","version":"2026-08-02T00:00:00.000Z"}],"is_underground":false,"subtype":"commercial","class":"commercial","has_parts":false,"version":1}},
{"id":"782edeb3-be5c-4643-b25c-f8674dde7a94","type":"Feature","geometry":{"type":"Polygon","coordinates":[[[127.0960589,37.3993969],[127.096174,37.399253],[127.0964833,37.3994092],[127.0963682,37.3995531],[127.0960589,37.3993969]]]},"properties":{"sources":[{"property":"","dataset":"OpenStreetMap","license":"ODbL-1.0","record_id":"w987628227@1","update_time":"2021-09-28T08:03:06.000Z","confidence":null,"between":null,"provider":"osm","resource":"planet","version":"2026-08-02T00:00:00.000Z"}],"is_underground":false,"subtype":"education","class":"school","has_parts":false,"version":1}},
{"id":"ac5d98b4-ee90-4ab3-8ad1-195baa74956a","type":"Feature","geometry":{"type":"Polygon","coordinates":[[[127.0954358,37.3996729],[127.0953852,37.3997374],[127.0951469,37.3996193],[127.0952792,37.3994508],[127.0955175,37.3995688],[127.0954742,37.399624],[127.0953053,37.3995403],[127.0952669,37.3995892],[127.0954358,37.3996729]]]},"properties":{"sources":[{"property":"","dataset":"OpenStreetMap","license":"ODbL-1.0","record_id":"w987628084@3","update_time":"2025-01-12T00:47:47.000Z","confidence":null,"between":null,"provider":"osm","resource":"planet","version":"2026-08-02T00:00:00.000Z"}],"is_underground":false,"subtype":"commercial","class":"commercial","has_parts":false,"version":1}},
{"id":"543654c4-87ad-4774-a619-5c2b117cc5bb","type":"Feature","geometry":{"type":"Polygon","coordinates":[[[127.0954072,37.3993169],[127.0954237,37.3993251],[127.0954495,37.3992923],[127.0956454,37.3993893],[127.0956197,37.3994222],[127.0956519,37.3994382],[127.0955877,37.39952],[127.0953429,37.3993988],[127.0954072,37.3993169]]]},"properties":{"sources":[{"property":"","dataset":"OpenStreetMap","license":"ODbL-1.0","record_id":"w987628085@3","update_time":"2025-01-12T00:47:47.000Z","confidence":null,"between":null,"provider":"osm","resource":"planet","version":"2026-08-02T00:00:00.000Z"}],"is_underground":false,"subtype":"commercial","class":"commercial","has_parts":false,"version":1}},
{"id":"8be484a1-10f8-413a-bae4-a9ffaa9244d3","type":"Feature","geometry":{"type":"Polygon","coordinates":[[[127.0961213,37.3992264],[127.0961472,37.3992395],[127.0960547,37.3993551],[127.0959108,37.3992825],[127.0959325,37.3992554],[127.0958717,37.3992248],[127.0958275,37.3992801],[127.0956655,37.3991983],[127.0957806,37.3990544],[127.0960934,37.3992124],[127.096194,37.3990866],[127.0960853,37.3990317],[127.0961109,37.3989996],[127.0959525,37.3989196],[127.0960236,37.3988307],[127.0966874,37.3991659],[127.0966163,37.3992547],[127.0963822,37.3991365],[127.0963387,37.3991908],[127.096239,37.3991405],[127.0962567,37.3991183],[127.0962219,37.3991007],[127.0961213,37.3992264]]]},"properties":{"sources":[{"property":"","dataset":"OpenStreetMap","license":"ODbL-1.0","record_id":"w987628226@1","update_time":"2021-09-28T08:03:06.000Z","confidence":null,"between":null,"provider":"osm","resource":"planet","version":"2026-08-02T00:00:00.000Z"}],"is_underground":false,"subtype":"education","class":"school","has_parts":false,"version":1}},
{"id":"734de7e5-3c73-48a4-b650-5d749d90dc1b","type":"Feature","geometry":{"type":"Polygon","coordinates":[[[127.0967032,37.3982354],[127.0967987,37.3983087],[127.0967398,37.3983571],[127.0966637,37.3983548],[127.0965432,37.398282],[127.096618,37.3982205],[127.0967032,37.3982354]]]},"properties":{"sources":[{"property":"","dataset":"OpenStreetMap","license":"ODbL-1.0","record_id":"w987628091@3","update_time":"2025-01-12T00:47:47.000Z","confidence":null,"between":null,"provider":"osm","resource":"planet","version":"2026-08-02T00:00:00.000Z"}],"is_underground":false,"has_parts":false,"version":1}},
{"id":"d5dd5aa3-0f6b-4cc6-ab67-bc36bde52b5a","type":"Feature","geometry":{"type":"Polygon","coordinates":[[[127.0954763,37.3977676],[127.095703,37.3979487],[127.0959511,37.3981447],[127.0958679,37.3982129],[127.0956225,37.3980147],[127.0953583,37.397808],[127.0953891,37.3977825],[127.0953771,37.3977729],[127.0954253,37.3977335],[127.0954388,37.397743],[127.0954522,37.3977345],[127.0954844,37.397759],[127.0954763,37.3977676]]]},"properties":{"names":{"primary":"1103","common":[["ko","1103"]],"rules":null},"sources":[{"property":"","dataset":"OpenStreetMap","license":"ODbL-1.0","record_id":"r20510170@1","update_time":"2026-04-20T10:44:56.000Z","confidence":null,"between":null,"provider":"osm","resource":"planet","version":"2026-08-02T00:00:00.000Z"}],"height":38.0,"is_underground":false,"num_floors":12,"subtype":"residential","class":"apartments","has_parts":false,"version":1}},
{"id":"c6fdda22-7fba-4146-963a-9d88e72abbe2","type":"Feature","geometry":{"type":"Polygon","coordinates":[[[127.0950261,37.3981677],[127.0952691,37.3983355],[127.095549,37.3985195],[127.0954735,37.3985937],[127.0951963,37.3984054],[127.0949122,37.398215],[127.0949405,37.3981877],[127.0949276,37.3981789],[127.0949721,37.3981367],[127.0949863,37.3981455],[127.0949989,37.3981362],[127.0950333,37.3981587],[127.0950261,37.3981677]]]},"properties":{"names":{"primary":"1102","common":[["ko","1102"]],"rules":null},"sources":[{"property":"","dataset":"OpenStreetMap","license":"ODbL-1.0","record_id":"r20510168@1","update_time":"2026-04-20T10:44:56.000Z","confidence":null,"between":null,"provider":"osm","resource":"planet","version":"2026-08-02T00:00:00.000Z"}],"height":47.0,"is_underground":false,"num_floors":15,"subtype":"residential","class":"apartments","has_parts":false,"version":2}},
{"id":"1c4a811e-ae9e-41df-bb1b-86693638b448","type":"Feature","geometry":{"type":"Polygon","coordinates":[[[127.0947958,37.3982295],[127.094713,37.3981669],[127.0948115,37.3980846],[127.0948943,37.3981473],[127.0947958,37.3982295]]]},"properties":{"sources":[{"property":"","dataset":"doi:10.5281/zenodo.8174931","license":null,"record_id":null,"update_time":"2024-11-01T00:00:00.000Z","confidence":null,"between":null,"provider":"zenodo","resource":"east_asian_buildings","version":"2024-11-01"}],"is_underground":false,"has_parts":false,"version":1}},
{"id":"e0d99698-ba79-4442-b12f-078fe172f275","type":"Feature","geometry":{"type":"Polygon","coordinates":[[[127.0938344,37.3983606],[127.0937323,37.3982924],[127.093831,37.3982065],[127.0938566,37.398223],[127.0938424,37.3981512],[127.0937456,37.3981641],[127.0937306,37.3980869],[127.0938705,37.3980685],[127.0938754,37.398092],[127.0939528,37.3980835],[127.0939487,37.3980586],[127.0940975,37.3980411],[127.0941077,37.398114],[127.0940181,37.3981271],[127.0940308,37.3981993],[127.0940524,37.3981785],[127.094177,37.3982516],[127.0941037,37.3983291],[127.0939829,37.3982571],[127.0939254,37.3982656],[127.0938344,37.3983606]]]},"properties":{"names":{"primary":"1110","common":[["ko","1110"]],"rules":null},"sources":[{"property":"","dataset":"OpenStreetMap","license":"ODbL-1.0","record_id":"w463855436@3","update_time":"2026-04-20T10:44:56.000Z","confidence":null,"between":null,"provider":"osm","resource":"planet","version":"2026-08-02T00:00:00.000Z"}],"height":47.0,"is_underground":false,"num_floors":15,"subtype":"residential","class":"apartments","has_parts":false,"version":2}},
{"id":"53f720f2-d57e-42c5-92db-9695e0b17ab7","type":"Feature","geometry":{"type":"Polygon","coordinates":[[[127.0932998,37.3987728],[127.0932305,37.3986823],[127.0933585,37.3986259],[127.0933761,37.398648],[127.0933914,37.3985763],[127.0932945,37.398564],[127.0933114,37.398487],[127.0934513,37.3985051],[127.0934466,37.3985286],[127.0935233,37.3985401],[127.0935294,37.3985155],[127.0936775,37.3985366],[127.0936578,37.3986083],[127.0935677,37.398598],[127.0935507,37.3986697],[127.0935795,37.3986554],[127.0936683,37.3987563],[127.0935677,37.3988112],[127.0934821,37.3987124],[127.0934242,37.3987058],[127.0932998,37.3987728]]]},"properties":{"names":{"primary":"1111","common":[["ko","1111"]],"rules":null},"sources":[{"property":"","dataset":"OpenStreetMap","license":"ODbL-1.0","record_id":"w463855427@3","update_time":"2026-04-20T10:44:56.000Z","confidence":null,"between":null,"provider":"osm","resource":"planet","version":"2026-08-02T00:00:00.000Z"}],"height":47.0,"is_underground":false,"num_floors":15,"subtype":"residential","class":"apartments","has_parts":false,"version":2}},
{"id":"07bcf53b-d837-4d9a-9697-799e50d5f2b9","type":"Feature","geometry":{"type":"Polygon","coordinates":[[[127.0929822,37.398101],[127.0925048,37.3976919],[127.0926496,37.3974788],[127.092993,37.3973168],[127.0930895,37.3971762],[127.0932183,37.3971421],[127.0932451,37.3974234],[127.0935294,37.3977984],[127.0932344,37.3982161],[127.0929822,37.398101]]]},"properties":{"names":{"primary":"영운정사","common":[["ko","영운정사"]],"rules":null},"sources":[{"property":"","dataset":"OpenStreetMap","license":"ODbL-1.0","record_id":"w468618640@3","update_time":"2023-02-12T11:34:22.000Z","confidence":null,"between":null,"provider":"osm","resource":"planet","version":"2026-08-02T00:00:00.000Z"}],"is_underground":false,"subtype":"religious","has_parts":false,"version":1}},
{"id":"c9ae9998-7070-4d34-a3b0-84653dd6bead","type":"Feature","geometry":{"type":"Polygon","coordinates":[[[127.0976745,37.3980461],[127.0975712,37.3979976],[127.0976382,37.3979076],[127.097692,37.3979329],[127.097714,37.3979034],[127.0977635,37.3979267],[127.0976745,37.3980461]]]},"properties":{"sources":[{"property":"","dataset":"OpenStreetMap","license":"ODbL-1.0","record_id":"w987628125@3","update_time":"2025-01-12T00:47:47.000Z","confidence":null,"between":null,"provider":"osm","resource":"planet","version":"2026-08-02T00:00:00.000Z"}],"is_underground":false,"has_parts":false,"version":1}},
{"id":"e3f61409-5d79-47f0-9003-764e243bf817","type":"Feature","geometry":{"type":"Polygon","coordinates":[[[127.0972264,37.397965],[127.0971548,37.3980226],[127.0970388,37.3979315],[127.0970811,37.3978975],[127.0971532,37.3978891],[127.097229,37.3979285],[127.0972264,37.397965]]]},"properties":{"sources":[{"property":"","dataset":"OpenStreetMap","license":"ODbL-1.0","record_id":"w987628095@3","update_time":"2025-01-12T00:47:47.000Z","confidence":null,"between":null,"provider":"osm","resource":"planet","version":"2026-08-02T00:00:00.000Z"}],"is_underground":false,"has_parts":false,"version":1}},
{"id":"2f92e073-46a3-467c-8e65-2b7ea901a112","type":"Feature","geometry":{"type":"Polygon","coordinates":[[[127.097016,37.3981116],[127.0968973,37.3980205],[127.0969802,37.3979523],[127.0970989,37.3980434],[127.097016,37.3981116]]]},"properties":{"sources":[{"property":"","dataset":"OpenStreetMap","license":"ODbL-1.0","record_id":"w987628094@3","update_time":"2025-01-12T00:47:47.000Z","confidence":null,"between":null,"provider":"osm","resource":"planet","version":"2026-08-02T00:00:00.000Z"}],"is_underground":false,"has_parts":false,"version":1}},
{"id":"8af6df95-31a2-4d4d-8bb9-2db55e7a872a","type":"Feature","geometry":{"type":"Polygon","coordinates":[[[127.0969985,37.3981456],[127.0969194,37.3982106],[127.0967813,37.3981047],[127.0968604,37.3980396],[127.0969985,37.3981456]]]},"properties":{"sources":[{"property":"","dataset":"OpenStreetMap","license":"ODbL-1.0","record_id":"w987628093@3","update_time":"2025-01-12T00:47:47.000Z","confidence":null,"between":null,"provider":"osm","resource":"planet","version":"2026-08-02T00:00:00.000Z"}],"is_underground":false,"has_parts":false,"version":1}},
{"id":"82875f3d-8809-4cda-91e5-adef7853d081","type":"Feature","geometry":{"type":"Polygon","coordinates":[[[127.0968943,37.3982304],[127.0968094,37.3983001],[127.0966817,37.3982021],[127.0967665,37.3981323],[127.0968943,37.3982304]]]},"properties":{"sources":[{"property":"","dataset":"OpenStreetMap","license":"ODbL-1.0","record_id":"w987628092@3","update_time":"2025-01-12T00:47:47.000Z","confidence":null,"between":null,"provider":"osm","resource":"planet","version":"2026-08-02T00:00:00.000Z"}],"is_underground":false,"has_parts":false,"version":1}},
{"id":"832caf7a-32c7-44c3-af9f-479f65f720b3","type":"Feature","geometry":{"type":"Polygon","coordinates":[[[127.0973842,37.3986407],[127.0973043,37.3985995],[127.0974172,37.3984611],[127.0976322,37.3985718],[127.0975194,37.3987102],[127.0974557,37.3986774],[127.0974953,37.3986289],[127.0974238,37.3985921],[127.0973842,37.3986407]]]},"properties":{"sources":[{"property":"","dataset":"OpenStreetMap","license":"ODbL-1.0","record_id":"w987628100@2","update_time":"2021-09-29T02:54:06.000Z","confidence":null,"between":null,"provider":"osm","resource":"planet","version":"2026-08-02T00:00:00.000Z"}],"is_underground":false,"subtype":"education","class":"kindergarten","has_parts":false,"version":1}},
{"id":"98457ab8-c0f3-4b47-b9f8-9bf465fbc1cd","type":"Feature","geometry":{"type":"Polygon","coordinates":[[[127.0982028,37.3981509],[127.0981063,37.3982692],[127.0980112,37.3982203],[127.0980959,37.3981164],[127.0981314,37.3981347],[127.0981432,37.3981202],[127.0982028,37.3981509]]]},"properties":{"sources":[{"property":"","dataset":"OpenStreetMap","license":"ODbL-1.0","record_id":"w987628112@4","update_time":"2025-01-12T00:47:47.000Z","confidence":null,"between":null,"provider":"osm","resource":"planet","version":"2026-08-02T00:00:00.000Z"}],"is_underground":false,"subtype":"residential","class":"house","has_parts":false,"version":1}},
{"id":"ceda451e-7137-4083-8910-3c0b91abc035","type":"Feature","geometry":{"type":"Polygon","coordinates":[[[127.0980487,37.3983954],[127.0979943,37.3984621],[127.0978686,37.3983974],[127.0979487,37.3982991],[127.0980472,37.3983498],[127.0980487,37.3983954]]]},"properties":{"sources":[{"property":"","dataset":"OpenStreetMap","license":"ODbL-1.0","record_id":"w987628103@4","update_time":"2025-01-12T00:47:47.000Z","confidence":null,"between":null,"provider":"osm","resource":"planet","version":"2026-08-02T00:00:00.000Z"}],"is_underground":false,"subtype":"residential","class":"house","has_parts":false,"version":1}},
{"id":"d2237f8d-6a41-4455-bb27-562c7f119e0f","type":"Feature","geometry":{"type":"Polygon","coordinates":[[[127.097946,37.3985178],[127.097885,37.3985926],[127.0977643,37.3985305],[127.0978253,37.3984557],[127.097946,37.3985178]]]},"properties":{"sources":[{"property":"","dataset":"OpenStreetMap","license":"ODbL-1.0","record_id":"w987628099@4","update_time":"2025-01-12T00:47:47.000Z","confidence":null,"between":null,"provider":"osm","resource":"planet","version":"2026-08-02T00:00:00.000Z"}],"is_underground":false,"subtype":"residential","class":"house","has_parts":false,"version":1}},
{"id":"d2a161ca-3041-4235-93d1-c050e076fe09","type":"Feature","geometry":{"type":"Polygon","coordinates":[[[127.0978578,37.398628],[127.0977838,37.3987188],[127.0976601,37.3986552],[127.0977039,37.3986014],[127.0977433,37.3986217],[127.0977735,37.3985846],[127.0978578,37.398628]]]},"properties":{"sources":[{"property":"","dataset":"OpenStreetMap","license":"ODbL-1.0","record_id":"w987628098@4","update_time":"2025-01-12T00:47:47.000Z","confidence":null,"between":null,"provider":"osm","resource":"planet","version":"2026-08-02T00:00:00.000Z"}],"is_underground":false,"subtype":"residential","class":"house","has_parts":false,"version":1}},
{"id":"eb822786-6e4d-409c-9361-fd3783aeb8ff","type":"Feature","geometry":{"type":"Polygon","coordinates":[[[127.0980573,37.3985755],[127.0980398,37.3985971],[127.0981239,37.3986403],[127.0980533,37.3987268],[127.0979399,37.3986684],[127.098028,37.3985604],[127.0980573,37.3985755]]]},"properties":{"sources":[{"property":"","dataset":"OpenStreetMap","license":"ODbL-1.0","record_id":"w987628104@3","update_time":"2025-01-12T00:47:47.000Z","confidence":null,"between":null,"provider":"osm","resource":"planet","version":"2026-08-02T00:00:00.000Z"}],"is_underground":false,"has_parts":false,"version":1}},
{"id":"5fbbdf07-3275-4d21-b9fa-f32f1c132624","type":"Feature","geometry":{"type":"Polygon","coordinates":[[[127.0980374,37.399603],[127.0979547,37.3997043],[127.0978526,37.3996518],[127.0979353,37.3995504],[127.0980374,37.399603]]]},"properties":{"sources":[{"property":"","dataset":"OpenStreetMap","license":"ODbL-1.0","record_id":"w987628048@3","update_time":"2025-01-12T00:47:47.000Z","confidence":null,"between":null,"provider":"osm","resource":"planet","version":"2026-08-02T00:00:00.000Z"}],"is_underground":false,"has_parts":false,"version":1}},
{"id":"cf13e51b-4166-4673-924d-d2bd37a4201e","type":"Feature","geometry":{"type":"Polygon","coordinates":[[[127.097905,37.3995377],[127.0978247,37.3996362],[127.0977169,37.3995807],[127.0977972,37.3994822],[127.097905,37.3995377]]]},"properties":{"sources":[{"property":"","dataset":"OpenStreetMap","license":"ODbL-1.0","record_id":"w987628047@3","update_time":"2025-01-12T00:47:47.000Z","confidence":null,"between":null,"provider":"osm","resource":"planet","version":"2026-08-02T00:00:00.000Z"}],"is_underground":false,"has_parts":false,"version":1}},
{"id":"8ddbdc62-4729-4ffc-befa-a5243c371f8e","type":"Feature","geometry":{"type":"Polygon","coordinates":[[[127.0981724,37.3994378],[127.0980801,37.3995509],[127.0979718,37.3994952],[127.098064,37.3993821],[127.0981724,37.3994378]]]},"properties":{"sources":[{"property":"","dataset":"OpenStreetMap","license":"ODbL-1.0","record_id":"w987628064@3","update_time":"2025-01-12T00:47:47.000Z","confidence":null,"between":null,"provider":"osm","resource":"planet","version":"2026-08-02T00:00:00.000Z"}],"is_underground":false,"has_parts":false,"version":1}},
{"id":"8653da30-7882-4ab8-a065-262cd9785d51","type":"Feature","geometry":{"type":"Polygon","coordinates":[[[127.0979413,37.3994876],[127.0978273,37.3994289],[127.0979138,37.3993229],[127.0980278,37.3993815],[127.0979413,37.3994876]]]},"properties":{"sources":[{"property":"","dataset":"OpenStreetMap","license":"ODbL-1.0","record_id":"w987628063@3","update_time":"2025-01-12T00:47:47.000Z","confidence":null,"between":null,"provider":"osm","resource":"planet","version":"2026-08-02T00:00:00.000Z"}],"is_underground":false,"has_parts":false,"version":1}},
{"id":"dab0d6c9-1386-4038-ab28-5e08424a9897","type":"Feature","geometry":{"type":"Polygon","coordinates":[[[127.0981554,37.3992184],[127.0980654,37.3993288],[127.0979445,37.3992666],[127.0980188,37.3991755],[127.09807,37.3991744],[127.0981554,37.3992184]]]},"properties":{"sources":[{"property":"","dataset":"OpenStreetMap","license":"ODbL-1.0","record_id":"w987628066@3","update_time":"2025-01-12T00:47:47.000Z","confidence":null,"between":null,"provider":"osm","resource":"planet","version":"2026-08-02T00:00:00.000Z"}],"is_underground":false,"has_parts":false,"version":1}},
{"id":"b18cdbc7-150a-4d20-8736-df80a6b021eb","type":"Feature","geometry":{"type":"Polygon","coordinates":[[[127.0981684,37.3988258],[127.0980862,37.3989266],[127.0979798,37.3988719],[127.098062,37.398771],[127.0981684,37.3988258]]]},"properties":{"sources":[{"property":"","dataset":"OpenStreetMap","license":"ODbL-1.0","record_id":"w987628102@3","update_time":"2025-01-12T00:47:47.000Z","confidence":null,"between":null,"provider":"osm","resource":"planet","version":"2026-08-02T00:00:00.000Z"}],"is_underground":false,"has_parts":false,"version":1}},
{"id":"21e81015-9e0c-44d3-b3dc-221934e3f71f","type":"Feature","geometry":{"type":"Polygon","coordinates":[[[127.09803,37.3987552],[127.0979454,37.3988589],[127.0978313,37.3988002],[127.0979159,37.3986965],[127.0979602,37.3987193],[127.0979192,37.3987695],[127.0979451,37.3987828],[127.0979861,37.3987326],[127.09803,37.3987552]]]},"properties":{"sources":[{"property":"","dataset":"OpenStreetMap","license":"ODbL-1.0","record_id":"w987628101@3","update_time":"2025-01-12T00:47:47.000Z","confidence":null,"between":null,"provider":"osm","resource":"planet","version":"2026-08-02T00:00:00.000Z"}],"is_underground":false,"has_parts":false,"version":1}},
{"id":"dcf1f75c-fd31-4b4b-a2e6-e2c5ab924c41","type":"Feature","geometry":{"type":"Polygon","coordinates":[[[127.097818,37.3988183],[127.0980647,37.3989452],[127.0980144,37.3990069],[127.0979568,37.399017],[127.0977808,37.3989264],[127.0977681,37.3988794],[127.097818,37.3988183]]]},"properties":{"sources":[{"property":"","dataset":"OpenStreetMap","license":"ODbL-1.0","record_id":"w987628096@3","update_time":"2025-01-12T00:47:47.000Z","confidence":null,"between":null,"provider":"osm","resource":"planet","version":"2026-08-02T00:00:00.000Z"}],"is_underground":false,"has_parts":false,"version":1}},
{"id":"995416d5-3a10-4756-b935-a6d8f409862b","type":"Feature","geometry":{"type":"Polygon","coordinates":[[[127.0978439,37.3992299],[127.0977348,37.3991738],[127.0978275,37.3990601],[127.097916,37.3991056],[127.0979182,37.3991389],[127.0978439,37.3992299]]]},"properties":{"sources":[{"property":"","dataset":"OpenStreetMap","license":"ODbL-1.0","record_id":"w987628067@3","update_time":"2025-01-12T00:47:47.000Z","confidence":null,"between":null,"provider":"osm","resource":"planet","version":"2026-08-02T00:00:00.000Z"}],"is_underground":false,"has_parts":false,"version":1}},
{"id":"83981bb3-9157-4581-878e-4a061114ce72","type":"Feature","geometry":{"type":"Polygon","coordinates":[[[127.0978057,37.399045],[127.0977093,37.3991631],[127.0976076,37.3991108],[127.097704,37.3989927],[127.0978057,37.399045]]]},"properties":{"sources":[{"property":"","dataset":"OpenStreetMap","license":"ODbL-1.0","record_id":"w987628073@3","update_time":"2025-01-12T00:47:47.000Z","confidence":null,"between":null,"provider":"osm","resource":"planet","version":"2026-08-02T00:00:00.000Z"}],"is_underground":false,"has_parts":false,"version":1}},
{"id":"e6dcbbc1-6cc2-452b-a1b3-54cf6801796e","type":"Feature","geometry":{"type":"Polygon","coordinates":[[[127.0975808,37.3989817],[127.0974867,37.3990971],[127.0973788,37.3990415],[127.0974907,37.3989042],[127.0975703,37.3989452],[127.0975808,37.3989817]]]},"properties":{"sources":[{"property":"","dataset":"OpenStreetMap","license":"ODbL-1.0","record_id":"w987628077@4","update_time":"2025-01-12T00:47:47.000Z","confidence":null,"between":null,"provider":"osm","resource":"planet","version":"2026-08-02T00:00:00.000Z"}],"is_underground":false,"subtype":"residential","class":"house","has_parts":false,"version":1}},
{"id":"bd436f13-8e19-4792-855b-703d2c04ead9","type":"Feature","geometry":{"type":"Polygon","coordinates":[[[127.0976699,37.3988528],[127.0975618,37.3987971],[127.0976367,37.3987053],[127.0977449,37.3987609],[127.0976699,37.3988528]]]},"properties":{"sources":[{"property":"","dataset":"OpenStreetMap","license":"ODbL-1.0","record_id":"w987628097@4","update_time":"2025-01-12T00:47:47.000Z","confidence":null,"between":null,"provider":"osm","resource":"planet","version":"2026-08-02T00:00:00.000Z"}],"is_underground":false,"subtype":"residential","class":"house","has_parts":false,"version":1}},
{"id":"a49624be-09cc-4ee4-9f79-540d66298370","type":"Feature","geometry":{"type":"Polygon","coordinates":[[[127.0972828,37.3993578],[127.0972279,37.3994252],[127.0971143,37.3993668],[127.0971943,37.3992686],[127.0972585,37.3993016],[127.0972334,37.3993324],[127.0972828,37.3993578]]]},"properties":{"sources":[{"property":"","dataset":"OpenStreetMap","license":"ODbL-1.0","record_id":"w987628072@4","update_time":"2025-01-12T00:47:47.000Z","confidence":null,"between":null,"provider":"osm","resource":"planet","version":"2026-08-02T00:00:00.000Z"}],"is_underground":false,"subtype":"residential","class":"house","has_parts":false,"version":1}},
{"id":"b472d030-b798-45ad-bd05-11813b085995","type":"Feature","geometry":{"type":"Polygon","coordinates":[[[127.0974595,37.3991543],[127.0973593,37.3992771],[127.0972336,37.3992124],[127.0973338,37.3990896],[127.0974595,37.3991543]]]},"properties":{"sources":[{"property":"","dataset":"OpenStreetMap","license":"ODbL-1.0","record_id":"w987628075@4","update_time":"2025-01-12T00:47:47.000Z","confidence":null,"between":null,"provider":"osm","resource":"planet","version":"2026-08-02T00:00:00.000Z"}],"is_underground":false,"subtype":"residential","class":"house","has_parts":false,"version":1}},
{"id":"eddb26c3-d2dd-4499-a421-536f40d4869f","type":"Feature","geometry":{"type":"Polygon","coordinates":[[[127.0976539,37.399222],[127.0975846,37.3993069],[127.0974764,37.3992513],[127.0975457,37.3991663],[127.0976539,37.399222]]]},"properties":{"sources":[{"property":"","dataset":"OpenStreetMap","license":"ODbL-1.0","record_id":"w987628074@3","update_time":"2025-01-12T00:47:47.000Z","confidence":null,"between":null,"provider":"osm","resource":"planet","version":"2026-08-02T00:00:00.000Z"}],"is_underground":false,"has_parts":false,"version":1}},
{"id":"7c209c4e-038c-42b5-8e5a-74bde21b654a","type":"Feature","geometry":{"type":"Polygon","coordinates":[[[127.0977862,37.3992897],[127.0977174,37.3993741],[127.0976278,37.399328],[127.0976966,37.3992436],[127.0977862,37.3992897]]]},"properties":{"sources":[{"property":"","dataset":"OpenStreetMap","license":"ODbL-1.0","record_id":"w987628068@3","update_time":"2025-01-12T00:47:47.000Z","confidence":null,"between":null,"provider":"osm","resource":"planet","version":"2026-08-02T00:00:00.000Z"}],"is_underground":false,"has_parts":false,"version":1}},
{"id":"02362393-2fad-40c1-82d1-b6765b3275fd","type":"Feature","geometry":{"type":"Polygon","coordinates":[[[127.0977023,37.3994024],[127.0976108,37.3995147],[127.0975132,37.3994645],[127.0976047,37.3993522],[127.0977023,37.3994024]]]},"properties":{"sources":[{"property":"","dataset":"OpenStreetMap","license":"ODbL-1.0","record_id":"w987628069@3","update_time":"2025-01-12T00:47:47.000Z","confidence":null,"between":null,"provider":"osm","resource":"planet","version":"2026-08-02T00:00:00.000Z"}],"is_underground":false,"has_parts":false,"version":1}},
{"id":"28e1b8b8-22d8-4812-9dd5-fb07d76f24d4","type":"Feature","geometry":{"type":"Polygon","coordinates":[[[127.0975678,37.3993364],[127.0974807,37.3994433],[127.0973747,37.3993888],[127.0974619,37.3992819],[127.0975678,37.3993364]]]},"properties":{"sources":[{"property":"","dataset":"OpenStreetMap","license":"ODbL-1.0","record_id":"w987628070@3","update_time":"2025-01-12T00:47:47.000Z","confidence":null,"between":null,"provider":"osm","resource":"planet","version":"2026-08-02T00:00:00.000Z"}],"is_underground":false,"has_parts":false,"version":1}},
{"id":"541e70fc-d077-4d60-a873-674b52f8a650","type":"Feature","geometry":{"type":"Polygon","coordinates":[[[127.0974364,37.3995202],[127.0973774,37.3995925],[127.0972545,37.3995292],[127.097324,37.399444],[127.0973816,37.3994402],[127.0973895,37.3994763],[127.0974244,37.3994725],[127.0974364,37.3995202]]]},"properties":{"sources":[{"property":"","dataset":"OpenStreetMap","license":"ODbL-1.0","record_id":"w987628043@3","update_time":"2025-01-12T00:47:47.000Z","confidence":null,"between":null,"provider":"osm","resource":"planet","version":"2026-08-02T00:00:00.000Z"}],"is_underground":false,"has_parts":false,"version":1}},
{"id":"f4b928b1-2e90-46e7-b713-a24bc5e7a2d6","type":"Feature","geometry":{"type":"Polygon","coordinates":[[[127.0975931,37.3995585],[127.0975102,37.3996601],[127.0974045,37.3996057],[127.0974874,37.399504],[127.0975931,37.3995585]]]},"properties":{"sources":[{"property":"","dataset":"OpenStreetMap","license":"ODbL-1.0","record_id":"w987628044@3","update_time":"2025-01-12T00:47:47.000Z","confidence":null,"between":null,"provider":"osm","resource":"planet","version":"2026-08-02T00:00:00.000Z"}],"is_underground":false,"has_parts":false,"version":1}},
{"id":"e68a9b59-6895-428b-aa11-3344e068fe5a","type":"Feature","geometry":{"type":"Polygon","coordinates":[[[127.0977909,37.3996785],[127.0977207,37.3997645],[127.0976157,37.3997105],[127.0976859,37.3996244],[127.0977909,37.3996785]]]},"properties":{"sources":[{"property":"","dataset":"OpenStreetMap","license":"ODbL-1.0","record_id":"w987628045@3","update_time":"2025-01-12T00:47:47.000Z","confidence":null,"between":null,"provider":"osm","resource":"planet","version":"2026-08-02T00:00:00.000Z"}],"is_underground":false,"has_parts":false,"version":1}},
{"id":"a0fbcfdb-ac3f-4ae8-a911-ddff18c77fd1","type":"Feature","geometry":{"type":"Polygon","coordinates":[[[127.0974949,37.3996874],[127.0974505,37.3997419],[127.0973923,37.3997516],[127.0972082,37.3996569],[127.0972032,37.3996176],[127.0972243,37.3995917],[127.0973637,37.3996635],[127.0973887,37.3996328],[127.0974949,37.3996874]]]},"properties":{"sources":[{"property":"","dataset":"OpenStreetMap","license":"ODbL-1.0","record_id":"w987628042@3","update_time":"2025-01-12T00:47:47.000Z","confidence":null,"between":null,"provider":"osm","resource":"planet","version":"2026-08-02T00:00:00.000Z"}],"is_underground":false,"has_parts":false,"version":1}},
{"id":"2bfea1cb-306d-4e28-82cd-a6fc01375ae1","type":"Feature","geometry":{"type":"Polygon","coordinates":[[[127.09707,37.3994113],[127.097185,37.3994705],[127.0970807,37.3995984],[127.0969657,37.3995392],[127.09707,37.3994113]]]},"properties":{"sources":[{"property":"","dataset":"OpenStreetMap","license":"ODbL-1.0","record_id":"w987628071@4","update_time":"2025-01-12T00:47:47.000Z","confidence":null,"between":null,"provider":"osm","resource":"planet","version":"2026-08-02T00:00:00.000Z"}],"is_underground":false,"subtype":"residential","class":"house","has_parts":false,"version":1}},
{"id":"3d05d2b5-17b5-4ac0-abcd-cf68c1a6992f","type":"Feature","geometry":{"type":"Polygon","coordinates":[[[127.0969459,37.3997863],[127.0968336,37.3997286],[127.0968852,37.3996653],[127.0969234,37.399685],[127.0969802,37.3996153],[127.0970543,37.3996534],[127.0969459,37.3997863]]]},"properties":{"sources":[{"property":"","dataset":"OpenStreetMap","license":"ODbL-1.0","record_id":"w987627990@4","update_time":"2025-01-12T00:47:47.000Z","confidence":null,"between":null,"provider":"osm","resource":"planet","version":"2026-08-02T00:00:00.000Z"}],"is_underground":false,"subtype":"residential","class":"house","has_parts":false,"version":1}},
{"id":"4bda78a9-10c9-4b7e-9c32-5f15870f87da","type":"Feature","geometry":{"type":"Polygon","coordinates":[[[127.0972476,37.3997609],[127.0971595,37.3998689],[127.0970412,37.3998081],[127.0971024,37.3997331],[127.097176,37.399771],[127.097203,37.399738],[127.0972476,37.3997609]]]},"properties":{"sources":[{"property":"","dataset":"OpenStreetMap","license":"ODbL-1.0","record_id":"w987628022@3","update_time":"2025-01-12T00:47:47.000Z","confidence":null,"between":null,"provider":"osm","resource":"planet","version":"2026-08-02T00:00:00.000Z"}],"is_underground":false,"has_parts":false,"version":1}},
{"id":"263a8886-7879-4fb4-bb8c-3c0f197df7c0","type":"Feature","geometry":{"type":"Polygon","coordinates":[[[127.0971293,37.3999059],[127.0970508,37.4000021],[127.0969355,37.3999428],[127.0969878,37.3998786],[127.0970539,37.3999126],[127.09708,37.3998806],[127.0971293,37.3999059]]]},"properties":{"sources":[{"property":"","dataset":"OpenStreetMap","license":"ODbL-1.0","record_id":"w987628020@3","update_time":"2025-01-12T00:47:47.000Z","confidence":null,"between":null,"provider":"osm","resource":"planet","version":"2026-08-02T00:00:00.000Z"}],"is_underground":false,"has_parts":false,"version":1}},
{"id":"49ae5950-d289-4cc6-9510-aeb715cc3785","type":"Feature","geometry":{"type":"Polygon","coordinates":[[[127.0969967,37.4000718],[127.0969489,37.4001305],[127.0968364,37.4000726],[127.0969147,37.3999765],[127.0969728,37.4000064],[127.0969423,37.4000438],[127.0969967,37.4000718]]]},"properties":{"sources":[{"property":"","dataset":"OpenStreetMap","license":"ODbL-1.0","record_id":"w987628018@3","update_time":"2025-01-12T00:47:47.000Z","confidence":null,"between":null,"provider":"osm","resource":"planet","version":"2026-08-02T00:00:00.000Z"}],"is_underground":false,"has_parts":false,"version":1}},
{"id":"3acff6d0-c9e1-47e1-ba26-f365ba5f2dc6","type":"Feature","geometry":{"type":"Polygon","coordinates":[[[127.0969089,37.4001783],[127.0968483,37.4002525],[127.0967348,37.4001941],[127.0967954,37.4001198],[127.0969089,37.4001783]]]},"properties":{"sources":[{"property":"","dataset":"OpenStreetMap","license":"ODbL-1.0","record_id":"w987628016@3","update_time":"2025-01-12T00:47:47.000Z","confidence":null,"between":null,"provider":"osm","resource":"planet","version":"2026-08-02T00:00:00.000Z"}],"is_underground":false,"has_parts":false,"version":1}},
{"id":"1f9928b5-1d71-4448-887e-308487207270","type":"Feature","geometry":{"type":"Polygon","coordinates":[[[127.0971531,37.4000988],[127.097079,37.4001896],[127.0969875,37.4001425],[127.0970169,37.4001065],[127.0970413,37.4001191],[127.0970861,37.4000643],[127.0971531,37.4000988]]]},"properties":{"sources":[{"property":"","dataset":"OpenStreetMap","license":"ODbL-1.0","record_id":"w987628019@3","update_time":"2025-01-12T00:47:47.000Z","confidence":null,"between":null,"provider":"osm","resource":"planet","version":"2026-08-02T00:00:00.000Z"}],"is_underground":false,"has_parts":false,"version":1}},
{"id":"a18d2b7f-e2ac-4907-a2ad-3a2944d2564c","type":"Feature","geometry":{"type":"Polygon","coordinates":[[[127.097174,37.400071],[127.0970897,37.4000277],[127.0971711,37.3999279],[127.0972554,37.3999712],[127.097174,37.400071]]]},"properties":{"sources":[{"property":"","dataset":"OpenStreetMap","license":"ODbL-1.0","record_id":"w987628021@3","update_time":"2025-01-12T00:47:47.000Z","confidence":null,"between":null,"provider":"osm","resource":"planet","version":"2026-08-02T00:00:00.000Z"}],"is_underground":false,"has_parts":false,"version":1}},
{"id":"431f522b-031d-46dd-b551-82a1919b36bb","type":"Feature","geometry":{"type":"Polygon","coordinates":[[[127.097589,37.3999405],[127.097484,37.4000692],[127.097377,37.4000142],[127.0974117,37.3999716],[127.097428,37.39998],[127.0974983,37.3998938],[127.097589,37.3999405]]]},"properties":{"sources":[{"property":"","dataset":"OpenStreetMap","license":"ODbL-1.0","record_id":"w987628026@3","update_time":"2025-01-12T00:47:47.000Z","confidence":null,"between":null,"provider":"osm","resource":"planet","version":"2026-08-02T00:00:00.000Z"}],"is_underground":false,"has_parts":false,"version":1}},
{"id":"e0923c4d-11eb-47b6-bc0b-28504e35febb","type":"Feature","geometry":{"type":"Polygon","coordinates":[[[127.0974259,37.4001369],[127.0973559,37.4002227],[127.0972431,37.4001646],[127.097313,37.4000788],[127.0974259,37.4001369]]]},"properties":{"sources":[{"property":"","dataset":"OpenStreetMap","license":"ODbL-1.0","record_id":"w987628024@3","update_time":"2025-01-12T00:47:47.000Z","confidence":null,"between":null,"provider":"osm","resource":"planet","version":"2026-08-02T00:00:00.000Z"}],"is_underground":false,"has_parts":false,"version":1}},
{"id":"7dc463d1-3667-4c30-a5fd-91203c1d7d99","type":"Feature","geometry":{"type":"Polygon","coordinates":[[[127.0974674,37.4001436],[127.0975672,37.400195],[127.0974906,37.4002889],[127.0973908,37.4002376],[127.0974674,37.4001436]]]},"properties":{"sources":[{"property":"","dataset":"OpenStreetMap","license":"ODbL-1.0","record_id":"w987628025@3","update_time":"2025-01-12T00:47:47.000Z","confidence":null,"between":null,"provider":"osm","resource":"planet","version":"2026-08-02T00:00:00.000Z"}],"is_underground":false,"has_parts":false,"version":1}},
{"id":"452bac55-6a97-449a-a0e9-2567dced92a6","type":"Feature","geometry":{"type":"Polygon","coordinates":[[[127.0976044,37.4001392],[127.0975108,37.4000911],[127.0976292,37.399946],[127.0977227,37.3999941],[127.0976044,37.4001392]]]},"properties":{"sources":[{"property":"","dataset":"OpenStreetMap","license":"ODbL-1.0","record_id":"w987628027@3","update_time":"2025-01-12T00:47:47.000Z","confidence":null,"between":null,"provider":"osm","resource":"planet","version":"2026-08-02T00:00:00.000Z"}],"is_underground":false,"has_parts":false,"version":1}},
{"id":"a9846bbb-87c9-4524-8fae-e329ea4640af","type":"Feature","geometry":{"type":"Polygon","coordinates":[[[127.0973547,37.3998509],[127.0972882,37.3999323],[127.0971929,37.3998833],[127.0972594,37.3998018],[127.0973547,37.3998509]]]},"properties":{"sources":[{"property":"","dataset":"OpenStreetMap","license":"ODbL-1.0","record_id":"w987628023@3","update_time":"2025-01-12T00:47:47.000Z","confidence":null,"between":null,"provider":"osm","resource":"planet","version":"2026-08-02T00:00:00.000Z"}],"is_underground":false,"has_parts":false,"version":1}},
{"id":"b85d4c6c-f6fc-4efe-81c3-ea22756f8b9c","type":"Feature","geometry":{"type":"Polygon","coordinates":[[[127.0978308,37.3998528],[127.0977733,37.3999234],[127.097736,37.3999042],[127.0977257,37.3999169],[127.0975519,37.3998275],[127.0975677,37.3998081],[127.0975399,37.3997938],[127.097592,37.3997299],[127.097643,37.3997562],[127.0976249,37.3997784],[127.097676,37.3998048],[127.0976897,37.3997881],[127.0977141,37.3998006],[127.0976932,37.3998262],[127.0977528,37.3998569],[127.0977782,37.3998257],[127.0978308,37.3998528]]]},"properties":{"sources":[{"property":"","dataset":"OpenStreetMap","license":"ODbL-1.0","record_id":"w987628037@3","update_time":"2025-01-12T00:47:47.000Z","confidence":null,"between":null,"provider":"osm","resource":"planet","version":"2026-08-02T00:00:00.000Z"}],"is_underground":false,"has_parts":false,"version":1}},
{"id":"4f105606-ac63-427c-b359-5c8a0fdca5c5","type":"Feature","geometry":{"type":"Polygon","coordinates":[[[127.0979389,37.3997195],[127.0978461,37.3998333],[127.0977547,37.3997862],[127.0977982,37.3997328],[127.0978343,37.3997513],[127.0978836,37.399691],[127.0979389,37.3997195]]]},"properties":{"sources":[{"property":"","dataset":"OpenStreetMap","license":"ODbL-1.0","record_id":"w987628046@3","update_time":"2025-01-12T00:47:47.000Z","confidence":null,"between":null,"provider":"osm","resource":"planet","version":"2026-08-02T00:00:00.000Z"}],"is_underground":false,"has_parts":false,"version":1}},
{"id":"146a48e9-3aee-4a5f-a18a-516280c5b6b9","type":"Feature","geometry":{"type":"Polygon","coordinates":[[[127.0980559,37.3999124],[127.0979588,37.4000314],[127.0978795,37.3999906],[127.0978684,37.3999557],[127.0979487,37.3998572],[127.0980559,37.3999124]]]},"properties":{"sources":[{"property":"","dataset":"OpenStreetMap","license":"ODbL-1.0","record_id":"w987628038@3","update_time":"2025-01-12T00:47:47.000Z","confidence":null,"between":null,"provider":"osm","resource":"planet","version":"2026-08-02T00:00:00.000Z"}],"is_underground":false,"has_parts":false,"version":1}},
{"id":"3d85bfba-2237-4476-99b3-1856d6b2b944","type":"Feature","geometry":{"type":"Polygon","coordinates":[[[127.0981735,37.3997287],[127.0980573,37.3998711],[127.0979687,37.3998255],[127.098063,37.3997098],[127.0981268,37.3997046],[127.0981735,37.3997287]]]},"properties":{"sources":[{"property":"","dataset":"OpenStreetMap","license":"ODbL-1.0","record_id":"w987628049@3","update_time":"2025-01-12T00:47:47.000Z","confidence":null,"between":null,"provider":"osm","resource":"planet","version":"2026-08-02T00:00:00.000Z"}],"is_underground":false,"has_parts":false,"version":1}},
{"id":"15b50e4b-4d63-47d2-be75-31a660d1aeb8","type":"Feature","geometry":{"type":"Polygon","coordinates":[[[127.0981725,37.3999734],[127.0980761,37.4000916],[127.0979818,37.4000431],[127.0980781,37.3999249],[127.0981725,37.3999734]]]},"properties":{"sources":[{"property":"","dataset":"OpenStreetMap","license":"ODbL-1.0","record_id":"w987628039@3","update_time":"2025-01-12T00:47:47.000Z","confidence":null,"between":null,"provider":"osm","resource":"planet","version":"2026-08-02T00:00:00.000Z"}],"is_underground":false,"has_parts":false,"version":1}},
{"id":"a7582152-8c94-456e-ae3a-9b470926c9a6","type":"Feature","geometry":{"type":"Polygon","coordinates":[[[127.0980408,37.4001585],[127.0979346,37.4002887],[127.0978439,37.400242],[127.0979165,37.400153],[127.0979379,37.400164],[127.0979714,37.4001229],[127.0980408,37.4001585]]]},"properties":{"sources":[{"property":"","dataset":"OpenStreetMap","license":"ODbL-1.0","record_id":"w987628033@3","update_time":"2025-01-12T00:47:47.000Z","confidence":null,"between":null,"provider":"osm","resource":"planet","version":"2026-08-02T00:00:00.000Z"}],"is_underground":false,"has_parts":false,"version":1}},
{"id":"5cc5a6d3-6314-4168-aa63-4b7f5f33bc15","type":"Feature","geometry":{"type":"Polygon","coordinates":[[[127.0978229,37.4002682],[127.0979125,37.4003143],[127.0978224,37.4004248],[127.0977328,37.4003787],[127.0978229,37.4002682]]]},"properties":{"sources":[{"property":"","dataset":"OpenStreetMap","license":"ODbL-1.0","record_id":"w987628029@3","update_time":"2025-01-12T00:47:47.000Z","confidence":null,"between":null,"provider":"osm","resource":"planet","version":"2026-08-02T00:00:00.000Z"}],"is_underground":false,"has_parts":false,"version":1}},
{"id":"18cad046-d52e-409c-96fd-bf62ec7656cf","type":"Feature","geometry":{"type":"Polygon","coordinates":[[[127.0979451,37.4003383],[127.0980278,37.4003809],[127.0979423,37.4004858],[127.0978595,37.4004432],[127.0979451,37.4003383]]]},"properties":{"sources":[{"property":"","dataset":"OpenStreetMap","license":"ODbL-1.0","record_id":"w987628030@3","update_time":"2025-01-12T00:47:47.000Z","confidence":null,"between":null,"provider":"osm","resource":"planet","version":"2026-08-02T00:00:00.000Z"}],"is_underground":false,"has_parts":false,"version":1}},
{"id":"d1b58de4-a9cb-4421-ab44-4a74bc88f0ed","type":"Feature","geometry":{"type":"Polygon","coordinates":[[[127.098048,37.4003854],[127.0981459,37.4004357],[127.0980553,37.4005468],[127.0979574,37.4004965],[127.098048,37.4003854]]]},"properties":{"sources":[{"property":"","dataset":"OpenStreetMap","license":"ODbL-1.0","record_id":"w987628031@3","update_time":"2025-01-12T00:47:47.000Z","confidence":null,"between":null,"provider":"osm","resource":"planet","version":"2026-08-02T00:00:00.000Z"}],"is_underground":false,"has_parts":false,"version":1}},
{"id":"41d02707-d94f-4e9e-9e05-ce30afb2e375","type":"Feature","geometry":{"type":"Polygon","coordinates":[[[127.0981208,37.4002467],[127.0980439,37.4003409],[127.0979524,37.4002938],[127.098056,37.4001667],[127.0981159,37.4001976],[127.0980892,37.4002304],[127.0981208,37.4002467]]]},"properties":{"sources":[{"property":"","dataset":"OpenStreetMap","license":"ODbL-1.0","record_id":"w987628034@3","update_time":"2025-01-12T00:47:47.000Z","confidence":null,"between":null,"provider":"osm","resource":"planet","version":"2026-08-02T00:00:00.000Z"}],"is_underground":false,"has_parts":false,"version":1}},
{"id":"eee86ffa-5190-476f-b3bc-b66a8aba35f4","type":"Feature","geometry":{"type":"Polygon","coordinates":[[[127.0981194,37.4006958],[127.0980366,37.4007972],[127.0979498,37.4007525],[127.0980326,37.4006511],[127.0981194,37.4006958]]]},"properties":{"sources":[{"property":"","dataset":"OpenStreetMap","license":"ODbL-1.0","record_id":"w987628008@3","update_time":"2025-01-12T00:47:47.000Z","confidence":null,"between":null,"provider":"osm","resource":"planet","version":"2026-08-02T00:00:00.000Z"}],"is_underground":false,"has_parts":false,"version":1}},
{"id":"94f550ed-28c5-4e19-a8c9-14fab4905186","type":"Feature","geometry":{"type":"Polygon","coordinates":[[[127.0977812,37.4006719],[127.097689,37.4006244],[127.0977889,37.4005019],[127.0978811,37.4005493],[127.0977812,37.4006719]]]},"properties":{"sources":[{"property":"","dataset":"OpenStreetMap","license":"ODbL-1.0","record_id":"w987628009@3","update_time":"2025-01-12T00:47:47.000Z","confidence":null,"between":null,"provider":"osm","resource":"planet","version":"2026-08-02T00:00:00.000Z"}],"is_underground":false,"has_parts":false,"version":1}},
{"id":"de9e5c29-790d-441f-862f-cebc1fce58b7","type":"Feature","geometry":{"type":"Polygon","coordinates":[[[127.0976802,37.4006601],[127.0977693,37.400706],[127.0976806,37.4008148],[127.0975915,37.400769],[127.0976802,37.4006601]]]},"properties":{"sources":[{"property":"","dataset":"OpenStreetMap","license":"ODbL-1.0","record_id":"w987628003@3","update_time":"2025-01-12T00:47:47.000Z","confidence":null,"between":null,"provider":"osm","resource":"planet","version":"2026-08-02T00:00:00.000Z"}],"is_underground":false,"has_parts":false,"version":1}},
{"id":"05caab91-69b8-4022-b256-6d52eeca1e34","type":"Feature","geometry":{"type":"Polygon","coordinates":[[[127.0975504,37.4007467],[127.0974603,37.4007003],[127.0975502,37.4005902],[127.0976083,37.4006201],[127.0975986,37.400632],[127.0976306,37.4006484],[127.0975504,37.4007467]]]},"properties":{"sources":[{"property":"","dataset":"OpenStreetMap","license":"ODbL-1.0","record_id":"w987628002@3","update_time":"2025-01-12T00:47:47.000Z","confidence":null,"between":null,"provider":"osm","resource":"planet","version":"2026-08-02T00:00:00.000Z"}],"is_underground":false,"has_parts":false,"version":1}},
{"id":"2d877165-4186-4121-a026-f286746abb70","type":"Feature","geometry":{"type":"Polygon","coordinates":[[[127.0975142,37.4005642],[127.0974177,37.4006826],[127.0973498,37.4006476],[127.0973455,37.4006172],[127.0974258,37.4005187],[127.0975142,37.4005642]]]},"properties":{"sources":[{"property":"","dataset":"OpenStreetMap","license":"ODbL-1.0","record_id":"w987628001@3","update_time":"2025-01-12T00:47:47.000Z","confidence":null,"between":null,"provider":"osm","resource":"planet","version":"2026-08-02T00:00:00.000Z"}],"is_underground":false,"has_parts":false,"version":1}},
{"id":"537ca154-54e8-4351-ac7b-badd4a99f2b5","type":"Feature","geometry":{"type":"Polygon","coordinates":[[[127.0977689,37.4004903],[127.0976687,37.4006131],[127.0975858,37.4005705],[127.0976337,37.4005117],[127.0976651,37.4005278],[127.0976923,37.4004944],[127.097661,37.4004783],[127.097686,37.4004476],[127.0977689,37.4004903]]]},"properties":{"sources":[{"property":"","dataset":"OpenStreetMap","license":"ODbL-1.0","record_id":"w987628012@3","update_time":"2025-01-12T00:47:47.000Z","confidence":null,"between":null,"provider":"osm","resource":"planet","version":"2026-08-02T00:00:00.000Z"}],"is_underground":false,"has_parts":false,"version":1}},
{"id":"920c408c-c386-4107-be6b-0822554a27cf","type":"Feature","geometry":{"type":"Polygon","coordinates":[[[127.0976348,37.4004162],[127.0975335,37.4005405],[127.0974282,37.4004862],[127.0975057,37.4003911],[127.0975628,37.4003792],[127.0976348,37.4004162]]]},"properties":{"sources":[{"property":"","dataset":"OpenStreetMap","license":"ODbL-1.0","record_id":"w987628013@3","update_time":"2025-01-12T00:47:47.000Z","confidence":null,"between":null,"provider":"osm","resource":"planet","version":"2026-08-02T00:00:00.000Z"}],"is_underground":false,"has_parts":false,"version":1}},
{"id":"40855f23-f3b6-4eba-be28-3042a7353efe","type":"Feature","geometry":{"type":"Polygon","coordinates":[[[127.0976188,37.4003207],[127.0976378,37.4002974],[127.0976094,37.4002828],[127.0976848,37.4001904],[127.0977972,37.4002482],[127.0977218,37.4003407],[127.0976803,37.4003193],[127.0976614,37.4003426],[127.0976188,37.4003207]]]},"properties":{"sources":[{"property":"","dataset":"OpenStreetMap","license":"ODbL-1.0","record_id":"w987628028@3","update_time":"2025-01-12T00:47:47.000Z","confidence":null,"between":null,"provider":"osm","resource":"planet","version":"2026-08-02T00:00:00.000Z"}],"is_underground":false,"has_parts":false,"version":1}},
{"id":"b9c01c37-2152-40a9-afd1-62806dad8d9f","type":"Feature","geometry":{"type":"Polygon","coordinates":[[[127.0970896,37.4003681],[127.0971971,37.4004234],[127.0971105,37.4005296],[127.09703,37.4004882],[127.0970255,37.4004466],[127.0970896,37.4003681]]]},"properties":{"sources":[{"property":"","dataset":"OpenStreetMap","license":"ODbL-1.0","record_id":"w987628010@3","update_time":"2025-01-12T00:47:47.000Z","confidence":null,"between":null,"provider":"osm","resource":"planet","version":"2026-08-02T00:00:00.000Z"}],"is_underground":false,"has_parts":false,"version":1}},
{"id":"7086216a-155b-42c3-99f0-e1a9a7757094","type":"Feature","geometry":{"type":"Polygon","coordinates":[[[127.0969657,37.400167],[127.0970562,37.4002136],[127.096973,37.4003156],[127.0968825,37.400269],[127.0969657,37.400167]]]},"properties":{"sources":[{"property":"","dataset":"OpenStreetMap","license":"ODbL-1.0","record_id":"w987628017@3","update_time":"2025-01-12T00:47:47.000Z","confidence":null,"between":null,"provider":"osm","resource":"planet","version":"2026-08-02T00:00:00.000Z"}],"is_underground":false,"has_parts":false,"version":1}},
{"id":"885721f2-9180-4d3c-9190-c026657609dc","type":"Feature","geometry":{"type":"Polygon","coordinates":[[[127.0967195,37.4002407],[127.0969462,37.4003574],[127.0969041,37.4004091],[127.0966773,37.4002924],[127.0967195,37.4002407]]]},"properties":{"sources":[{"property":"","dataset":"OpenStreetMap","license":"ODbL-1.0","record_id":"w987628014@3","update_time":"2025-01-12T00:47:47.000Z","confidence":null,"between":null,"provider":"osm","resource":"planet","version":"2026-08-02T00:00:00.000Z"}],"is_underground":false,"has_parts":false,"version":1}},
{"id":"c1c9d7b5-ddc8-4133-9ee6-238826abf1b0","type":"Feature","geometry":{"type":"Polygon","coordinates":[[[127.0972026,37.4005815],[127.0971432,37.400551],[127.0971874,37.4004968],[127.0972114,37.4005092],[127.0972876,37.4004157],[127.0973638,37.4004549],[127.0972712,37.4005684],[127.0972026,37.4005815]]]},"properties":{"sources":[{"property":"","dataset":"OpenStreetMap","license":"ODbL-1.0","record_id":"w987628011@3","update_time":"2025-01-12T00:47:47.000Z","confidence":null,"between":null,"provider":"osm","resource":"planet","version":"2026-08-02T00:00:00.000Z"}],"is_underground":false,"has_parts":false,"version":1}},
{"id":"223c9032-355d-49e2-aed2-3dd510ff8df2","type":"Feature","geometry":{"type":"Polygon","coordinates":[[[127.0971183,37.4008077],[127.0970304,37.4007625],[127.0971285,37.4006422],[127.0972164,37.4006874],[127.0971183,37.4008077]]]},"properties":{"sources":[{"property":"","dataset":"OpenStreetMap","license":"ODbL-1.0","record_id":"w987627995@3","update_time":"2025-01-12T00:47:47.000Z","confidence":null,"between":null,"provider":"osm","resource":"planet","version":"2026-08-02T00:00:00.000Z"}],"is_underground":false,"has_parts":false,"version":1}},
{"id":"4376b6a8-e225-4289-a045-9bfca56c6d00","type":"Feature","geometry":{"type":"Polygon","coordinates":[[[127.0969786,37.4007385],[127.0968465,37.4006705],[127.0969329,37.4005645],[127.0969973,37.4006219],[127.097065,37.4006325],[127.0969786,37.4007385]]]},"properties":{"sources":[{"property":"","dataset":"OpenStreetMap","license":"ODbL-1.0","record_id":"w987627994@4","update_time":"2025-01-12T00:47:47.000Z","confidence":null,"between":null,"provider":"osm","resource":"planet","version":"2026-08-02T00:00:00.000Z"}],"is_underground":false,"subtype":"residential","class":"house","has_parts":false,"version":1}},
{"id":"db418cb7-a156-429a-99e0-9422b915f023","type":"Feature","geometry":{"type":"Polygon","coordinates":[[[127.0972415,37.4008587],[127.0971534,37.4008134],[127.0972483,37.400697],[127.0973363,37.4007423],[127.0972415,37.4008587]]]},"properties":{"sources":[{"property":"","dataset":"OpenStreetMap","license":"ODbL-1.0","record_id":"w987627996@3","update_time":"2025-01-12T00:47:47.000Z","confidence":null,"between":null,"provider":"osm","resource":"planet","version":"2026-08-02T00:00:00.000Z"}],"is_underground":false,"has_parts":false,"version":1}},
{"id":"384e31e4-3694-4c39-969f-62b6352bc38d","type":"Feature","geometry":{"type":"Polygon","coordinates":[[[127.097338,37.4009147],[127.0972713,37.4008804],[127.0973358,37.4008012],[127.0973567,37.400812],[127.0974026,37.4007557],[127.0974817,37.4007964],[127.0974063,37.4008888],[127.0973731,37.4008717],[127.097338,37.4009147]]]},"properties":{"sources":[{"property":"","dataset":"OpenStreetMap","license":"ODbL-1.0","record_id":"w987627997@3","update_time":"2025-01-12T00:47:47.000Z","confidence":null,"between":null,"provider":"osm","resource":"planet","version":"2026-08-02T00:00:00.000Z"}],"is_underground":false,"has_parts":false,"version":1}},
{"id":"60f0a190-473d-4d78-a4a5-69e29037ef0d","type":"Feature","geometry":{"type":"Polygon","coordinates":[[[127.0976846,37.4009358],[127.0976079,37.4010404],[127.0975255,37.4010023],[127.0976023,37.4008977],[127.0976846,37.4009358]]]},"properties":{"sources":[{"property":"","dataset":"doi:10.5281/zenodo.8174931","license":null,"record_id":null,"update_time":"2024-11-01T00:00:00.000Z","confidence":null,"between":null,"provider":"zenodo","resource":"east_asian_buildings","version":"2024-11-01"}],"is_underground":false,"has_parts":false,"version":1}},
{"id":"7ecd8657-902c-4103-b984-b18642f8c4ae","type":"Feature","geometry":{"type":"Polygon","coordinates":[[[127.0975759,37.4008587],[127.0974746,37.4009829],[127.0973865,37.4009376],[127.0974878,37.4008134],[127.0975759,37.4008587]]]},"properties":{"sources":[{"property":"","dataset":"OpenStreetMap","license":"ODbL-1.0","record_id":"w987627998@3","update_time":"2025-01-12T00:47:47.000Z","confidence":null,"between":null,"provider":"osm","resource":"planet","version":"2026-08-02T00:00:00.000Z"}],"is_underground":false,"has_parts":false,"version":1}},
{"id":"d6316715-2f33-4294-98c4-5fd60421d47a","type":"Feature","geometry":{"type":"Polygon","coordinates":[[[127.09689,37.4013018],[127.0968075,37.4014058],[127.0967023,37.4013531],[127.0967848,37.4012491],[127.09689,37.4013018]]]},"properties":{"sources":[{"property":"","dataset":"OpenStreetMap","license":"ODbL-1.0","record_id":"w987627978@3","update_time":"2025-01-12T00:47:47.000Z","confidence":null,"between":null,"provider":"osm","resource":"planet","version":"2026-08-02T00:00:00.000Z"}],"is_underground":false,"has_parts":false,"version":1}},
{"id":"1a324dcb-30b0-4b57-be52-aaff8f9f2daa","type":"Feature","geometry":{"type":"Polygon","coordinates":[[[127.0971458,37.401422],[127.0970547,37.4015368],[127.0970048,37.4015119],[127.0970393,37.4014683],[127.0969849,37.401441],[127.0970414,37.4013697],[127.0971458,37.401422]]]},"properties":{"sources":[{"property":"","dataset":"OpenStreetMap","license":"ODbL-1.0","record_id":"w987627977@3","update_time":"2025-01-12T00:47:47.000Z","confidence":null,"between":null,"provider":"osm","resource":"planet","version":"2026-08-02T00:00:00.000Z"}],"is_underground":false,"has_parts":false,"version":1}},
{"id":"da8bd854-13ed-437e-8928-fe9909e9acce","type":"Feature","geometry":{"type":"Polygon","coordinates":[[[127.0972627,37.401499],[127.0971837,37.4015986],[127.0970802,37.4015468],[127.0971592,37.4014472],[127.0972627,37.401499]]]},"properties":{"sources":[{"property":"","dataset":"OpenStreetMap","license":"ODbL-1.0","record_id":"w987627975@3","update_time":"2025-01-12T00:47:47.000Z","confidence":null,"between":null,"provider":"osm","resource":"planet","version":"2026-08-02T00:00:00.000Z"}],"is_underground":false,"has_parts":false,"version":1}},
{"id":"786ecc3c-dd9a-4525-bd3f-7fba7362abf7","type":"Feature","geometry":{"type":"Polygon","coordinates":[[[127.0970314,37.4013566],[127.0969339,37.4014796],[127.0968775,37.4014514],[127.0968918,37.4014332],[127.0968482,37.4014114],[127.0969188,37.4013224],[127.0969656,37.4013458],[127.0969781,37.40133],[127.0970314,37.4013566]]]},"properties":{"sources":[{"property":"","dataset":"OpenStreetMap","license":"ODbL-1.0","record_id":"w987627976@3","update_time":"2025-01-12T00:47:47.000Z","confidence":null,"between":null,"provider":"osm","resource":"planet","version":"2026-08-02T00:00:00.000Z"}],"is_underground":false,"has_parts":false,"version":1}},
{"id":"a008fc22-5c7b-4c37-af38-405197b0b9e3","type":"Feature","geometry":{"type":"Polygon","coordinates":[[[127.0968416,37.4015214],[127.096918,37.4015596],[127.0968423,37.4016551],[127.0968253,37.4016466],[127.0968018,37.4016762],[127.0967424,37.4016465],[127.0968416,37.4015214]]]},"properties":{"sources":[{"property":"","dataset":"OpenStreetMap","license":"ODbL-1.0","record_id":"w987627959@3","update_time":"2025-01-12T00:47:47.000Z","confidence":null,"between":null,"provider":"osm","resource":"planet","version":"2026-08-02T00:00:00.000Z"}],"is_underground":false,"has_parts":false,"version":1}},
{"id":"e49d2814-6a30-4833-9585-89ee9168a99f","type":"Feature","geometry":{"type":"Polygon","coordinates":[[[127.096786,37.4017926],[127.0967804,37.40175],[127.0968072,37.4017477],[127.0968128,37.4017903],[127.096786,37.4017926]]]},"properties":{"sources":[{"property":"","dataset":"doi:10.5281/zenodo.8174931","license":null,"record_id":null,"update_time":"2024-11-01T00:00:00.000Z","confidence":null,"between":null,"provider":"zenodo","resource":"east_asian_buildings","version":"2024-11-01"}],"is_underground":false,"has_parts":false,"version":1}},
{"id":"b4d76c02-a9eb-4d5a-be61-16ea21868ad6","type":"Feature","geometry":{"type":"Polygon","coordinates":[[[127.0970527,37.4016358],[127.0969516,37.4017634],[127.0968655,37.4017204],[127.0969667,37.4015928],[127.0970527,37.4016358]]]},"properties":{"sources":[{"property":"","dataset":"OpenStreetMap","license":"ODbL-1.0","record_id":"w987627962@3","update_time":"2025-01-12T00:47:47.000Z","confidence":null,"between":null,"provider":"osm","resource":"planet","version":"2026-08-02T00:00:00.000Z"}],"is_underground":false,"has_parts":false,"version":1}},
{"id":"16b9af26-d86c-4cd4-bf89-cff44ae74b25","type":"Feature","geometry":{"type":"Polygon","coordinates":[[[127.097162,37.4017008],[127.097066,37.4018219],[127.0969817,37.4017797],[127.0970776,37.4016586],[127.097162,37.4017008]]]},"properties":{"sources":[{"property":"","dataset":"OpenStreetMap","license":"ODbL-1.0","record_id":"w987627963@3","update_time":"2025-01-12T00:47:47.000Z","confidence":null,"between":null,"provider":"osm","resource":"planet","version":"2026-08-02T00:00:00.000Z"}],"is_underground":false,"has_parts":false,"version":1}},
{"id":"0df81399-3683-4d4c-8769-cb757644606d","type":"Feature","geometry":{"type":"Polygon","coordinates":[[[127.0973904,37.4015714],[127.0973141,37.4016676],[127.0972425,37.4016318],[127.0972713,37.4015954],[127.0972311,37.4015753],[127.0972941,37.4014959],[127.0973563,37.401527],[127.0973408,37.4015465],[127.0973904,37.4015714]]]},"properties":{"sources":[{"property":"","dataset":"OpenStreetMap","license":"ODbL-1.0","record_id":"w987627974@3","update_time":"2025-01-12T00:47:47.000Z","confidence":null,"between":null,"provider":"osm","resource":"planet","version":"2026-08-02T00:00:00.000Z"}],"is_underground":false,"has_parts":false,"version":1}},
{"id":"f13ca7ce-a3ef-46d6-acb4-54f7cdd9d68c","type":"Feature","geometry":{"type":"Polygon","coordinates":[[[127.0979056,37.4011984],[127.0977866,37.4011371],[127.09788,37.4010226],[127.097999,37.4010838],[127.0979056,37.4011984]]]},"properties":{"sources":[{"property":"","dataset":"OpenStreetMap","license":"ODbL-1.0","record_id":"w987628000@3","update_time":"2025-01-12T00:47:47.000Z","confidence":null,"between":null,"provider":"osm","resource":"planet","version":"2026-08-02T00:00:00.000Z"}],"is_underground":false,"has_parts":false,"version":1}},
{"id":"e582e895-a5be-469d-8288-f064b41cb3e6","type":"Feature","geometry":{"type":"Polygon","coordinates":[[[127.0977451,37.4011181],[127.0976392,37.4010637],[127.0977245,37.4009591],[127.0978303,37.4010136],[127.0977451,37.4011181]]]},"properties":{"sources":[{"property":"","dataset":"OpenStreetMap","license":"ODbL-1.0","record_id":"w987627999@3","update_time":"2025-01-12T00:47:47.000Z","confidence":null,"between":null,"provider":"osm","resource":"planet","version":"2026-08-02T00:00:00.000Z"}],"is_underground":false,"has_parts":false,"version":1}},
{"id":"fb14da62-54a5-4787-a4a0-2f7eb55c825e","type":"Feature","geometry":{"type":"Polygon","coordinates":[[[127.0980473,37.4008559],[127.0981342,37.4009006],[127.0980503,37.4010034],[127.0979634,37.4009587],[127.0980473,37.4008559]]]},"properties":{"sources":[{"property":"","dataset":"OpenStreetMap","license":"ODbL-1.0","record_id":"w987628006@3","update_time":"2025-01-12T00:47:47.000Z","confidence":null,"between":null,"provider":"osm","resource":"planet","version":"2026-08-02T00:00:00.000Z"}],"is_underground":false,"has_parts":false,"version":1}},
{"id":"e9f769d7-7aeb-40b3-96a3-bc8e031ecccf","type":"Feature","geometry":{"type":"Polygon","coordinates":[[[127.0979156,37.4007821],[127.0980092,37.4008303],[127.0979199,37.4009399],[127.0978262,37.4008917],[127.0979156,37.4007821]]]},"properties":{"sources":[{"property":"","dataset":"OpenStreetMap","license":"ODbL-1.0","record_id":"w987628005@3","update_time":"2025-01-12T00:47:47.000Z","confidence":null,"between":null,"provider":"osm","resource":"planet","version":"2026-08-02T00:00:00.000Z"}],"is_underground":false,"has_parts":false,"version":1}},
{"id":"7e2ca0c4-5b6d-4f7b-aedc-bfd6d4873f2b","type":"Feature","geometry":{"type":"Polygon","coordinates":[[[127.0978749,37.4007691],[127.0977907,37.4008723],[127.0976963,37.4008238],[127.0977805,37.4007205],[127.0978749,37.4007691]]]},"properties":{"sources":[{"property":"","dataset":"OpenStreetMap","license":"ODbL-1.0","record_id":"w987628004@3","update_time":"2025-01-12T00:47:47.000Z","confidence":null,"between":null,"provider":"osm","resource":"planet","version":"2026-08-02T00:00:00.000Z"}],"is_underground":false,"has_parts":false,"version":1}},
{"id":"8de4a1d5-5e79-4178-aeb1-d65dff717efa","type":"Feature","geometry":{"type":"Polygon","coordinates":[[[127.0973126,37.401942],[127.0972189,37.4018951],[127.0973237,37.4017629],[127.0973924,37.4017973],[127.0973939,37.4018394],[127.0973126,37.401942]]]},"properties":{"sources":[{"property":"","dataset":"OpenStreetMap","license":"ODbL-1.0","record_id":"w987627965@3","update_time":"2025-01-12T00:47:47.000Z","confidence":null,"between":null,"provider":"osm","resource":"planet","version":"2026-08-02T00:00:00.000Z"}],"is_underground":false,"has_parts":false,"version":1}},
{"id":"4241b211-184d-4c0a-9998-a7733f1b0ae3","type":"Feature","geometry":{"type":"Polygon","coordinates":[[[127.0971519,37.4020541],[127.0970736,37.4020149],[127.0971624,37.4019029],[127.0972908,37.4019671],[127.0972131,37.4020438],[127.0971519,37.4020541]]]},"properties":{"sources":[{"property":"","dataset":"OpenStreetMap","license":"ODbL-1.0","record_id":"w987627961@3","update_time":"2025-01-12T00:47:47.000Z","confidence":null,"between":null,"provider":"osm","resource":"planet","version":"2026-08-02T00:00:00.000Z"}],"is_underground":false,"has_parts":false,"version":1}},
{"id":"5d202bbb-5f57-440d-99a6-1d0936a1c131","type":"Feature","geometry":{"type":"Polygon","coordinates":[[[127.0972758,37.4017665],[127.0971862,37.4018794],[127.097106,37.4018392],[127.0971956,37.4017263],[127.0972758,37.4017665]]]},"properties":{"sources":[{"property":"","dataset":"OpenStreetMap","license":"ODbL-1.0","record_id":"w987627964@3","update_time":"2025-01-12T00:47:47.000Z","confidence":null,"between":null,"provider":"osm","resource":"planet","version":"2026-08-02T00:00:00.000Z"}],"is_underground":false,"has_parts":false,"version":1}},
{"id":"91182021-ea5e-4798-93f7-0d5e228b7b79","type":"Feature","geometry":{"type":"Polygon","coordinates":[[[127.0969149,37.4019325],[127.0968056,37.4018778],[127.0968965,37.4017631],[127.096949,37.4017894],[127.096938,37.4018033],[127.0969948,37.4018318],[127.0969149,37.4019325]]]},"properties":{"sources":[{"property":"","dataset":"OpenStreetMap","license":"ODbL-1.0","record_id":"w987627960@3","update_time":"2025-01-12T00:47:47.000Z","confidence":null,"between":null,"provider":"osm","resource":"planet","version":"2026-08-02T00:00:00.000Z"}],"is_underground":false,"has_parts":false,"version":1}},
{"id":"0944ddd0-6038-4c28-a22f-2f1c0791f960","type":"Feature","geometry":{"type":"Polygon","coordinates":[[[127.0968614,37.4021787],[127.0967773,37.4021367],[127.0968773,37.4020107],[127.0969613,37.4020527],[127.0968614,37.4021787]]]},"properties":{"sources":[{"property":"","dataset":"OpenStreetMap","license":"ODbL-1.0","record_id":"w987627932@3","update_time":"2025-01-12T00:47:47.000Z","confidence":null,"between":null,"provider":"osm","resource":"planet","version":"2026-08-02T00:00:00.000Z"}],"is_underground":false,"has_parts":false,"version":1}},
{"id":"07e4488e-8d51-416e-8113-c5b14c941920","type":"Feature","geometry":{"type":"Polygon","coordinates":[[[127.0970914,37.4021294],[127.0969684,37.4022392],[127.0969123,37.4021996],[127.0969738,37.4021446],[127.0969512,37.4021286],[127.0970126,37.4020738],[127.0970914,37.4021294]]]},"properties":{"sources":[{"property":"","dataset":"OpenStreetMap","license":"ODbL-1.0","record_id":"w987627930@3","update_time":"2025-01-12T00:47:47.000Z","confidence":null,"between":null,"provider":"osm","resource":"planet","version":"2026-08-02T00:00:00.000Z"}],"is_underground":false,"has_parts":false,"version":1}},
{"id":"ce1d78e4-cef0-4305-bc03-bc96b1b145f4","type":"Feature","geometry":{"type":"Polygon","coordinates":[[[127.0976997,37.4045908],[127.0974148,37.404817799999996],[127.0973827,37.404783],[127.0973032,37.404836],[127.0972888,37.404754],[127.0972878,37.4047115],[127.0972679,37.4047082],[127.0972843,37.404649],[127.0972711,37.4046354],[127.0972903,37.4046263],[127.0973032,37.4045962],[127.0973314,37.4045362],[127.0973143,37.404522299999996],[127.0973372,37.4044845],[127.0973688,37.4044364],[127.0974006,37.404402],[127.097433,37.4043728],[127.0974833,37.4044287],[127.0974945,37.4044253],[127.0975654,37.404478],[127.0975915,37.4044633],[127.0976455,37.4045242],[127.0976296,37.4045345],[127.0976997,37.4045908]]]},"properties":{"names":{"primary":"CrucialTec","common":[["ko","CrucialTec"]],"rules":null},"sources":[{"property":"","dataset":"OpenStreetMap","license":"ODbL-1.0","record_id":"w684715305@3","update_time":"2025-02-14T12:56:39.000Z","confidence":null,"between":null,"provider":"osm","resource":"planet","version":"2026-08-02T00:00:00.000Z"}],"height":40.0,"is_underground":false,"num_floors":10,"subtype":"commercial","class":"office","has_parts":false,"version":1}},
{"id":"91171d61-9634-4211-8aed-46ec09588c0d","type":"Feature","geometry":{"type":"Polygon","coordinates":[[[127.0977609,37.4043597],[127.0977029,37.404395],[127.0975297,37.404204],[127.097574,37.404161],[127.0975575,37.404143],[127.0976386,37.4040798],[127.0977141,37.4040344],[127.0979329,37.4042792],[127.0977732,37.4043727],[127.0977609,37.4043597]]]},"properties":{"names":{"primary":"ICONIX판교사옥","common":[["ja","ICONIX板橋社屋"]],"rules":null},"sources":[{"property":"","dataset":"OpenStreetMap","license":"ODbL-1.0","record_id":"w684715304@4","update_time":"2026-04-20T13:30:44.000Z","confidence":null,"between":null,"provider":"osm","resource":"planet","version":"2026-08-02T00:00:00.000Z"}],"height":43.0,"is_underground":false,"num_floors":10,"subtype":"commercial","class":"office","has_parts":false,"version":2}},
{"id":"22b29e7d-dc25-461f-8f9d-4ba8592014f4","type":"Feature","geometry":{"type":"Polygon","coordinates":[[[127.0983784,37.40393],[127.0980482,37.40412],[127.0978069,37.403851],[127.0981374,37.4036649],[127.0983784,37.40393]]]},"properties":{"names":{"primary":"유비쿼스","common":[["ja","ユビクォース"]],"rules":null},"sources":[{"property":"","dataset":"OpenStreetMap","license":"ODbL-1.0","record_id":"w684706926@3","update_time":"2020-09-16T23:36:26.000Z","confidence":null,"between":null,"provider":"osm","resource":"planet","version":"2026-08-02T00:00:00.000Z"}],"height":32.0,"is_underground":false,"num_floors":8,"subtype":"commercial","class":"office","has_parts":false,"version":1}}]}